[2024-08-11 11:50:09] production.ERROR: syntax error, unexpected ')' {"exception":"[object] (Symfony\\Component\\Debug\\Exception\\FatalThrowableError(code: 0): syntax error, unexpected ')' at C:\\laragon\\www\\vipclub\\app\\Http\\Controllers\\MessagesController.php:531)
[stacktrace]
#0 C:\\laragon\\www\\vipclub\\vendor\\composer\\ClassLoader.php(428): Composer\\Autoload\\includeFile('C:\\\\laragon\\\\www\\\\...')
#1 [internal function]: Composer\\Autoload\\ClassLoader->loadClass('App\\\\Http\\\\Contro...')
#2 [internal function]: spl_autoload_call('App\\\\Http\\\\Contro...')
#3 C:\\laragon\\www\\vipclub\\vendor\\laravel\\framework\\src\\Illuminate\\Container\\Container.php(803): ReflectionClass->__construct('App\\\\Http\\\\Contro...')
#4 C:\\laragon\\www\\vipclub\\vendor\\laravel\\framework\\src\\Illuminate\\Container\\Container.php(681): Illuminate\\Container\\Container->build('App\\\\Http\\\\Contro...')
#5 C:\\laragon\\www\\vipclub\\vendor\\laravel\\framework\\src\\Illuminate\\Foundation\\Application.php(785): Illuminate\\Container\\Container->resolve('App\\\\Http\\\\Contro...', Array, true)
#6 C:\\laragon\\www\\vipclub\\vendor\\laravel\\framework\\src\\Illuminate\\Container\\Container.php(629): Illuminate\\Foundation\\Application->resolve('App\\\\Http\\\\Contro...', Array)
#7 C:\\laragon\\www\\vipclub\\vendor\\laravel\\framework\\src\\Illuminate\\Foundation\\Application.php(770): Illuminate\\Container\\Container->make('App\\\\Http\\\\Contro...', Array)
#8 C:\\laragon\\www\\vipclub\\vendor\\laravel\\framework\\src\\Illuminate\\Routing\\Route.php(233): Illuminate\\Foundation\\Application->make('App\\\\Http\\\\Contro...')
#9 C:\\laragon\\www\\vipclub\\vendor\\laravel\\framework\\src\\Illuminate\\Routing\\Route.php(833): Illuminate\\Routing\\Route->getController()
#10 C:\\laragon\\www\\vipclub\\vendor\\laravel\\framework\\src\\Illuminate\\Routing\\Route.php(794): Illuminate\\Routing\\Route->controllerMiddleware()
#11 C:\\laragon\\www\\vipclub\\vendor\\laravel\\framework\\src\\Illuminate\\Routing\\Router.php(699): Illuminate\\Routing\\Route->gatherMiddleware()
#12 C:\\laragon\\www\\vipclub\\vendor\\laravel\\framework\\src\\Illuminate\\Routing\\Router.php(679): Illuminate\\Routing\\Router->gatherRouteMiddleware(Object(Illuminate\\Routing\\Route))
#13 C:\\laragon\\www\\vipclub\\vendor\\laravel\\framework\\src\\Illuminate\\Routing\\Router.php(663): Illuminate\\Routing\\Router->runRouteWithinStack(Object(Illuminate\\Routing\\Route), Object(Illuminate\\Http\\Request))
#14 C:\\laragon\\www\\vipclub\\vendor\\laravel\\framework\\src\\Illuminate\\Routing\\Router.php(629): Illuminate\\Routing\\Router->runRoute(Object(Illuminate\\Http\\Request), Object(Illuminate\\Routing\\Route))
#15 C:\\laragon\\www\\vipclub\\vendor\\laravel\\framework\\src\\Illuminate\\Routing\\Router.php(618): Illuminate\\Routing\\Router->dispatchToRoute(Object(Illuminate\\Http\\Request))
#16 C:\\laragon\\www\\vipclub\\vendor\\laravel\\framework\\src\\Illuminate\\Foundation\\Http\\Kernel.php(172): Illuminate\\Routing\\Router->dispatch(Object(Illuminate\\Http\\Request))
#17 C:\\laragon\\www\\vipclub\\vendor\\laravel\\framework\\src\\Illuminate\\Pipeline\\Pipeline.php(130): Illuminate\\Foundation\\Http\\Kernel->Illuminate\\Foundation\\Http\\{closure}(Object(Illuminate\\Http\\Request))
#18 C:\\laragon\\www\\vipclub\\vendor\\fideloper\\proxy\\src\\TrustProxies.php(57): Illuminate\\Pipeline\\Pipeline->Illuminate\\Pipeline\\{closure}(Object(Illuminate\\Http\\Request))
#19 C:\\laragon\\www\\vipclub\\vendor\\laravel\\framework\\src\\Illuminate\\Pipeline\\Pipeline.php(171): Fideloper\\Proxy\\TrustProxies->handle(Object(Illuminate\\Http\\Request), Object(Closure))
#20 C:\\laragon\\www\\vipclub\\vendor\\laravel\\framework\\src\\Illuminate\\Foundation\\Http\\Middleware\\TransformsRequest.php(21): Illuminate\\Pipeline\\Pipeline->Illuminate\\Pipeline\\{closure}(Object(Illuminate\\Http\\Request))
#21 C:\\laragon\\www\\vipclub\\vendor\\laravel\\framework\\src\\Illuminate\\Pipeline\\Pipeline.php(171): Illuminate\\Foundation\\Http\\Middleware\\TransformsRequest->handle(Object(Illuminate\\Http\\Request), Object(Closure))
#22 C:\\laragon\\www\\vipclub\\vendor\\laravel\\framework\\src\\Illuminate\\Foundation\\Http\\Middleware\\TransformsRequest.php(21): Illuminate\\Pipeline\\Pipeline->Illuminate\\Pipeline\\{closure}(Object(Illuminate\\Http\\Request))
#23 C:\\laragon\\www\\vipclub\\vendor\\laravel\\framework\\src\\Illuminate\\Pipeline\\Pipeline.php(171): Illuminate\\Foundation\\Http\\Middleware\\TransformsRequest->handle(Object(Illuminate\\Http\\Request), Object(Closure))
#24 C:\\laragon\\www\\vipclub\\vendor\\laravel\\framework\\src\\Illuminate\\Foundation\\Http\\Middleware\\ValidatePostSize.php(27): Illuminate\\Pipeline\\Pipeline->Illuminate\\Pipeline\\{closure}(Object(Illuminate\\Http\\Request))
#25 C:\\laragon\\www\\vipclub\\vendor\\laravel\\framework\\src\\Illuminate\\Pipeline\\Pipeline.php(171): Illuminate\\Foundation\\Http\\Middleware\\ValidatePostSize->handle(Object(Illuminate\\Http\\Request), Object(Closure))
#26 C:\\laragon\\www\\vipclub\\vendor\\laravel\\framework\\src\\Illuminate\\Foundation\\Http\\Middleware\\CheckForMaintenanceMode.php(63): Illuminate\\Pipeline\\Pipeline->Illuminate\\Pipeline\\{closure}(Object(Illuminate\\Http\\Request))
#27 C:\\laragon\\www\\vipclub\\vendor\\laravel\\framework\\src\\Illuminate\\Pipeline\\Pipeline.php(171): Illuminate\\Foundation\\Http\\Middleware\\CheckForMaintenanceMode->handle(Object(Illuminate\\Http\\Request), Object(Closure))
#28 C:\\laragon\\www\\vipclub\\vendor\\laravel\\framework\\src\\Illuminate\\Pipeline\\Pipeline.php(105): Illuminate\\Pipeline\\Pipeline->Illuminate\\Pipeline\\{closure}(Object(Illuminate\\Http\\Request))
#29 C:\\laragon\\www\\vipclub\\vendor\\laravel\\framework\\src\\Illuminate\\Foundation\\Http\\Kernel.php(147): Illuminate\\Pipeline\\Pipeline->then(Object(Closure))
#30 C:\\laragon\\www\\vipclub\\vendor\\laravel\\framework\\src\\Illuminate\\Foundation\\Http\\Kernel.php(112): Illuminate\\Foundation\\Http\\Kernel->sendRequestThroughRouter(Object(Illuminate\\Http\\Request))
#31 C:\\laragon\\www\\vipclub\\index.php(52): Illuminate\\Foundation\\Http\\Kernel->handle(Object(Illuminate\\Http\\Request))
#32 {main}
"} 
[2024-08-11 11:57:54] production.ERROR: Error executing "CreateChannel" on "https://ivs.us-west-2.amazonaws.com/CreateChannel"; AWS HTTP error: Client error: `POST https://ivs.us-west-2.amazonaws.com/CreateChannel` resulted in a `400 Bad Request` response:
{
  "Code" : "ValidationException",
  "Message" : "Request member: recordingConfiguration failed to satisfy the constrai (truncated...)
 ValidationException (client): Request member: recordingConfiguration failed to satisfy the constraints: Recording configurations with CUSTOM rendition selection cannot be attached to BASIC channels - {
  "Code" : "ValidationException",
  "Message" : "Request member: recordingConfiguration failed to satisfy the constraints: Recording configurations with CUSTOM rendition selection cannot be attached to BASIC channels",
  "RequestID" : "cW5z5EI-vHcEPQw="
} {"userId":122,"exception":"[object] (Aws\\IVS\\Exception\\IVSException(code: 0): Error executing \"CreateChannel\" on \"https://ivs.us-west-2.amazonaws.com/CreateChannel\"; AWS HTTP error: Client error: `POST https://ivs.us-west-2.amazonaws.com/CreateChannel` resulted in a `400 Bad Request` response:
{
  \"Code\" : \"ValidationException\",
  \"Message\" : \"Request member: recordingConfiguration failed to satisfy the constrai (truncated...)
 ValidationException (client): Request member: recordingConfiguration failed to satisfy the constraints: Recording configurations with CUSTOM rendition selection cannot be attached to BASIC channels - {
  \"Code\" : \"ValidationException\",
  \"Message\" : \"Request member: recordingConfiguration failed to satisfy the constraints: Recording configurations with CUSTOM rendition selection cannot be attached to BASIC channels\",
  \"RequestID\" : \"cW5z5EI-vHcEPQw=\"
} at C:\\laragon\\www\\vipclub\\vendor\\aws\\aws-sdk-php\\src\\WrappedHttpHandler.php:195)
[stacktrace]
#0 C:\\laragon\\www\\vipclub\\vendor\\aws\\aws-sdk-php\\src\\WrappedHttpHandler.php(100): Aws\\WrappedHttpHandler->parseError(Array, Object(GuzzleHttp\\Psr7\\Request), Object(Aws\\Command), Array)
#1 C:\\laragon\\www\\vipclub\\vendor\\guzzlehttp\\promises\\src\\Promise.php(204): Aws\\WrappedHttpHandler->Aws\\{closure}(Array)
#2 C:\\laragon\\www\\vipclub\\vendor\\guzzlehttp\\promises\\src\\Promise.php(169): GuzzleHttp\\Promise\\Promise::callHandler(2, Array, NULL)
#3 C:\\laragon\\www\\vipclub\\vendor\\guzzlehttp\\promises\\src\\RejectedPromise.php(42): GuzzleHttp\\Promise\\Promise::GuzzleHttp\\Promise\\{closure}(Array)
#4 C:\\laragon\\www\\vipclub\\vendor\\guzzlehttp\\promises\\src\\TaskQueue.php(48): GuzzleHttp\\Promise\\RejectedPromise::GuzzleHttp\\Promise\\{closure}()
#5 C:\\laragon\\www\\vipclub\\vendor\\guzzlehttp\\guzzle\\src\\Handler\\CurlMultiHandler.php(158): GuzzleHttp\\Promise\\TaskQueue->run()
#6 C:\\laragon\\www\\vipclub\\vendor\\guzzlehttp\\guzzle\\src\\Handler\\CurlMultiHandler.php(183): GuzzleHttp\\Handler\\CurlMultiHandler->tick()
#7 C:\\laragon\\www\\vipclub\\vendor\\guzzlehttp\\promises\\src\\Promise.php(248): GuzzleHttp\\Handler\\CurlMultiHandler->execute(true)
#8 C:\\laragon\\www\\vipclub\\vendor\\guzzlehttp\\promises\\src\\Promise.php(224): GuzzleHttp\\Promise\\Promise->invokeWaitFn()
#9 C:\\laragon\\www\\vipclub\\vendor\\guzzlehttp\\promises\\src\\Promise.php(269): GuzzleHttp\\Promise\\Promise->waitIfPending()
#10 C:\\laragon\\www\\vipclub\\vendor\\guzzlehttp\\promises\\src\\Promise.php(226): GuzzleHttp\\Promise\\Promise->invokeWaitList()
#11 C:\\laragon\\www\\vipclub\\vendor\\guzzlehttp\\promises\\src\\Promise.php(269): GuzzleHttp\\Promise\\Promise->waitIfPending()
#12 C:\\laragon\\www\\vipclub\\vendor\\guzzlehttp\\promises\\src\\Promise.php(226): GuzzleHttp\\Promise\\Promise->invokeWaitList()
#13 C:\\laragon\\www\\vipclub\\vendor\\guzzlehttp\\promises\\src\\Promise.php(62): GuzzleHttp\\Promise\\Promise->waitIfPending()
#14 C:\\laragon\\www\\vipclub\\vendor\\aws\\aws-sdk-php\\src\\AwsClientTrait.php(58): GuzzleHttp\\Promise\\Promise->wait()
#15 C:\\laragon\\www\\vipclub\\vendor\\aws\\aws-sdk-php\\src\\AwsClientTrait.php(86): Aws\\AwsClient->execute(Object(Aws\\Command))
#16 C:\\laragon\\www\\vipclub\\app\\Http\\Controllers\\IvsController.php(39): Aws\\AwsClient->__call('createChannel', Array)
#17 C:\\laragon\\www\\vipclub\\vendor\\laravel\\framework\\src\\Illuminate\\Routing\\Controller.php(54): App\\Http\\Controllers\\IvsController->getIvsConfig()
#18 C:\\laragon\\www\\vipclub\\vendor\\laravel\\framework\\src\\Illuminate\\Routing\\ControllerDispatcher.php(45): Illuminate\\Routing\\Controller->callAction('getIvsConfig', Array)
#19 C:\\laragon\\www\\vipclub\\vendor\\laravel\\framework\\src\\Illuminate\\Routing\\Route.php(219): Illuminate\\Routing\\ControllerDispatcher->dispatch(Object(Illuminate\\Routing\\Route), Object(App\\Http\\Controllers\\IvsController), 'getIvsConfig')
#20 C:\\laragon\\www\\vipclub\\vendor\\laravel\\framework\\src\\Illuminate\\Routing\\Route.php(176): Illuminate\\Routing\\Route->runController()
#21 C:\\laragon\\www\\vipclub\\vendor\\laravel\\framework\\src\\Illuminate\\Routing\\Router.php(686): Illuminate\\Routing\\Route->run()
#22 C:\\laragon\\www\\vipclub\\vendor\\laravel\\framework\\src\\Illuminate\\Pipeline\\Pipeline.php(130): Illuminate\\Routing\\Router->Illuminate\\Routing\\{closure}(Object(Illuminate\\Http\\Request))
#23 C:\\laragon\\www\\vipclub\\app\\Http\\Middleware\\UserLastAuthMiddleware.php(59): Illuminate\\Pipeline\\Pipeline->Illuminate\\Pipeline\\{closure}(Object(Illuminate\\Http\\Request))
#24 C:\\laragon\\www\\vipclub\\vendor\\laravel\\framework\\src\\Illuminate\\Pipeline\\Pipeline.php(171): App\\Http\\Middleware\\UserLastAuthMiddleware->handle(Object(Illuminate\\Http\\Request), Object(Closure))
#25 C:\\laragon\\www\\vipclub\\vendor\\uxweb\\sweet-alert\\src\\SweetAlert\\ConvertMessagesIntoSweetAlert.php(49): Illuminate\\Pipeline\\Pipeline->Illuminate\\Pipeline\\{closure}(Object(Illuminate\\Http\\Request))
#26 C:\\laragon\\www\\vipclub\\vendor\\laravel\\framework\\src\\Illuminate\\Pipeline\\Pipeline.php(171): UxWeb\\SweetAlert\\ConvertMessagesIntoSweetAlert->handle(Object(Illuminate\\Http\\Request), Object(Closure))
#27 C:\\laragon\\www\\vipclub\\vendor\\laravel\\framework\\src\\Illuminate\\Routing\\Middleware\\SubstituteBindings.php(41): Illuminate\\Pipeline\\Pipeline->Illuminate\\Pipeline\\{closure}(Object(Illuminate\\Http\\Request))
#28 C:\\laragon\\www\\vipclub\\vendor\\laravel\\framework\\src\\Illuminate\\Pipeline\\Pipeline.php(171): Illuminate\\Routing\\Middleware\\SubstituteBindings->handle(Object(Illuminate\\Http\\Request), Object(Closure))
#29 C:\\laragon\\www\\vipclub\\vendor\\laravel\\framework\\src\\Illuminate\\Foundation\\Http\\Middleware\\VerifyCsrfToken.php(77): Illuminate\\Pipeline\\Pipeline->Illuminate\\Pipeline\\{closure}(Object(Illuminate\\Http\\Request))
#30 C:\\laragon\\www\\vipclub\\vendor\\laravel\\framework\\src\\Illuminate\\Pipeline\\Pipeline.php(171): Illuminate\\Foundation\\Http\\Middleware\\VerifyCsrfToken->handle(Object(Illuminate\\Http\\Request), Object(Closure))
#31 C:\\laragon\\www\\vipclub\\vendor\\laravel\\framework\\src\\Illuminate\\View\\Middleware\\ShareErrorsFromSession.php(49): Illuminate\\Pipeline\\Pipeline->Illuminate\\Pipeline\\{closure}(Object(Illuminate\\Http\\Request))
#32 C:\\laragon\\www\\vipclub\\vendor\\laravel\\framework\\src\\Illuminate\\Pipeline\\Pipeline.php(171): Illuminate\\View\\Middleware\\ShareErrorsFromSession->handle(Object(Illuminate\\Http\\Request), Object(Closure))
#33 C:\\laragon\\www\\vipclub\\vendor\\laravel\\framework\\src\\Illuminate\\Session\\Middleware\\StartSession.php(56): Illuminate\\Pipeline\\Pipeline->Illuminate\\Pipeline\\{closure}(Object(Illuminate\\Http\\Request))
#34 C:\\laragon\\www\\vipclub\\vendor\\laravel\\framework\\src\\Illuminate\\Pipeline\\Pipeline.php(171): Illuminate\\Session\\Middleware\\StartSession->handle(Object(Illuminate\\Http\\Request), Object(Closure))
#35 C:\\laragon\\www\\vipclub\\vendor\\laravel\\framework\\src\\Illuminate\\Cookie\\Middleware\\AddQueuedCookiesToResponse.php(37): Illuminate\\Pipeline\\Pipeline->Illuminate\\Pipeline\\{closure}(Object(Illuminate\\Http\\Request))
#36 C:\\laragon\\www\\vipclub\\vendor\\laravel\\framework\\src\\Illuminate\\Pipeline\\Pipeline.php(171): Illuminate\\Cookie\\Middleware\\AddQueuedCookiesToResponse->handle(Object(Illuminate\\Http\\Request), Object(Closure))
#37 C:\\laragon\\www\\vipclub\\vendor\\laravel\\framework\\src\\Illuminate\\Cookie\\Middleware\\EncryptCookies.php(67): Illuminate\\Pipeline\\Pipeline->Illuminate\\Pipeline\\{closure}(Object(Illuminate\\Http\\Request))
#38 C:\\laragon\\www\\vipclub\\vendor\\laravel\\framework\\src\\Illuminate\\Pipeline\\Pipeline.php(171): Illuminate\\Cookie\\Middleware\\EncryptCookies->handle(Object(Illuminate\\Http\\Request), Object(Closure))
#39 C:\\laragon\\www\\vipclub\\vendor\\laravel\\framework\\src\\Illuminate\\Pipeline\\Pipeline.php(105): Illuminate\\Pipeline\\Pipeline->Illuminate\\Pipeline\\{closure}(Object(Illuminate\\Http\\Request))
#40 C:\\laragon\\www\\vipclub\\vendor\\laravel\\framework\\src\\Illuminate\\Routing\\Router.php(688): Illuminate\\Pipeline\\Pipeline->then(Object(Closure))
#41 C:\\laragon\\www\\vipclub\\vendor\\laravel\\framework\\src\\Illuminate\\Routing\\Router.php(663): Illuminate\\Routing\\Router->runRouteWithinStack(Object(Illuminate\\Routing\\Route), Object(Illuminate\\Http\\Request))
#42 C:\\laragon\\www\\vipclub\\vendor\\laravel\\framework\\src\\Illuminate\\Routing\\Router.php(629): Illuminate\\Routing\\Router->runRoute(Object(Illuminate\\Http\\Request), Object(Illuminate\\Routing\\Route))
#43 C:\\laragon\\www\\vipclub\\vendor\\laravel\\framework\\src\\Illuminate\\Routing\\Router.php(618): Illuminate\\Routing\\Router->dispatchToRoute(Object(Illuminate\\Http\\Request))
#44 C:\\laragon\\www\\vipclub\\vendor\\laravel\\framework\\src\\Illuminate\\Foundation\\Http\\Kernel.php(172): Illuminate\\Routing\\Router->dispatch(Object(Illuminate\\Http\\Request))
#45 C:\\laragon\\www\\vipclub\\vendor\\laravel\\framework\\src\\Illuminate\\Pipeline\\Pipeline.php(130): Illuminate\\Foundation\\Http\\Kernel->Illuminate\\Foundation\\Http\\{closure}(Object(Illuminate\\Http\\Request))
#46 C:\\laragon\\www\\vipclub\\vendor\\fideloper\\proxy\\src\\TrustProxies.php(57): Illuminate\\Pipeline\\Pipeline->Illuminate\\Pipeline\\{closure}(Object(Illuminate\\Http\\Request))
#47 C:\\laragon\\www\\vipclub\\vendor\\laravel\\framework\\src\\Illuminate\\Pipeline\\Pipeline.php(171): Fideloper\\Proxy\\TrustProxies->handle(Object(Illuminate\\Http\\Request), Object(Closure))
#48 C:\\laragon\\www\\vipclub\\vendor\\laravel\\framework\\src\\Illuminate\\Foundation\\Http\\Middleware\\TransformsRequest.php(21): Illuminate\\Pipeline\\Pipeline->Illuminate\\Pipeline\\{closure}(Object(Illuminate\\Http\\Request))
#49 C:\\laragon\\www\\vipclub\\vendor\\laravel\\framework\\src\\Illuminate\\Pipeline\\Pipeline.php(171): Illuminate\\Foundation\\Http\\Middleware\\TransformsRequest->handle(Object(Illuminate\\Http\\Request), Object(Closure))
#50 C:\\laragon\\www\\vipclub\\vendor\\laravel\\framework\\src\\Illuminate\\Foundation\\Http\\Middleware\\TransformsRequest.php(21): Illuminate\\Pipeline\\Pipeline->Illuminate\\Pipeline\\{closure}(Object(Illuminate\\Http\\Request))
#51 C:\\laragon\\www\\vipclub\\vendor\\laravel\\framework\\src\\Illuminate\\Pipeline\\Pipeline.php(171): Illuminate\\Foundation\\Http\\Middleware\\TransformsRequest->handle(Object(Illuminate\\Http\\Request), Object(Closure))
#52 C:\\laragon\\www\\vipclub\\vendor\\laravel\\framework\\src\\Illuminate\\Foundation\\Http\\Middleware\\ValidatePostSize.php(27): Illuminate\\Pipeline\\Pipeline->Illuminate\\Pipeline\\{closure}(Object(Illuminate\\Http\\Request))
#53 C:\\laragon\\www\\vipclub\\vendor\\laravel\\framework\\src\\Illuminate\\Pipeline\\Pipeline.php(171): Illuminate\\Foundation\\Http\\Middleware\\ValidatePostSize->handle(Object(Illuminate\\Http\\Request), Object(Closure))
#54 C:\\laragon\\www\\vipclub\\vendor\\laravel\\framework\\src\\Illuminate\\Foundation\\Http\\Middleware\\CheckForMaintenanceMode.php(63): Illuminate\\Pipeline\\Pipeline->Illuminate\\Pipeline\\{closure}(Object(Illuminate\\Http\\Request))
#55 C:\\laragon\\www\\vipclub\\vendor\\laravel\\framework\\src\\Illuminate\\Pipeline\\Pipeline.php(171): Illuminate\\Foundation\\Http\\Middleware\\CheckForMaintenanceMode->handle(Object(Illuminate\\Http\\Request), Object(Closure))
#56 C:\\laragon\\www\\vipclub\\vendor\\laravel\\framework\\src\\Illuminate\\Pipeline\\Pipeline.php(105): Illuminate\\Pipeline\\Pipeline->Illuminate\\Pipeline\\{closure}(Object(Illuminate\\Http\\Request))
#57 C:\\laragon\\www\\vipclub\\vendor\\laravel\\framework\\src\\Illuminate\\Foundation\\Http\\Kernel.php(147): Illuminate\\Pipeline\\Pipeline->then(Object(Closure))
#58 C:\\laragon\\www\\vipclub\\vendor\\laravel\\framework\\src\\Illuminate\\Foundation\\Http\\Kernel.php(112): Illuminate\\Foundation\\Http\\Kernel->sendRequestThroughRouter(Object(Illuminate\\Http\\Request))
#59 C:\\laragon\\www\\vipclub\\index.php(52): Illuminate\\Foundation\\Http\\Kernel->handle(Object(Illuminate\\Http\\Request))
#60 {main}

[previous exception] [object] (GuzzleHttp\\Exception\\ClientException(code: 400): Client error: `POST https://ivs.us-west-2.amazonaws.com/CreateChannel` resulted in a `400 Bad Request` response:
{
  \"Code\" : \"ValidationException\",
  \"Message\" : \"Request member: recordingConfiguration failed to satisfy the constrai (truncated...)
 at C:\\laragon\\www\\vipclub\\vendor\\guzzlehttp\\guzzle\\src\\Exception\\RequestException.php:113)
[stacktrace]
#0 C:\\laragon\\www\\vipclub\\vendor\\guzzlehttp\\guzzle\\src\\Middleware.php(69): GuzzleHttp\\Exception\\RequestException::create(Object(GuzzleHttp\\Psr7\\Request), Object(GuzzleHttp\\Psr7\\Response), NULL, Array, NULL)
#1 C:\\laragon\\www\\vipclub\\vendor\\guzzlehttp\\promises\\src\\Promise.php(204): GuzzleHttp\\Middleware::GuzzleHttp\\{closure}(Object(GuzzleHttp\\Psr7\\Response))
#2 C:\\laragon\\www\\vipclub\\vendor\\guzzlehttp\\promises\\src\\Promise.php(153): GuzzleHttp\\Promise\\Promise::callHandler(1, Object(GuzzleHttp\\Psr7\\Response), NULL)
#3 C:\\laragon\\www\\vipclub\\vendor\\guzzlehttp\\promises\\src\\TaskQueue.php(48): GuzzleHttp\\Promise\\Promise::GuzzleHttp\\Promise\\{closure}()
#4 C:\\laragon\\www\\vipclub\\vendor\\guzzlehttp\\guzzle\\src\\Handler\\CurlMultiHandler.php(158): GuzzleHttp\\Promise\\TaskQueue->run()
#5 C:\\laragon\\www\\vipclub\\vendor\\guzzlehttp\\guzzle\\src\\Handler\\CurlMultiHandler.php(183): GuzzleHttp\\Handler\\CurlMultiHandler->tick()
#6 C:\\laragon\\www\\vipclub\\vendor\\guzzlehttp\\promises\\src\\Promise.php(248): GuzzleHttp\\Handler\\CurlMultiHandler->execute(true)
#7 C:\\laragon\\www\\vipclub\\vendor\\guzzlehttp\\promises\\src\\Promise.php(224): GuzzleHttp\\Promise\\Promise->invokeWaitFn()
#8 C:\\laragon\\www\\vipclub\\vendor\\guzzlehttp\\promises\\src\\Promise.php(269): GuzzleHttp\\Promise\\Promise->waitIfPending()
#9 C:\\laragon\\www\\vipclub\\vendor\\guzzlehttp\\promises\\src\\Promise.php(226): GuzzleHttp\\Promise\\Promise->invokeWaitList()
#10 C:\\laragon\\www\\vipclub\\vendor\\guzzlehttp\\promises\\src\\Promise.php(269): GuzzleHttp\\Promise\\Promise->waitIfPending()
#11 C:\\laragon\\www\\vipclub\\vendor\\guzzlehttp\\promises\\src\\Promise.php(226): GuzzleHttp\\Promise\\Promise->invokeWaitList()
#12 C:\\laragon\\www\\vipclub\\vendor\\guzzlehttp\\promises\\src\\Promise.php(62): GuzzleHttp\\Promise\\Promise->waitIfPending()
#13 C:\\laragon\\www\\vipclub\\vendor\\aws\\aws-sdk-php\\src\\AwsClientTrait.php(58): GuzzleHttp\\Promise\\Promise->wait()
#14 C:\\laragon\\www\\vipclub\\vendor\\aws\\aws-sdk-php\\src\\AwsClientTrait.php(86): Aws\\AwsClient->execute(Object(Aws\\Command))
#15 C:\\laragon\\www\\vipclub\\app\\Http\\Controllers\\IvsController.php(39): Aws\\AwsClient->__call('createChannel', Array)
#16 C:\\laragon\\www\\vipclub\\vendor\\laravel\\framework\\src\\Illuminate\\Routing\\Controller.php(54): App\\Http\\Controllers\\IvsController->getIvsConfig()
#17 C:\\laragon\\www\\vipclub\\vendor\\laravel\\framework\\src\\Illuminate\\Routing\\ControllerDispatcher.php(45): Illuminate\\Routing\\Controller->callAction('getIvsConfig', Array)
#18 C:\\laragon\\www\\vipclub\\vendor\\laravel\\framework\\src\\Illuminate\\Routing\\Route.php(219): Illuminate\\Routing\\ControllerDispatcher->dispatch(Object(Illuminate\\Routing\\Route), Object(App\\Http\\Controllers\\IvsController), 'getIvsConfig')
#19 C:\\laragon\\www\\vipclub\\vendor\\laravel\\framework\\src\\Illuminate\\Routing\\Route.php(176): Illuminate\\Routing\\Route->runController()
#20 C:\\laragon\\www\\vipclub\\vendor\\laravel\\framework\\src\\Illuminate\\Routing\\Router.php(686): Illuminate\\Routing\\Route->run()
#21 C:\\laragon\\www\\vipclub\\vendor\\laravel\\framework\\src\\Illuminate\\Pipeline\\Pipeline.php(130): Illuminate\\Routing\\Router->Illuminate\\Routing\\{closure}(Object(Illuminate\\Http\\Request))
#22 C:\\laragon\\www\\vipclub\\app\\Http\\Middleware\\UserLastAuthMiddleware.php(59): Illuminate\\Pipeline\\Pipeline->Illuminate\\Pipeline\\{closure}(Object(Illuminate\\Http\\Request))
#23 C:\\laragon\\www\\vipclub\\vendor\\laravel\\framework\\src\\Illuminate\\Pipeline\\Pipeline.php(171): App\\Http\\Middleware\\UserLastAuthMiddleware->handle(Object(Illuminate\\Http\\Request), Object(Closure))
#24 C:\\laragon\\www\\vipclub\\vendor\\uxweb\\sweet-alert\\src\\SweetAlert\\ConvertMessagesIntoSweetAlert.php(49): Illuminate\\Pipeline\\Pipeline->Illuminate\\Pipeline\\{closure}(Object(Illuminate\\Http\\Request))
#25 C:\\laragon\\www\\vipclub\\vendor\\laravel\\framework\\src\\Illuminate\\Pipeline\\Pipeline.php(171): UxWeb\\SweetAlert\\ConvertMessagesIntoSweetAlert->handle(Object(Illuminate\\Http\\Request), Object(Closure))
#26 C:\\laragon\\www\\vipclub\\vendor\\laravel\\framework\\src\\Illuminate\\Routing\\Middleware\\SubstituteBindings.php(41): Illuminate\\Pipeline\\Pipeline->Illuminate\\Pipeline\\{closure}(Object(Illuminate\\Http\\Request))
#27 C:\\laragon\\www\\vipclub\\vendor\\laravel\\framework\\src\\Illuminate\\Pipeline\\Pipeline.php(171): Illuminate\\Routing\\Middleware\\SubstituteBindings->handle(Object(Illuminate\\Http\\Request), Object(Closure))
#28 C:\\laragon\\www\\vipclub\\vendor\\laravel\\framework\\src\\Illuminate\\Foundation\\Http\\Middleware\\VerifyCsrfToken.php(77): Illuminate\\Pipeline\\Pipeline->Illuminate\\Pipeline\\{closure}(Object(Illuminate\\Http\\Request))
#29 C:\\laragon\\www\\vipclub\\vendor\\laravel\\framework\\src\\Illuminate\\Pipeline\\Pipeline.php(171): Illuminate\\Foundation\\Http\\Middleware\\VerifyCsrfToken->handle(Object(Illuminate\\Http\\Request), Object(Closure))
#30 C:\\laragon\\www\\vipclub\\vendor\\laravel\\framework\\src\\Illuminate\\View\\Middleware\\ShareErrorsFromSession.php(49): Illuminate\\Pipeline\\Pipeline->Illuminate\\Pipeline\\{closure}(Object(Illuminate\\Http\\Request))
#31 C:\\laragon\\www\\vipclub\\vendor\\laravel\\framework\\src\\Illuminate\\Pipeline\\Pipeline.php(171): Illuminate\\View\\Middleware\\ShareErrorsFromSession->handle(Object(Illuminate\\Http\\Request), Object(Closure))
#32 C:\\laragon\\www\\vipclub\\vendor\\laravel\\framework\\src\\Illuminate\\Session\\Middleware\\StartSession.php(56): Illuminate\\Pipeline\\Pipeline->Illuminate\\Pipeline\\{closure}(Object(Illuminate\\Http\\Request))
#33 C:\\laragon\\www\\vipclub\\vendor\\laravel\\framework\\src\\Illuminate\\Pipeline\\Pipeline.php(171): Illuminate\\Session\\Middleware\\StartSession->handle(Object(Illuminate\\Http\\Request), Object(Closure))
#34 C:\\laragon\\www\\vipclub\\vendor\\laravel\\framework\\src\\Illuminate\\Cookie\\Middleware\\AddQueuedCookiesToResponse.php(37): Illuminate\\Pipeline\\Pipeline->Illuminate\\Pipeline\\{closure}(Object(Illuminate\\Http\\Request))
#35 C:\\laragon\\www\\vipclub\\vendor\\laravel\\framework\\src\\Illuminate\\Pipeline\\Pipeline.php(171): Illuminate\\Cookie\\Middleware\\AddQueuedCookiesToResponse->handle(Object(Illuminate\\Http\\Request), Object(Closure))
#36 C:\\laragon\\www\\vipclub\\vendor\\laravel\\framework\\src\\Illuminate\\Cookie\\Middleware\\EncryptCookies.php(67): Illuminate\\Pipeline\\Pipeline->Illuminate\\Pipeline\\{closure}(Object(Illuminate\\Http\\Request))
#37 C:\\laragon\\www\\vipclub\\vendor\\laravel\\framework\\src\\Illuminate\\Pipeline\\Pipeline.php(171): Illuminate\\Cookie\\Middleware\\EncryptCookies->handle(Object(Illuminate\\Http\\Request), Object(Closure))
#38 C:\\laragon\\www\\vipclub\\vendor\\laravel\\framework\\src\\Illuminate\\Pipeline\\Pipeline.php(105): Illuminate\\Pipeline\\Pipeline->Illuminate\\Pipeline\\{closure}(Object(Illuminate\\Http\\Request))
#39 C:\\laragon\\www\\vipclub\\vendor\\laravel\\framework\\src\\Illuminate\\Routing\\Router.php(688): Illuminate\\Pipeline\\Pipeline->then(Object(Closure))
#40 C:\\laragon\\www\\vipclub\\vendor\\laravel\\framework\\src\\Illuminate\\Routing\\Router.php(663): Illuminate\\Routing\\Router->runRouteWithinStack(Object(Illuminate\\Routing\\Route), Object(Illuminate\\Http\\Request))
#41 C:\\laragon\\www\\vipclub\\vendor\\laravel\\framework\\src\\Illuminate\\Routing\\Router.php(629): Illuminate\\Routing\\Router->runRoute(Object(Illuminate\\Http\\Request), Object(Illuminate\\Routing\\Route))
#42 C:\\laragon\\www\\vipclub\\vendor\\laravel\\framework\\src\\Illuminate\\Routing\\Router.php(618): Illuminate\\Routing\\Router->dispatchToRoute(Object(Illuminate\\Http\\Request))
#43 C:\\laragon\\www\\vipclub\\vendor\\laravel\\framework\\src\\Illuminate\\Foundation\\Http\\Kernel.php(172): Illuminate\\Routing\\Router->dispatch(Object(Illuminate\\Http\\Request))
#44 C:\\laragon\\www\\vipclub\\vendor\\laravel\\framework\\src\\Illuminate\\Pipeline\\Pipeline.php(130): Illuminate\\Foundation\\Http\\Kernel->Illuminate\\Foundation\\Http\\{closure}(Object(Illuminate\\Http\\Request))
#45 C:\\laragon\\www\\vipclub\\vendor\\fideloper\\proxy\\src\\TrustProxies.php(57): Illuminate\\Pipeline\\Pipeline->Illuminate\\Pipeline\\{closure}(Object(Illuminate\\Http\\Request))
#46 C:\\laragon\\www\\vipclub\\vendor\\laravel\\framework\\src\\Illuminate\\Pipeline\\Pipeline.php(171): Fideloper\\Proxy\\TrustProxies->handle(Object(Illuminate\\Http\\Request), Object(Closure))
#47 C:\\laragon\\www\\vipclub\\vendor\\laravel\\framework\\src\\Illuminate\\Foundation\\Http\\Middleware\\TransformsRequest.php(21): Illuminate\\Pipeline\\Pipeline->Illuminate\\Pipeline\\{closure}(Object(Illuminate\\Http\\Request))
#48 C:\\laragon\\www\\vipclub\\vendor\\laravel\\framework\\src\\Illuminate\\Pipeline\\Pipeline.php(171): Illuminate\\Foundation\\Http\\Middleware\\TransformsRequest->handle(Object(Illuminate\\Http\\Request), Object(Closure))
#49 C:\\laragon\\www\\vipclub\\vendor\\laravel\\framework\\src\\Illuminate\\Foundation\\Http\\Middleware\\TransformsRequest.php(21): Illuminate\\Pipeline\\Pipeline->Illuminate\\Pipeline\\{closure}(Object(Illuminate\\Http\\Request))
#50 C:\\laragon\\www\\vipclub\\vendor\\laravel\\framework\\src\\Illuminate\\Pipeline\\Pipeline.php(171): Illuminate\\Foundation\\Http\\Middleware\\TransformsRequest->handle(Object(Illuminate\\Http\\Request), Object(Closure))
#51 C:\\laragon\\www\\vipclub\\vendor\\laravel\\framework\\src\\Illuminate\\Foundation\\Http\\Middleware\\ValidatePostSize.php(27): Illuminate\\Pipeline\\Pipeline->Illuminate\\Pipeline\\{closure}(Object(Illuminate\\Http\\Request))
#52 C:\\laragon\\www\\vipclub\\vendor\\laravel\\framework\\src\\Illuminate\\Pipeline\\Pipeline.php(171): Illuminate\\Foundation\\Http\\Middleware\\ValidatePostSize->handle(Object(Illuminate\\Http\\Request), Object(Closure))
#53 C:\\laragon\\www\\vipclub\\vendor\\laravel\\framework\\src\\Illuminate\\Foundation\\Http\\Middleware\\CheckForMaintenanceMode.php(63): Illuminate\\Pipeline\\Pipeline->Illuminate\\Pipeline\\{closure}(Object(Illuminate\\Http\\Request))
#54 C:\\laragon\\www\\vipclub\\vendor\\laravel\\framework\\src\\Illuminate\\Pipeline\\Pipeline.php(171): Illuminate\\Foundation\\Http\\Middleware\\CheckForMaintenanceMode->handle(Object(Illuminate\\Http\\Request), Object(Closure))
#55 C:\\laragon\\www\\vipclub\\vendor\\laravel\\framework\\src\\Illuminate\\Pipeline\\Pipeline.php(105): Illuminate\\Pipeline\\Pipeline->Illuminate\\Pipeline\\{closure}(Object(Illuminate\\Http\\Request))
#56 C:\\laragon\\www\\vipclub\\vendor\\laravel\\framework\\src\\Illuminate\\Foundation\\Http\\Kernel.php(147): Illuminate\\Pipeline\\Pipeline->then(Object(Closure))
#57 C:\\laragon\\www\\vipclub\\vendor\\laravel\\framework\\src\\Illuminate\\Foundation\\Http\\Kernel.php(112): Illuminate\\Foundation\\Http\\Kernel->sendRequestThroughRouter(Object(Illuminate\\Http\\Request))
#58 C:\\laragon\\www\\vipclub\\index.php(52): Illuminate\\Foundation\\Http\\Kernel->handle(Object(Illuminate\\Http\\Request))
#59 {main}
"} 
[2024-08-11 11:59:17] production.ERROR: Error executing "CreateChannel" on "https://ivs.us-west-2.amazonaws.com/CreateChannel"; AWS HTTP error: Client error: `POST https://ivs.us-west-2.amazonaws.com/CreateChannel` resulted in a `400 Bad Request` response:
{
  "Code" : "ValidationException",
  "Message" : "Request member: recordingConfiguration failed to satisfy the constrai (truncated...)
 ValidationException (client): Request member: recordingConfiguration failed to satisfy the constraints: Recording configurations with CUSTOM rendition selection cannot be attached to BASIC channels - {
  "Code" : "ValidationException",
  "Message" : "Request member: recordingConfiguration failed to satisfy the constraints: Recording configurations with CUSTOM rendition selection cannot be attached to BASIC channels",
  "RequestID" : "cW6A-E6DvHcETUg="
} {"userId":122,"exception":"[object] (Aws\\IVS\\Exception\\IVSException(code: 0): Error executing \"CreateChannel\" on \"https://ivs.us-west-2.amazonaws.com/CreateChannel\"; AWS HTTP error: Client error: `POST https://ivs.us-west-2.amazonaws.com/CreateChannel` resulted in a `400 Bad Request` response:
{
  \"Code\" : \"ValidationException\",
  \"Message\" : \"Request member: recordingConfiguration failed to satisfy the constrai (truncated...)
 ValidationException (client): Request member: recordingConfiguration failed to satisfy the constraints: Recording configurations with CUSTOM rendition selection cannot be attached to BASIC channels - {
  \"Code\" : \"ValidationException\",
  \"Message\" : \"Request member: recordingConfiguration failed to satisfy the constraints: Recording configurations with CUSTOM rendition selection cannot be attached to BASIC channels\",
  \"RequestID\" : \"cW6A-E6DvHcETUg=\"
} at C:\\laragon\\www\\vipclub\\vendor\\aws\\aws-sdk-php\\src\\WrappedHttpHandler.php:195)
[stacktrace]
#0 C:\\laragon\\www\\vipclub\\vendor\\aws\\aws-sdk-php\\src\\WrappedHttpHandler.php(100): Aws\\WrappedHttpHandler->parseError(Array, Object(GuzzleHttp\\Psr7\\Request), Object(Aws\\Command), Array)
#1 C:\\laragon\\www\\vipclub\\vendor\\guzzlehttp\\promises\\src\\Promise.php(204): Aws\\WrappedHttpHandler->Aws\\{closure}(Array)
#2 C:\\laragon\\www\\vipclub\\vendor\\guzzlehttp\\promises\\src\\Promise.php(169): GuzzleHttp\\Promise\\Promise::callHandler(2, Array, NULL)
#3 C:\\laragon\\www\\vipclub\\vendor\\guzzlehttp\\promises\\src\\RejectedPromise.php(42): GuzzleHttp\\Promise\\Promise::GuzzleHttp\\Promise\\{closure}(Array)
#4 C:\\laragon\\www\\vipclub\\vendor\\guzzlehttp\\promises\\src\\TaskQueue.php(48): GuzzleHttp\\Promise\\RejectedPromise::GuzzleHttp\\Promise\\{closure}()
#5 C:\\laragon\\www\\vipclub\\vendor\\guzzlehttp\\guzzle\\src\\Handler\\CurlMultiHandler.php(158): GuzzleHttp\\Promise\\TaskQueue->run()
#6 C:\\laragon\\www\\vipclub\\vendor\\guzzlehttp\\guzzle\\src\\Handler\\CurlMultiHandler.php(183): GuzzleHttp\\Handler\\CurlMultiHandler->tick()
#7 C:\\laragon\\www\\vipclub\\vendor\\guzzlehttp\\promises\\src\\Promise.php(248): GuzzleHttp\\Handler\\CurlMultiHandler->execute(true)
#8 C:\\laragon\\www\\vipclub\\vendor\\guzzlehttp\\promises\\src\\Promise.php(224): GuzzleHttp\\Promise\\Promise->invokeWaitFn()
#9 C:\\laragon\\www\\vipclub\\vendor\\guzzlehttp\\promises\\src\\Promise.php(269): GuzzleHttp\\Promise\\Promise->waitIfPending()
#10 C:\\laragon\\www\\vipclub\\vendor\\guzzlehttp\\promises\\src\\Promise.php(226): GuzzleHttp\\Promise\\Promise->invokeWaitList()
#11 C:\\laragon\\www\\vipclub\\vendor\\guzzlehttp\\promises\\src\\Promise.php(269): GuzzleHttp\\Promise\\Promise->waitIfPending()
#12 C:\\laragon\\www\\vipclub\\vendor\\guzzlehttp\\promises\\src\\Promise.php(226): GuzzleHttp\\Promise\\Promise->invokeWaitList()
#13 C:\\laragon\\www\\vipclub\\vendor\\guzzlehttp\\promises\\src\\Promise.php(62): GuzzleHttp\\Promise\\Promise->waitIfPending()
#14 C:\\laragon\\www\\vipclub\\vendor\\aws\\aws-sdk-php\\src\\AwsClientTrait.php(58): GuzzleHttp\\Promise\\Promise->wait()
#15 C:\\laragon\\www\\vipclub\\vendor\\aws\\aws-sdk-php\\src\\AwsClientTrait.php(86): Aws\\AwsClient->execute(Object(Aws\\Command))
#16 C:\\laragon\\www\\vipclub\\app\\Http\\Controllers\\IvsController.php(39): Aws\\AwsClient->__call('createChannel', Array)
#17 C:\\laragon\\www\\vipclub\\vendor\\laravel\\framework\\src\\Illuminate\\Routing\\Controller.php(54): App\\Http\\Controllers\\IvsController->getIvsConfig()
#18 C:\\laragon\\www\\vipclub\\vendor\\laravel\\framework\\src\\Illuminate\\Routing\\ControllerDispatcher.php(45): Illuminate\\Routing\\Controller->callAction('getIvsConfig', Array)
#19 C:\\laragon\\www\\vipclub\\vendor\\laravel\\framework\\src\\Illuminate\\Routing\\Route.php(219): Illuminate\\Routing\\ControllerDispatcher->dispatch(Object(Illuminate\\Routing\\Route), Object(App\\Http\\Controllers\\IvsController), 'getIvsConfig')
#20 C:\\laragon\\www\\vipclub\\vendor\\laravel\\framework\\src\\Illuminate\\Routing\\Route.php(176): Illuminate\\Routing\\Route->runController()
#21 C:\\laragon\\www\\vipclub\\vendor\\laravel\\framework\\src\\Illuminate\\Routing\\Router.php(686): Illuminate\\Routing\\Route->run()
#22 C:\\laragon\\www\\vipclub\\vendor\\laravel\\framework\\src\\Illuminate\\Pipeline\\Pipeline.php(130): Illuminate\\Routing\\Router->Illuminate\\Routing\\{closure}(Object(Illuminate\\Http\\Request))
#23 C:\\laragon\\www\\vipclub\\app\\Http\\Middleware\\UserLastAuthMiddleware.php(59): Illuminate\\Pipeline\\Pipeline->Illuminate\\Pipeline\\{closure}(Object(Illuminate\\Http\\Request))
#24 C:\\laragon\\www\\vipclub\\vendor\\laravel\\framework\\src\\Illuminate\\Pipeline\\Pipeline.php(171): App\\Http\\Middleware\\UserLastAuthMiddleware->handle(Object(Illuminate\\Http\\Request), Object(Closure))
#25 C:\\laragon\\www\\vipclub\\vendor\\uxweb\\sweet-alert\\src\\SweetAlert\\ConvertMessagesIntoSweetAlert.php(49): Illuminate\\Pipeline\\Pipeline->Illuminate\\Pipeline\\{closure}(Object(Illuminate\\Http\\Request))
#26 C:\\laragon\\www\\vipclub\\vendor\\laravel\\framework\\src\\Illuminate\\Pipeline\\Pipeline.php(171): UxWeb\\SweetAlert\\ConvertMessagesIntoSweetAlert->handle(Object(Illuminate\\Http\\Request), Object(Closure))
#27 C:\\laragon\\www\\vipclub\\vendor\\laravel\\framework\\src\\Illuminate\\Routing\\Middleware\\SubstituteBindings.php(41): Illuminate\\Pipeline\\Pipeline->Illuminate\\Pipeline\\{closure}(Object(Illuminate\\Http\\Request))
#28 C:\\laragon\\www\\vipclub\\vendor\\laravel\\framework\\src\\Illuminate\\Pipeline\\Pipeline.php(171): Illuminate\\Routing\\Middleware\\SubstituteBindings->handle(Object(Illuminate\\Http\\Request), Object(Closure))
#29 C:\\laragon\\www\\vipclub\\vendor\\laravel\\framework\\src\\Illuminate\\Foundation\\Http\\Middleware\\VerifyCsrfToken.php(77): Illuminate\\Pipeline\\Pipeline->Illuminate\\Pipeline\\{closure}(Object(Illuminate\\Http\\Request))
#30 C:\\laragon\\www\\vipclub\\vendor\\laravel\\framework\\src\\Illuminate\\Pipeline\\Pipeline.php(171): Illuminate\\Foundation\\Http\\Middleware\\VerifyCsrfToken->handle(Object(Illuminate\\Http\\Request), Object(Closure))
#31 C:\\laragon\\www\\vipclub\\vendor\\laravel\\framework\\src\\Illuminate\\View\\Middleware\\ShareErrorsFromSession.php(49): Illuminate\\Pipeline\\Pipeline->Illuminate\\Pipeline\\{closure}(Object(Illuminate\\Http\\Request))
#32 C:\\laragon\\www\\vipclub\\vendor\\laravel\\framework\\src\\Illuminate\\Pipeline\\Pipeline.php(171): Illuminate\\View\\Middleware\\ShareErrorsFromSession->handle(Object(Illuminate\\Http\\Request), Object(Closure))
#33 C:\\laragon\\www\\vipclub\\vendor\\laravel\\framework\\src\\Illuminate\\Session\\Middleware\\StartSession.php(56): Illuminate\\Pipeline\\Pipeline->Illuminate\\Pipeline\\{closure}(Object(Illuminate\\Http\\Request))
#34 C:\\laragon\\www\\vipclub\\vendor\\laravel\\framework\\src\\Illuminate\\Pipeline\\Pipeline.php(171): Illuminate\\Session\\Middleware\\StartSession->handle(Object(Illuminate\\Http\\Request), Object(Closure))
#35 C:\\laragon\\www\\vipclub\\vendor\\laravel\\framework\\src\\Illuminate\\Cookie\\Middleware\\AddQueuedCookiesToResponse.php(37): Illuminate\\Pipeline\\Pipeline->Illuminate\\Pipeline\\{closure}(Object(Illuminate\\Http\\Request))
#36 C:\\laragon\\www\\vipclub\\vendor\\laravel\\framework\\src\\Illuminate\\Pipeline\\Pipeline.php(171): Illuminate\\Cookie\\Middleware\\AddQueuedCookiesToResponse->handle(Object(Illuminate\\Http\\Request), Object(Closure))
#37 C:\\laragon\\www\\vipclub\\vendor\\laravel\\framework\\src\\Illuminate\\Cookie\\Middleware\\EncryptCookies.php(67): Illuminate\\Pipeline\\Pipeline->Illuminate\\Pipeline\\{closure}(Object(Illuminate\\Http\\Request))
#38 C:\\laragon\\www\\vipclub\\vendor\\laravel\\framework\\src\\Illuminate\\Pipeline\\Pipeline.php(171): Illuminate\\Cookie\\Middleware\\EncryptCookies->handle(Object(Illuminate\\Http\\Request), Object(Closure))
#39 C:\\laragon\\www\\vipclub\\vendor\\laravel\\framework\\src\\Illuminate\\Pipeline\\Pipeline.php(105): Illuminate\\Pipeline\\Pipeline->Illuminate\\Pipeline\\{closure}(Object(Illuminate\\Http\\Request))
#40 C:\\laragon\\www\\vipclub\\vendor\\laravel\\framework\\src\\Illuminate\\Routing\\Router.php(688): Illuminate\\Pipeline\\Pipeline->then(Object(Closure))
#41 C:\\laragon\\www\\vipclub\\vendor\\laravel\\framework\\src\\Illuminate\\Routing\\Router.php(663): Illuminate\\Routing\\Router->runRouteWithinStack(Object(Illuminate\\Routing\\Route), Object(Illuminate\\Http\\Request))
#42 C:\\laragon\\www\\vipclub\\vendor\\laravel\\framework\\src\\Illuminate\\Routing\\Router.php(629): Illuminate\\Routing\\Router->runRoute(Object(Illuminate\\Http\\Request), Object(Illuminate\\Routing\\Route))
#43 C:\\laragon\\www\\vipclub\\vendor\\laravel\\framework\\src\\Illuminate\\Routing\\Router.php(618): Illuminate\\Routing\\Router->dispatchToRoute(Object(Illuminate\\Http\\Request))
#44 C:\\laragon\\www\\vipclub\\vendor\\laravel\\framework\\src\\Illuminate\\Foundation\\Http\\Kernel.php(172): Illuminate\\Routing\\Router->dispatch(Object(Illuminate\\Http\\Request))
#45 C:\\laragon\\www\\vipclub\\vendor\\laravel\\framework\\src\\Illuminate\\Pipeline\\Pipeline.php(130): Illuminate\\Foundation\\Http\\Kernel->Illuminate\\Foundation\\Http\\{closure}(Object(Illuminate\\Http\\Request))
#46 C:\\laragon\\www\\vipclub\\vendor\\fideloper\\proxy\\src\\TrustProxies.php(57): Illuminate\\Pipeline\\Pipeline->Illuminate\\Pipeline\\{closure}(Object(Illuminate\\Http\\Request))
#47 C:\\laragon\\www\\vipclub\\vendor\\laravel\\framework\\src\\Illuminate\\Pipeline\\Pipeline.php(171): Fideloper\\Proxy\\TrustProxies->handle(Object(Illuminate\\Http\\Request), Object(Closure))
#48 C:\\laragon\\www\\vipclub\\vendor\\laravel\\framework\\src\\Illuminate\\Foundation\\Http\\Middleware\\TransformsRequest.php(21): Illuminate\\Pipeline\\Pipeline->Illuminate\\Pipeline\\{closure}(Object(Illuminate\\Http\\Request))
#49 C:\\laragon\\www\\vipclub\\vendor\\laravel\\framework\\src\\Illuminate\\Pipeline\\Pipeline.php(171): Illuminate\\Foundation\\Http\\Middleware\\TransformsRequest->handle(Object(Illuminate\\Http\\Request), Object(Closure))
#50 C:\\laragon\\www\\vipclub\\vendor\\laravel\\framework\\src\\Illuminate\\Foundation\\Http\\Middleware\\TransformsRequest.php(21): Illuminate\\Pipeline\\Pipeline->Illuminate\\Pipeline\\{closure}(Object(Illuminate\\Http\\Request))
#51 C:\\laragon\\www\\vipclub\\vendor\\laravel\\framework\\src\\Illuminate\\Pipeline\\Pipeline.php(171): Illuminate\\Foundation\\Http\\Middleware\\TransformsRequest->handle(Object(Illuminate\\Http\\Request), Object(Closure))
#52 C:\\laragon\\www\\vipclub\\vendor\\laravel\\framework\\src\\Illuminate\\Foundation\\Http\\Middleware\\ValidatePostSize.php(27): Illuminate\\Pipeline\\Pipeline->Illuminate\\Pipeline\\{closure}(Object(Illuminate\\Http\\Request))
#53 C:\\laragon\\www\\vipclub\\vendor\\laravel\\framework\\src\\Illuminate\\Pipeline\\Pipeline.php(171): Illuminate\\Foundation\\Http\\Middleware\\ValidatePostSize->handle(Object(Illuminate\\Http\\Request), Object(Closure))
#54 C:\\laragon\\www\\vipclub\\vendor\\laravel\\framework\\src\\Illuminate\\Foundation\\Http\\Middleware\\CheckForMaintenanceMode.php(63): Illuminate\\Pipeline\\Pipeline->Illuminate\\Pipeline\\{closure}(Object(Illuminate\\Http\\Request))
#55 C:\\laragon\\www\\vipclub\\vendor\\laravel\\framework\\src\\Illuminate\\Pipeline\\Pipeline.php(171): Illuminate\\Foundation\\Http\\Middleware\\CheckForMaintenanceMode->handle(Object(Illuminate\\Http\\Request), Object(Closure))
#56 C:\\laragon\\www\\vipclub\\vendor\\laravel\\framework\\src\\Illuminate\\Pipeline\\Pipeline.php(105): Illuminate\\Pipeline\\Pipeline->Illuminate\\Pipeline\\{closure}(Object(Illuminate\\Http\\Request))
#57 C:\\laragon\\www\\vipclub\\vendor\\laravel\\framework\\src\\Illuminate\\Foundation\\Http\\Kernel.php(147): Illuminate\\Pipeline\\Pipeline->then(Object(Closure))
#58 C:\\laragon\\www\\vipclub\\vendor\\laravel\\framework\\src\\Illuminate\\Foundation\\Http\\Kernel.php(112): Illuminate\\Foundation\\Http\\Kernel->sendRequestThroughRouter(Object(Illuminate\\Http\\Request))
#59 C:\\laragon\\www\\vipclub\\index.php(52): Illuminate\\Foundation\\Http\\Kernel->handle(Object(Illuminate\\Http\\Request))
#60 {main}

[previous exception] [object] (GuzzleHttp\\Exception\\ClientException(code: 400): Client error: `POST https://ivs.us-west-2.amazonaws.com/CreateChannel` resulted in a `400 Bad Request` response:
{
  \"Code\" : \"ValidationException\",
  \"Message\" : \"Request member: recordingConfiguration failed to satisfy the constrai (truncated...)
 at C:\\laragon\\www\\vipclub\\vendor\\guzzlehttp\\guzzle\\src\\Exception\\RequestException.php:113)
[stacktrace]
#0 C:\\laragon\\www\\vipclub\\vendor\\guzzlehttp\\guzzle\\src\\Middleware.php(69): GuzzleHttp\\Exception\\RequestException::create(Object(GuzzleHttp\\Psr7\\Request), Object(GuzzleHttp\\Psr7\\Response), NULL, Array, NULL)
#1 C:\\laragon\\www\\vipclub\\vendor\\guzzlehttp\\promises\\src\\Promise.php(204): GuzzleHttp\\Middleware::GuzzleHttp\\{closure}(Object(GuzzleHttp\\Psr7\\Response))
#2 C:\\laragon\\www\\vipclub\\vendor\\guzzlehttp\\promises\\src\\Promise.php(153): GuzzleHttp\\Promise\\Promise::callHandler(1, Object(GuzzleHttp\\Psr7\\Response), NULL)
#3 C:\\laragon\\www\\vipclub\\vendor\\guzzlehttp\\promises\\src\\TaskQueue.php(48): GuzzleHttp\\Promise\\Promise::GuzzleHttp\\Promise\\{closure}()
#4 C:\\laragon\\www\\vipclub\\vendor\\guzzlehttp\\guzzle\\src\\Handler\\CurlMultiHandler.php(158): GuzzleHttp\\Promise\\TaskQueue->run()
#5 C:\\laragon\\www\\vipclub\\vendor\\guzzlehttp\\guzzle\\src\\Handler\\CurlMultiHandler.php(183): GuzzleHttp\\Handler\\CurlMultiHandler->tick()
#6 C:\\laragon\\www\\vipclub\\vendor\\guzzlehttp\\promises\\src\\Promise.php(248): GuzzleHttp\\Handler\\CurlMultiHandler->execute(true)
#7 C:\\laragon\\www\\vipclub\\vendor\\guzzlehttp\\promises\\src\\Promise.php(224): GuzzleHttp\\Promise\\Promise->invokeWaitFn()
#8 C:\\laragon\\www\\vipclub\\vendor\\guzzlehttp\\promises\\src\\Promise.php(269): GuzzleHttp\\Promise\\Promise->waitIfPending()
#9 C:\\laragon\\www\\vipclub\\vendor\\guzzlehttp\\promises\\src\\Promise.php(226): GuzzleHttp\\Promise\\Promise->invokeWaitList()
#10 C:\\laragon\\www\\vipclub\\vendor\\guzzlehttp\\promises\\src\\Promise.php(269): GuzzleHttp\\Promise\\Promise->waitIfPending()
#11 C:\\laragon\\www\\vipclub\\vendor\\guzzlehttp\\promises\\src\\Promise.php(226): GuzzleHttp\\Promise\\Promise->invokeWaitList()
#12 C:\\laragon\\www\\vipclub\\vendor\\guzzlehttp\\promises\\src\\Promise.php(62): GuzzleHttp\\Promise\\Promise->waitIfPending()
#13 C:\\laragon\\www\\vipclub\\vendor\\aws\\aws-sdk-php\\src\\AwsClientTrait.php(58): GuzzleHttp\\Promise\\Promise->wait()
#14 C:\\laragon\\www\\vipclub\\vendor\\aws\\aws-sdk-php\\src\\AwsClientTrait.php(86): Aws\\AwsClient->execute(Object(Aws\\Command))
#15 C:\\laragon\\www\\vipclub\\app\\Http\\Controllers\\IvsController.php(39): Aws\\AwsClient->__call('createChannel', Array)
#16 C:\\laragon\\www\\vipclub\\vendor\\laravel\\framework\\src\\Illuminate\\Routing\\Controller.php(54): App\\Http\\Controllers\\IvsController->getIvsConfig()
#17 C:\\laragon\\www\\vipclub\\vendor\\laravel\\framework\\src\\Illuminate\\Routing\\ControllerDispatcher.php(45): Illuminate\\Routing\\Controller->callAction('getIvsConfig', Array)
#18 C:\\laragon\\www\\vipclub\\vendor\\laravel\\framework\\src\\Illuminate\\Routing\\Route.php(219): Illuminate\\Routing\\ControllerDispatcher->dispatch(Object(Illuminate\\Routing\\Route), Object(App\\Http\\Controllers\\IvsController), 'getIvsConfig')
#19 C:\\laragon\\www\\vipclub\\vendor\\laravel\\framework\\src\\Illuminate\\Routing\\Route.php(176): Illuminate\\Routing\\Route->runController()
#20 C:\\laragon\\www\\vipclub\\vendor\\laravel\\framework\\src\\Illuminate\\Routing\\Router.php(686): Illuminate\\Routing\\Route->run()
#21 C:\\laragon\\www\\vipclub\\vendor\\laravel\\framework\\src\\Illuminate\\Pipeline\\Pipeline.php(130): Illuminate\\Routing\\Router->Illuminate\\Routing\\{closure}(Object(Illuminate\\Http\\Request))
#22 C:\\laragon\\www\\vipclub\\app\\Http\\Middleware\\UserLastAuthMiddleware.php(59): Illuminate\\Pipeline\\Pipeline->Illuminate\\Pipeline\\{closure}(Object(Illuminate\\Http\\Request))
#23 C:\\laragon\\www\\vipclub\\vendor\\laravel\\framework\\src\\Illuminate\\Pipeline\\Pipeline.php(171): App\\Http\\Middleware\\UserLastAuthMiddleware->handle(Object(Illuminate\\Http\\Request), Object(Closure))
#24 C:\\laragon\\www\\vipclub\\vendor\\uxweb\\sweet-alert\\src\\SweetAlert\\ConvertMessagesIntoSweetAlert.php(49): Illuminate\\Pipeline\\Pipeline->Illuminate\\Pipeline\\{closure}(Object(Illuminate\\Http\\Request))
#25 C:\\laragon\\www\\vipclub\\vendor\\laravel\\framework\\src\\Illuminate\\Pipeline\\Pipeline.php(171): UxWeb\\SweetAlert\\ConvertMessagesIntoSweetAlert->handle(Object(Illuminate\\Http\\Request), Object(Closure))
#26 C:\\laragon\\www\\vipclub\\vendor\\laravel\\framework\\src\\Illuminate\\Routing\\Middleware\\SubstituteBindings.php(41): Illuminate\\Pipeline\\Pipeline->Illuminate\\Pipeline\\{closure}(Object(Illuminate\\Http\\Request))
#27 C:\\laragon\\www\\vipclub\\vendor\\laravel\\framework\\src\\Illuminate\\Pipeline\\Pipeline.php(171): Illuminate\\Routing\\Middleware\\SubstituteBindings->handle(Object(Illuminate\\Http\\Request), Object(Closure))
#28 C:\\laragon\\www\\vipclub\\vendor\\laravel\\framework\\src\\Illuminate\\Foundation\\Http\\Middleware\\VerifyCsrfToken.php(77): Illuminate\\Pipeline\\Pipeline->Illuminate\\Pipeline\\{closure}(Object(Illuminate\\Http\\Request))
#29 C:\\laragon\\www\\vipclub\\vendor\\laravel\\framework\\src\\Illuminate\\Pipeline\\Pipeline.php(171): Illuminate\\Foundation\\Http\\Middleware\\VerifyCsrfToken->handle(Object(Illuminate\\Http\\Request), Object(Closure))
#30 C:\\laragon\\www\\vipclub\\vendor\\laravel\\framework\\src\\Illuminate\\View\\Middleware\\ShareErrorsFromSession.php(49): Illuminate\\Pipeline\\Pipeline->Illuminate\\Pipeline\\{closure}(Object(Illuminate\\Http\\Request))
#31 C:\\laragon\\www\\vipclub\\vendor\\laravel\\framework\\src\\Illuminate\\Pipeline\\Pipeline.php(171): Illuminate\\View\\Middleware\\ShareErrorsFromSession->handle(Object(Illuminate\\Http\\Request), Object(Closure))
#32 C:\\laragon\\www\\vipclub\\vendor\\laravel\\framework\\src\\Illuminate\\Session\\Middleware\\StartSession.php(56): Illuminate\\Pipeline\\Pipeline->Illuminate\\Pipeline\\{closure}(Object(Illuminate\\Http\\Request))
#33 C:\\laragon\\www\\vipclub\\vendor\\laravel\\framework\\src\\Illuminate\\Pipeline\\Pipeline.php(171): Illuminate\\Session\\Middleware\\StartSession->handle(Object(Illuminate\\Http\\Request), Object(Closure))
#34 C:\\laragon\\www\\vipclub\\vendor\\laravel\\framework\\src\\Illuminate\\Cookie\\Middleware\\AddQueuedCookiesToResponse.php(37): Illuminate\\Pipeline\\Pipeline->Illuminate\\Pipeline\\{closure}(Object(Illuminate\\Http\\Request))
#35 C:\\laragon\\www\\vipclub\\vendor\\laravel\\framework\\src\\Illuminate\\Pipeline\\Pipeline.php(171): Illuminate\\Cookie\\Middleware\\AddQueuedCookiesToResponse->handle(Object(Illuminate\\Http\\Request), Object(Closure))
#36 C:\\laragon\\www\\vipclub\\vendor\\laravel\\framework\\src\\Illuminate\\Cookie\\Middleware\\EncryptCookies.php(67): Illuminate\\Pipeline\\Pipeline->Illuminate\\Pipeline\\{closure}(Object(Illuminate\\Http\\Request))
#37 C:\\laragon\\www\\vipclub\\vendor\\laravel\\framework\\src\\Illuminate\\Pipeline\\Pipeline.php(171): Illuminate\\Cookie\\Middleware\\EncryptCookies->handle(Object(Illuminate\\Http\\Request), Object(Closure))
#38 C:\\laragon\\www\\vipclub\\vendor\\laravel\\framework\\src\\Illuminate\\Pipeline\\Pipeline.php(105): Illuminate\\Pipeline\\Pipeline->Illuminate\\Pipeline\\{closure}(Object(Illuminate\\Http\\Request))
#39 C:\\laragon\\www\\vipclub\\vendor\\laravel\\framework\\src\\Illuminate\\Routing\\Router.php(688): Illuminate\\Pipeline\\Pipeline->then(Object(Closure))
#40 C:\\laragon\\www\\vipclub\\vendor\\laravel\\framework\\src\\Illuminate\\Routing\\Router.php(663): Illuminate\\Routing\\Router->runRouteWithinStack(Object(Illuminate\\Routing\\Route), Object(Illuminate\\Http\\Request))
#41 C:\\laragon\\www\\vipclub\\vendor\\laravel\\framework\\src\\Illuminate\\Routing\\Router.php(629): Illuminate\\Routing\\Router->runRoute(Object(Illuminate\\Http\\Request), Object(Illuminate\\Routing\\Route))
#42 C:\\laragon\\www\\vipclub\\vendor\\laravel\\framework\\src\\Illuminate\\Routing\\Router.php(618): Illuminate\\Routing\\Router->dispatchToRoute(Object(Illuminate\\Http\\Request))
#43 C:\\laragon\\www\\vipclub\\vendor\\laravel\\framework\\src\\Illuminate\\Foundation\\Http\\Kernel.php(172): Illuminate\\Routing\\Router->dispatch(Object(Illuminate\\Http\\Request))
#44 C:\\laragon\\www\\vipclub\\vendor\\laravel\\framework\\src\\Illuminate\\Pipeline\\Pipeline.php(130): Illuminate\\Foundation\\Http\\Kernel->Illuminate\\Foundation\\Http\\{closure}(Object(Illuminate\\Http\\Request))
#45 C:\\laragon\\www\\vipclub\\vendor\\fideloper\\proxy\\src\\TrustProxies.php(57): Illuminate\\Pipeline\\Pipeline->Illuminate\\Pipeline\\{closure}(Object(Illuminate\\Http\\Request))
#46 C:\\laragon\\www\\vipclub\\vendor\\laravel\\framework\\src\\Illuminate\\Pipeline\\Pipeline.php(171): Fideloper\\Proxy\\TrustProxies->handle(Object(Illuminate\\Http\\Request), Object(Closure))
#47 C:\\laragon\\www\\vipclub\\vendor\\laravel\\framework\\src\\Illuminate\\Foundation\\Http\\Middleware\\TransformsRequest.php(21): Illuminate\\Pipeline\\Pipeline->Illuminate\\Pipeline\\{closure}(Object(Illuminate\\Http\\Request))
#48 C:\\laragon\\www\\vipclub\\vendor\\laravel\\framework\\src\\Illuminate\\Pipeline\\Pipeline.php(171): Illuminate\\Foundation\\Http\\Middleware\\TransformsRequest->handle(Object(Illuminate\\Http\\Request), Object(Closure))
#49 C:\\laragon\\www\\vipclub\\vendor\\laravel\\framework\\src\\Illuminate\\Foundation\\Http\\Middleware\\TransformsRequest.php(21): Illuminate\\Pipeline\\Pipeline->Illuminate\\Pipeline\\{closure}(Object(Illuminate\\Http\\Request))
#50 C:\\laragon\\www\\vipclub\\vendor\\laravel\\framework\\src\\Illuminate\\Pipeline\\Pipeline.php(171): Illuminate\\Foundation\\Http\\Middleware\\TransformsRequest->handle(Object(Illuminate\\Http\\Request), Object(Closure))
#51 C:\\laragon\\www\\vipclub\\vendor\\laravel\\framework\\src\\Illuminate\\Foundation\\Http\\Middleware\\ValidatePostSize.php(27): Illuminate\\Pipeline\\Pipeline->Illuminate\\Pipeline\\{closure}(Object(Illuminate\\Http\\Request))
#52 C:\\laragon\\www\\vipclub\\vendor\\laravel\\framework\\src\\Illuminate\\Pipeline\\Pipeline.php(171): Illuminate\\Foundation\\Http\\Middleware\\ValidatePostSize->handle(Object(Illuminate\\Http\\Request), Object(Closure))
#53 C:\\laragon\\www\\vipclub\\vendor\\laravel\\framework\\src\\Illuminate\\Foundation\\Http\\Middleware\\CheckForMaintenanceMode.php(63): Illuminate\\Pipeline\\Pipeline->Illuminate\\Pipeline\\{closure}(Object(Illuminate\\Http\\Request))
#54 C:\\laragon\\www\\vipclub\\vendor\\laravel\\framework\\src\\Illuminate\\Pipeline\\Pipeline.php(171): Illuminate\\Foundation\\Http\\Middleware\\CheckForMaintenanceMode->handle(Object(Illuminate\\Http\\Request), Object(Closure))
#55 C:\\laragon\\www\\vipclub\\vendor\\laravel\\framework\\src\\Illuminate\\Pipeline\\Pipeline.php(105): Illuminate\\Pipeline\\Pipeline->Illuminate\\Pipeline\\{closure}(Object(Illuminate\\Http\\Request))
#56 C:\\laragon\\www\\vipclub\\vendor\\laravel\\framework\\src\\Illuminate\\Foundation\\Http\\Kernel.php(147): Illuminate\\Pipeline\\Pipeline->then(Object(Closure))
#57 C:\\laragon\\www\\vipclub\\vendor\\laravel\\framework\\src\\Illuminate\\Foundation\\Http\\Kernel.php(112): Illuminate\\Foundation\\Http\\Kernel->sendRequestThroughRouter(Object(Illuminate\\Http\\Request))
#58 C:\\laragon\\www\\vipclub\\index.php(52): Illuminate\\Foundation\\Http\\Kernel->handle(Object(Illuminate\\Http\\Request))
#59 {main}
"} 
[2024-08-11 12:00:31] production.ERROR: Error executing "CreateChannel" on "https://ivs.us-west-2.amazonaws.com/CreateChannel"; AWS HTTP error: Client error: `POST https://ivs.us-west-2.amazonaws.com/CreateChannel` resulted in a `400 Bad Request` response:
{
  "Code" : "ValidationException",
  "Message" : "Request member: recordingConfiguration failed to satisfy the constrai (truncated...)
 ValidationException (client): Request member: recordingConfiguration failed to satisfy the constraints: Recording configurations with CUSTOM rendition selection cannot be attached to BASIC channels - {
  "Code" : "ValidationException",
  "Message" : "Request member: recordingConfiguration failed to satisfy the constraints: Recording configurations with CUSTOM rendition selection cannot be attached to BASIC channels",
  "RequestID" : "cW6MkGTNPHcEQVg="
} {"userId":122,"exception":"[object] (Aws\\IVS\\Exception\\IVSException(code: 0): Error executing \"CreateChannel\" on \"https://ivs.us-west-2.amazonaws.com/CreateChannel\"; AWS HTTP error: Client error: `POST https://ivs.us-west-2.amazonaws.com/CreateChannel` resulted in a `400 Bad Request` response:
{
  \"Code\" : \"ValidationException\",
  \"Message\" : \"Request member: recordingConfiguration failed to satisfy the constrai (truncated...)
 ValidationException (client): Request member: recordingConfiguration failed to satisfy the constraints: Recording configurations with CUSTOM rendition selection cannot be attached to BASIC channels - {
  \"Code\" : \"ValidationException\",
  \"Message\" : \"Request member: recordingConfiguration failed to satisfy the constraints: Recording configurations with CUSTOM rendition selection cannot be attached to BASIC channels\",
  \"RequestID\" : \"cW6MkGTNPHcEQVg=\"
} at C:\\laragon\\www\\vipclub\\vendor\\aws\\aws-sdk-php\\src\\WrappedHttpHandler.php:195)
[stacktrace]
#0 C:\\laragon\\www\\vipclub\\vendor\\aws\\aws-sdk-php\\src\\WrappedHttpHandler.php(100): Aws\\WrappedHttpHandler->parseError(Array, Object(GuzzleHttp\\Psr7\\Request), Object(Aws\\Command), Array)
#1 C:\\laragon\\www\\vipclub\\vendor\\guzzlehttp\\promises\\src\\Promise.php(204): Aws\\WrappedHttpHandler->Aws\\{closure}(Array)
#2 C:\\laragon\\www\\vipclub\\vendor\\guzzlehttp\\promises\\src\\Promise.php(169): GuzzleHttp\\Promise\\Promise::callHandler(2, Array, NULL)
#3 C:\\laragon\\www\\vipclub\\vendor\\guzzlehttp\\promises\\src\\RejectedPromise.php(42): GuzzleHttp\\Promise\\Promise::GuzzleHttp\\Promise\\{closure}(Array)
#4 C:\\laragon\\www\\vipclub\\vendor\\guzzlehttp\\promises\\src\\TaskQueue.php(48): GuzzleHttp\\Promise\\RejectedPromise::GuzzleHttp\\Promise\\{closure}()
#5 C:\\laragon\\www\\vipclub\\vendor\\guzzlehttp\\guzzle\\src\\Handler\\CurlMultiHandler.php(158): GuzzleHttp\\Promise\\TaskQueue->run()
#6 C:\\laragon\\www\\vipclub\\vendor\\guzzlehttp\\guzzle\\src\\Handler\\CurlMultiHandler.php(183): GuzzleHttp\\Handler\\CurlMultiHandler->tick()
#7 C:\\laragon\\www\\vipclub\\vendor\\guzzlehttp\\promises\\src\\Promise.php(248): GuzzleHttp\\Handler\\CurlMultiHandler->execute(true)
#8 C:\\laragon\\www\\vipclub\\vendor\\guzzlehttp\\promises\\src\\Promise.php(224): GuzzleHttp\\Promise\\Promise->invokeWaitFn()
#9 C:\\laragon\\www\\vipclub\\vendor\\guzzlehttp\\promises\\src\\Promise.php(269): GuzzleHttp\\Promise\\Promise->waitIfPending()
#10 C:\\laragon\\www\\vipclub\\vendor\\guzzlehttp\\promises\\src\\Promise.php(226): GuzzleHttp\\Promise\\Promise->invokeWaitList()
#11 C:\\laragon\\www\\vipclub\\vendor\\guzzlehttp\\promises\\src\\Promise.php(269): GuzzleHttp\\Promise\\Promise->waitIfPending()
#12 C:\\laragon\\www\\vipclub\\vendor\\guzzlehttp\\promises\\src\\Promise.php(226): GuzzleHttp\\Promise\\Promise->invokeWaitList()
#13 C:\\laragon\\www\\vipclub\\vendor\\guzzlehttp\\promises\\src\\Promise.php(62): GuzzleHttp\\Promise\\Promise->waitIfPending()
#14 C:\\laragon\\www\\vipclub\\vendor\\aws\\aws-sdk-php\\src\\AwsClientTrait.php(58): GuzzleHttp\\Promise\\Promise->wait()
#15 C:\\laragon\\www\\vipclub\\vendor\\aws\\aws-sdk-php\\src\\AwsClientTrait.php(86): Aws\\AwsClient->execute(Object(Aws\\Command))
#16 C:\\laragon\\www\\vipclub\\app\\Http\\Controllers\\IvsController.php(39): Aws\\AwsClient->__call('createChannel', Array)
#17 C:\\laragon\\www\\vipclub\\vendor\\laravel\\framework\\src\\Illuminate\\Routing\\Controller.php(54): App\\Http\\Controllers\\IvsController->getIvsConfig()
#18 C:\\laragon\\www\\vipclub\\vendor\\laravel\\framework\\src\\Illuminate\\Routing\\ControllerDispatcher.php(45): Illuminate\\Routing\\Controller->callAction('getIvsConfig', Array)
#19 C:\\laragon\\www\\vipclub\\vendor\\laravel\\framework\\src\\Illuminate\\Routing\\Route.php(219): Illuminate\\Routing\\ControllerDispatcher->dispatch(Object(Illuminate\\Routing\\Route), Object(App\\Http\\Controllers\\IvsController), 'getIvsConfig')
#20 C:\\laragon\\www\\vipclub\\vendor\\laravel\\framework\\src\\Illuminate\\Routing\\Route.php(176): Illuminate\\Routing\\Route->runController()
#21 C:\\laragon\\www\\vipclub\\vendor\\laravel\\framework\\src\\Illuminate\\Routing\\Router.php(686): Illuminate\\Routing\\Route->run()
#22 C:\\laragon\\www\\vipclub\\vendor\\laravel\\framework\\src\\Illuminate\\Pipeline\\Pipeline.php(130): Illuminate\\Routing\\Router->Illuminate\\Routing\\{closure}(Object(Illuminate\\Http\\Request))
#23 C:\\laragon\\www\\vipclub\\app\\Http\\Middleware\\UserLastAuthMiddleware.php(59): Illuminate\\Pipeline\\Pipeline->Illuminate\\Pipeline\\{closure}(Object(Illuminate\\Http\\Request))
#24 C:\\laragon\\www\\vipclub\\vendor\\laravel\\framework\\src\\Illuminate\\Pipeline\\Pipeline.php(171): App\\Http\\Middleware\\UserLastAuthMiddleware->handle(Object(Illuminate\\Http\\Request), Object(Closure))
#25 C:\\laragon\\www\\vipclub\\vendor\\uxweb\\sweet-alert\\src\\SweetAlert\\ConvertMessagesIntoSweetAlert.php(49): Illuminate\\Pipeline\\Pipeline->Illuminate\\Pipeline\\{closure}(Object(Illuminate\\Http\\Request))
#26 C:\\laragon\\www\\vipclub\\vendor\\laravel\\framework\\src\\Illuminate\\Pipeline\\Pipeline.php(171): UxWeb\\SweetAlert\\ConvertMessagesIntoSweetAlert->handle(Object(Illuminate\\Http\\Request), Object(Closure))
#27 C:\\laragon\\www\\vipclub\\vendor\\laravel\\framework\\src\\Illuminate\\Routing\\Middleware\\SubstituteBindings.php(41): Illuminate\\Pipeline\\Pipeline->Illuminate\\Pipeline\\{closure}(Object(Illuminate\\Http\\Request))
#28 C:\\laragon\\www\\vipclub\\vendor\\laravel\\framework\\src\\Illuminate\\Pipeline\\Pipeline.php(171): Illuminate\\Routing\\Middleware\\SubstituteBindings->handle(Object(Illuminate\\Http\\Request), Object(Closure))
#29 C:\\laragon\\www\\vipclub\\vendor\\laravel\\framework\\src\\Illuminate\\Foundation\\Http\\Middleware\\VerifyCsrfToken.php(77): Illuminate\\Pipeline\\Pipeline->Illuminate\\Pipeline\\{closure}(Object(Illuminate\\Http\\Request))
#30 C:\\laragon\\www\\vipclub\\vendor\\laravel\\framework\\src\\Illuminate\\Pipeline\\Pipeline.php(171): Illuminate\\Foundation\\Http\\Middleware\\VerifyCsrfToken->handle(Object(Illuminate\\Http\\Request), Object(Closure))
#31 C:\\laragon\\www\\vipclub\\vendor\\laravel\\framework\\src\\Illuminate\\View\\Middleware\\ShareErrorsFromSession.php(49): Illuminate\\Pipeline\\Pipeline->Illuminate\\Pipeline\\{closure}(Object(Illuminate\\Http\\Request))
#32 C:\\laragon\\www\\vipclub\\vendor\\laravel\\framework\\src\\Illuminate\\Pipeline\\Pipeline.php(171): Illuminate\\View\\Middleware\\ShareErrorsFromSession->handle(Object(Illuminate\\Http\\Request), Object(Closure))
#33 C:\\laragon\\www\\vipclub\\vendor\\laravel\\framework\\src\\Illuminate\\Session\\Middleware\\StartSession.php(56): Illuminate\\Pipeline\\Pipeline->Illuminate\\Pipeline\\{closure}(Object(Illuminate\\Http\\Request))
#34 C:\\laragon\\www\\vipclub\\vendor\\laravel\\framework\\src\\Illuminate\\Pipeline\\Pipeline.php(171): Illuminate\\Session\\Middleware\\StartSession->handle(Object(Illuminate\\Http\\Request), Object(Closure))
#35 C:\\laragon\\www\\vipclub\\vendor\\laravel\\framework\\src\\Illuminate\\Cookie\\Middleware\\AddQueuedCookiesToResponse.php(37): Illuminate\\Pipeline\\Pipeline->Illuminate\\Pipeline\\{closure}(Object(Illuminate\\Http\\Request))
#36 C:\\laragon\\www\\vipclub\\vendor\\laravel\\framework\\src\\Illuminate\\Pipeline\\Pipeline.php(171): Illuminate\\Cookie\\Middleware\\AddQueuedCookiesToResponse->handle(Object(Illuminate\\Http\\Request), Object(Closure))
#37 C:\\laragon\\www\\vipclub\\vendor\\laravel\\framework\\src\\Illuminate\\Cookie\\Middleware\\EncryptCookies.php(67): Illuminate\\Pipeline\\Pipeline->Illuminate\\Pipeline\\{closure}(Object(Illuminate\\Http\\Request))
#38 C:\\laragon\\www\\vipclub\\vendor\\laravel\\framework\\src\\Illuminate\\Pipeline\\Pipeline.php(171): Illuminate\\Cookie\\Middleware\\EncryptCookies->handle(Object(Illuminate\\Http\\Request), Object(Closure))
#39 C:\\laragon\\www\\vipclub\\vendor\\laravel\\framework\\src\\Illuminate\\Pipeline\\Pipeline.php(105): Illuminate\\Pipeline\\Pipeline->Illuminate\\Pipeline\\{closure}(Object(Illuminate\\Http\\Request))
#40 C:\\laragon\\www\\vipclub\\vendor\\laravel\\framework\\src\\Illuminate\\Routing\\Router.php(688): Illuminate\\Pipeline\\Pipeline->then(Object(Closure))
#41 C:\\laragon\\www\\vipclub\\vendor\\laravel\\framework\\src\\Illuminate\\Routing\\Router.php(663): Illuminate\\Routing\\Router->runRouteWithinStack(Object(Illuminate\\Routing\\Route), Object(Illuminate\\Http\\Request))
#42 C:\\laragon\\www\\vipclub\\vendor\\laravel\\framework\\src\\Illuminate\\Routing\\Router.php(629): Illuminate\\Routing\\Router->runRoute(Object(Illuminate\\Http\\Request), Object(Illuminate\\Routing\\Route))
#43 C:\\laragon\\www\\vipclub\\vendor\\laravel\\framework\\src\\Illuminate\\Routing\\Router.php(618): Illuminate\\Routing\\Router->dispatchToRoute(Object(Illuminate\\Http\\Request))
#44 C:\\laragon\\www\\vipclub\\vendor\\laravel\\framework\\src\\Illuminate\\Foundation\\Http\\Kernel.php(172): Illuminate\\Routing\\Router->dispatch(Object(Illuminate\\Http\\Request))
#45 C:\\laragon\\www\\vipclub\\vendor\\laravel\\framework\\src\\Illuminate\\Pipeline\\Pipeline.php(130): Illuminate\\Foundation\\Http\\Kernel->Illuminate\\Foundation\\Http\\{closure}(Object(Illuminate\\Http\\Request))
#46 C:\\laragon\\www\\vipclub\\vendor\\fideloper\\proxy\\src\\TrustProxies.php(57): Illuminate\\Pipeline\\Pipeline->Illuminate\\Pipeline\\{closure}(Object(Illuminate\\Http\\Request))
#47 C:\\laragon\\www\\vipclub\\vendor\\laravel\\framework\\src\\Illuminate\\Pipeline\\Pipeline.php(171): Fideloper\\Proxy\\TrustProxies->handle(Object(Illuminate\\Http\\Request), Object(Closure))
#48 C:\\laragon\\www\\vipclub\\vendor\\laravel\\framework\\src\\Illuminate\\Foundation\\Http\\Middleware\\TransformsRequest.php(21): Illuminate\\Pipeline\\Pipeline->Illuminate\\Pipeline\\{closure}(Object(Illuminate\\Http\\Request))
#49 C:\\laragon\\www\\vipclub\\vendor\\laravel\\framework\\src\\Illuminate\\Pipeline\\Pipeline.php(171): Illuminate\\Foundation\\Http\\Middleware\\TransformsRequest->handle(Object(Illuminate\\Http\\Request), Object(Closure))
#50 C:\\laragon\\www\\vipclub\\vendor\\laravel\\framework\\src\\Illuminate\\Foundation\\Http\\Middleware\\TransformsRequest.php(21): Illuminate\\Pipeline\\Pipeline->Illuminate\\Pipeline\\{closure}(Object(Illuminate\\Http\\Request))
#51 C:\\laragon\\www\\vipclub\\vendor\\laravel\\framework\\src\\Illuminate\\Pipeline\\Pipeline.php(171): Illuminate\\Foundation\\Http\\Middleware\\TransformsRequest->handle(Object(Illuminate\\Http\\Request), Object(Closure))
#52 C:\\laragon\\www\\vipclub\\vendor\\laravel\\framework\\src\\Illuminate\\Foundation\\Http\\Middleware\\ValidatePostSize.php(27): Illuminate\\Pipeline\\Pipeline->Illuminate\\Pipeline\\{closure}(Object(Illuminate\\Http\\Request))
#53 C:\\laragon\\www\\vipclub\\vendor\\laravel\\framework\\src\\Illuminate\\Pipeline\\Pipeline.php(171): Illuminate\\Foundation\\Http\\Middleware\\ValidatePostSize->handle(Object(Illuminate\\Http\\Request), Object(Closure))
#54 C:\\laragon\\www\\vipclub\\vendor\\laravel\\framework\\src\\Illuminate\\Foundation\\Http\\Middleware\\CheckForMaintenanceMode.php(63): Illuminate\\Pipeline\\Pipeline->Illuminate\\Pipeline\\{closure}(Object(Illuminate\\Http\\Request))
#55 C:\\laragon\\www\\vipclub\\vendor\\laravel\\framework\\src\\Illuminate\\Pipeline\\Pipeline.php(171): Illuminate\\Foundation\\Http\\Middleware\\CheckForMaintenanceMode->handle(Object(Illuminate\\Http\\Request), Object(Closure))
#56 C:\\laragon\\www\\vipclub\\vendor\\laravel\\framework\\src\\Illuminate\\Pipeline\\Pipeline.php(105): Illuminate\\Pipeline\\Pipeline->Illuminate\\Pipeline\\{closure}(Object(Illuminate\\Http\\Request))
#57 C:\\laragon\\www\\vipclub\\vendor\\laravel\\framework\\src\\Illuminate\\Foundation\\Http\\Kernel.php(147): Illuminate\\Pipeline\\Pipeline->then(Object(Closure))
#58 C:\\laragon\\www\\vipclub\\vendor\\laravel\\framework\\src\\Illuminate\\Foundation\\Http\\Kernel.php(112): Illuminate\\Foundation\\Http\\Kernel->sendRequestThroughRouter(Object(Illuminate\\Http\\Request))
#59 C:\\laragon\\www\\vipclub\\index.php(52): Illuminate\\Foundation\\Http\\Kernel->handle(Object(Illuminate\\Http\\Request))
#60 {main}

[previous exception] [object] (GuzzleHttp\\Exception\\ClientException(code: 400): Client error: `POST https://ivs.us-west-2.amazonaws.com/CreateChannel` resulted in a `400 Bad Request` response:
{
  \"Code\" : \"ValidationException\",
  \"Message\" : \"Request member: recordingConfiguration failed to satisfy the constrai (truncated...)
 at C:\\laragon\\www\\vipclub\\vendor\\guzzlehttp\\guzzle\\src\\Exception\\RequestException.php:113)
[stacktrace]
#0 C:\\laragon\\www\\vipclub\\vendor\\guzzlehttp\\guzzle\\src\\Middleware.php(69): GuzzleHttp\\Exception\\RequestException::create(Object(GuzzleHttp\\Psr7\\Request), Object(GuzzleHttp\\Psr7\\Response), NULL, Array, NULL)
#1 C:\\laragon\\www\\vipclub\\vendor\\guzzlehttp\\promises\\src\\Promise.php(204): GuzzleHttp\\Middleware::GuzzleHttp\\{closure}(Object(GuzzleHttp\\Psr7\\Response))
#2 C:\\laragon\\www\\vipclub\\vendor\\guzzlehttp\\promises\\src\\Promise.php(153): GuzzleHttp\\Promise\\Promise::callHandler(1, Object(GuzzleHttp\\Psr7\\Response), NULL)
#3 C:\\laragon\\www\\vipclub\\vendor\\guzzlehttp\\promises\\src\\TaskQueue.php(48): GuzzleHttp\\Promise\\Promise::GuzzleHttp\\Promise\\{closure}()
#4 C:\\laragon\\www\\vipclub\\vendor\\guzzlehttp\\guzzle\\src\\Handler\\CurlMultiHandler.php(158): GuzzleHttp\\Promise\\TaskQueue->run()
#5 C:\\laragon\\www\\vipclub\\vendor\\guzzlehttp\\guzzle\\src\\Handler\\CurlMultiHandler.php(183): GuzzleHttp\\Handler\\CurlMultiHandler->tick()
#6 C:\\laragon\\www\\vipclub\\vendor\\guzzlehttp\\promises\\src\\Promise.php(248): GuzzleHttp\\Handler\\CurlMultiHandler->execute(true)
#7 C:\\laragon\\www\\vipclub\\vendor\\guzzlehttp\\promises\\src\\Promise.php(224): GuzzleHttp\\Promise\\Promise->invokeWaitFn()
#8 C:\\laragon\\www\\vipclub\\vendor\\guzzlehttp\\promises\\src\\Promise.php(269): GuzzleHttp\\Promise\\Promise->waitIfPending()
#9 C:\\laragon\\www\\vipclub\\vendor\\guzzlehttp\\promises\\src\\Promise.php(226): GuzzleHttp\\Promise\\Promise->invokeWaitList()
#10 C:\\laragon\\www\\vipclub\\vendor\\guzzlehttp\\promises\\src\\Promise.php(269): GuzzleHttp\\Promise\\Promise->waitIfPending()
#11 C:\\laragon\\www\\vipclub\\vendor\\guzzlehttp\\promises\\src\\Promise.php(226): GuzzleHttp\\Promise\\Promise->invokeWaitList()
#12 C:\\laragon\\www\\vipclub\\vendor\\guzzlehttp\\promises\\src\\Promise.php(62): GuzzleHttp\\Promise\\Promise->waitIfPending()
#13 C:\\laragon\\www\\vipclub\\vendor\\aws\\aws-sdk-php\\src\\AwsClientTrait.php(58): GuzzleHttp\\Promise\\Promise->wait()
#14 C:\\laragon\\www\\vipclub\\vendor\\aws\\aws-sdk-php\\src\\AwsClientTrait.php(86): Aws\\AwsClient->execute(Object(Aws\\Command))
#15 C:\\laragon\\www\\vipclub\\app\\Http\\Controllers\\IvsController.php(39): Aws\\AwsClient->__call('createChannel', Array)
#16 C:\\laragon\\www\\vipclub\\vendor\\laravel\\framework\\src\\Illuminate\\Routing\\Controller.php(54): App\\Http\\Controllers\\IvsController->getIvsConfig()
#17 C:\\laragon\\www\\vipclub\\vendor\\laravel\\framework\\src\\Illuminate\\Routing\\ControllerDispatcher.php(45): Illuminate\\Routing\\Controller->callAction('getIvsConfig', Array)
#18 C:\\laragon\\www\\vipclub\\vendor\\laravel\\framework\\src\\Illuminate\\Routing\\Route.php(219): Illuminate\\Routing\\ControllerDispatcher->dispatch(Object(Illuminate\\Routing\\Route), Object(App\\Http\\Controllers\\IvsController), 'getIvsConfig')
#19 C:\\laragon\\www\\vipclub\\vendor\\laravel\\framework\\src\\Illuminate\\Routing\\Route.php(176): Illuminate\\Routing\\Route->runController()
#20 C:\\laragon\\www\\vipclub\\vendor\\laravel\\framework\\src\\Illuminate\\Routing\\Router.php(686): Illuminate\\Routing\\Route->run()
#21 C:\\laragon\\www\\vipclub\\vendor\\laravel\\framework\\src\\Illuminate\\Pipeline\\Pipeline.php(130): Illuminate\\Routing\\Router->Illuminate\\Routing\\{closure}(Object(Illuminate\\Http\\Request))
#22 C:\\laragon\\www\\vipclub\\app\\Http\\Middleware\\UserLastAuthMiddleware.php(59): Illuminate\\Pipeline\\Pipeline->Illuminate\\Pipeline\\{closure}(Object(Illuminate\\Http\\Request))
#23 C:\\laragon\\www\\vipclub\\vendor\\laravel\\framework\\src\\Illuminate\\Pipeline\\Pipeline.php(171): App\\Http\\Middleware\\UserLastAuthMiddleware->handle(Object(Illuminate\\Http\\Request), Object(Closure))
#24 C:\\laragon\\www\\vipclub\\vendor\\uxweb\\sweet-alert\\src\\SweetAlert\\ConvertMessagesIntoSweetAlert.php(49): Illuminate\\Pipeline\\Pipeline->Illuminate\\Pipeline\\{closure}(Object(Illuminate\\Http\\Request))
#25 C:\\laragon\\www\\vipclub\\vendor\\laravel\\framework\\src\\Illuminate\\Pipeline\\Pipeline.php(171): UxWeb\\SweetAlert\\ConvertMessagesIntoSweetAlert->handle(Object(Illuminate\\Http\\Request), Object(Closure))
#26 C:\\laragon\\www\\vipclub\\vendor\\laravel\\framework\\src\\Illuminate\\Routing\\Middleware\\SubstituteBindings.php(41): Illuminate\\Pipeline\\Pipeline->Illuminate\\Pipeline\\{closure}(Object(Illuminate\\Http\\Request))
#27 C:\\laragon\\www\\vipclub\\vendor\\laravel\\framework\\src\\Illuminate\\Pipeline\\Pipeline.php(171): Illuminate\\Routing\\Middleware\\SubstituteBindings->handle(Object(Illuminate\\Http\\Request), Object(Closure))
#28 C:\\laragon\\www\\vipclub\\vendor\\laravel\\framework\\src\\Illuminate\\Foundation\\Http\\Middleware\\VerifyCsrfToken.php(77): Illuminate\\Pipeline\\Pipeline->Illuminate\\Pipeline\\{closure}(Object(Illuminate\\Http\\Request))
#29 C:\\laragon\\www\\vipclub\\vendor\\laravel\\framework\\src\\Illuminate\\Pipeline\\Pipeline.php(171): Illuminate\\Foundation\\Http\\Middleware\\VerifyCsrfToken->handle(Object(Illuminate\\Http\\Request), Object(Closure))
#30 C:\\laragon\\www\\vipclub\\vendor\\laravel\\framework\\src\\Illuminate\\View\\Middleware\\ShareErrorsFromSession.php(49): Illuminate\\Pipeline\\Pipeline->Illuminate\\Pipeline\\{closure}(Object(Illuminate\\Http\\Request))
#31 C:\\laragon\\www\\vipclub\\vendor\\laravel\\framework\\src\\Illuminate\\Pipeline\\Pipeline.php(171): Illuminate\\View\\Middleware\\ShareErrorsFromSession->handle(Object(Illuminate\\Http\\Request), Object(Closure))
#32 C:\\laragon\\www\\vipclub\\vendor\\laravel\\framework\\src\\Illuminate\\Session\\Middleware\\StartSession.php(56): Illuminate\\Pipeline\\Pipeline->Illuminate\\Pipeline\\{closure}(Object(Illuminate\\Http\\Request))
#33 C:\\laragon\\www\\vipclub\\vendor\\laravel\\framework\\src\\Illuminate\\Pipeline\\Pipeline.php(171): Illuminate\\Session\\Middleware\\StartSession->handle(Object(Illuminate\\Http\\Request), Object(Closure))
#34 C:\\laragon\\www\\vipclub\\vendor\\laravel\\framework\\src\\Illuminate\\Cookie\\Middleware\\AddQueuedCookiesToResponse.php(37): Illuminate\\Pipeline\\Pipeline->Illuminate\\Pipeline\\{closure}(Object(Illuminate\\Http\\Request))
#35 C:\\laragon\\www\\vipclub\\vendor\\laravel\\framework\\src\\Illuminate\\Pipeline\\Pipeline.php(171): Illuminate\\Cookie\\Middleware\\AddQueuedCookiesToResponse->handle(Object(Illuminate\\Http\\Request), Object(Closure))
#36 C:\\laragon\\www\\vipclub\\vendor\\laravel\\framework\\src\\Illuminate\\Cookie\\Middleware\\EncryptCookies.php(67): Illuminate\\Pipeline\\Pipeline->Illuminate\\Pipeline\\{closure}(Object(Illuminate\\Http\\Request))
#37 C:\\laragon\\www\\vipclub\\vendor\\laravel\\framework\\src\\Illuminate\\Pipeline\\Pipeline.php(171): Illuminate\\Cookie\\Middleware\\EncryptCookies->handle(Object(Illuminate\\Http\\Request), Object(Closure))
#38 C:\\laragon\\www\\vipclub\\vendor\\laravel\\framework\\src\\Illuminate\\Pipeline\\Pipeline.php(105): Illuminate\\Pipeline\\Pipeline->Illuminate\\Pipeline\\{closure}(Object(Illuminate\\Http\\Request))
#39 C:\\laragon\\www\\vipclub\\vendor\\laravel\\framework\\src\\Illuminate\\Routing\\Router.php(688): Illuminate\\Pipeline\\Pipeline->then(Object(Closure))
#40 C:\\laragon\\www\\vipclub\\vendor\\laravel\\framework\\src\\Illuminate\\Routing\\Router.php(663): Illuminate\\Routing\\Router->runRouteWithinStack(Object(Illuminate\\Routing\\Route), Object(Illuminate\\Http\\Request))
#41 C:\\laragon\\www\\vipclub\\vendor\\laravel\\framework\\src\\Illuminate\\Routing\\Router.php(629): Illuminate\\Routing\\Router->runRoute(Object(Illuminate\\Http\\Request), Object(Illuminate\\Routing\\Route))
#42 C:\\laragon\\www\\vipclub\\vendor\\laravel\\framework\\src\\Illuminate\\Routing\\Router.php(618): Illuminate\\Routing\\Router->dispatchToRoute(Object(Illuminate\\Http\\Request))
#43 C:\\laragon\\www\\vipclub\\vendor\\laravel\\framework\\src\\Illuminate\\Foundation\\Http\\Kernel.php(172): Illuminate\\Routing\\Router->dispatch(Object(Illuminate\\Http\\Request))
#44 C:\\laragon\\www\\vipclub\\vendor\\laravel\\framework\\src\\Illuminate\\Pipeline\\Pipeline.php(130): Illuminate\\Foundation\\Http\\Kernel->Illuminate\\Foundation\\Http\\{closure}(Object(Illuminate\\Http\\Request))
#45 C:\\laragon\\www\\vipclub\\vendor\\fideloper\\proxy\\src\\TrustProxies.php(57): Illuminate\\Pipeline\\Pipeline->Illuminate\\Pipeline\\{closure}(Object(Illuminate\\Http\\Request))
#46 C:\\laragon\\www\\vipclub\\vendor\\laravel\\framework\\src\\Illuminate\\Pipeline\\Pipeline.php(171): Fideloper\\Proxy\\TrustProxies->handle(Object(Illuminate\\Http\\Request), Object(Closure))
#47 C:\\laragon\\www\\vipclub\\vendor\\laravel\\framework\\src\\Illuminate\\Foundation\\Http\\Middleware\\TransformsRequest.php(21): Illuminate\\Pipeline\\Pipeline->Illuminate\\Pipeline\\{closure}(Object(Illuminate\\Http\\Request))
#48 C:\\laragon\\www\\vipclub\\vendor\\laravel\\framework\\src\\Illuminate\\Pipeline\\Pipeline.php(171): Illuminate\\Foundation\\Http\\Middleware\\TransformsRequest->handle(Object(Illuminate\\Http\\Request), Object(Closure))
#49 C:\\laragon\\www\\vipclub\\vendor\\laravel\\framework\\src\\Illuminate\\Foundation\\Http\\Middleware\\TransformsRequest.php(21): Illuminate\\Pipeline\\Pipeline->Illuminate\\Pipeline\\{closure}(Object(Illuminate\\Http\\Request))
#50 C:\\laragon\\www\\vipclub\\vendor\\laravel\\framework\\src\\Illuminate\\Pipeline\\Pipeline.php(171): Illuminate\\Foundation\\Http\\Middleware\\TransformsRequest->handle(Object(Illuminate\\Http\\Request), Object(Closure))
#51 C:\\laragon\\www\\vipclub\\vendor\\laravel\\framework\\src\\Illuminate\\Foundation\\Http\\Middleware\\ValidatePostSize.php(27): Illuminate\\Pipeline\\Pipeline->Illuminate\\Pipeline\\{closure}(Object(Illuminate\\Http\\Request))
#52 C:\\laragon\\www\\vipclub\\vendor\\laravel\\framework\\src\\Illuminate\\Pipeline\\Pipeline.php(171): Illuminate\\Foundation\\Http\\Middleware\\ValidatePostSize->handle(Object(Illuminate\\Http\\Request), Object(Closure))
#53 C:\\laragon\\www\\vipclub\\vendor\\laravel\\framework\\src\\Illuminate\\Foundation\\Http\\Middleware\\CheckForMaintenanceMode.php(63): Illuminate\\Pipeline\\Pipeline->Illuminate\\Pipeline\\{closure}(Object(Illuminate\\Http\\Request))
#54 C:\\laragon\\www\\vipclub\\vendor\\laravel\\framework\\src\\Illuminate\\Pipeline\\Pipeline.php(171): Illuminate\\Foundation\\Http\\Middleware\\CheckForMaintenanceMode->handle(Object(Illuminate\\Http\\Request), Object(Closure))
#55 C:\\laragon\\www\\vipclub\\vendor\\laravel\\framework\\src\\Illuminate\\Pipeline\\Pipeline.php(105): Illuminate\\Pipeline\\Pipeline->Illuminate\\Pipeline\\{closure}(Object(Illuminate\\Http\\Request))
#56 C:\\laragon\\www\\vipclub\\vendor\\laravel\\framework\\src\\Illuminate\\Foundation\\Http\\Kernel.php(147): Illuminate\\Pipeline\\Pipeline->then(Object(Closure))
#57 C:\\laragon\\www\\vipclub\\vendor\\laravel\\framework\\src\\Illuminate\\Foundation\\Http\\Kernel.php(112): Illuminate\\Foundation\\Http\\Kernel->sendRequestThroughRouter(Object(Illuminate\\Http\\Request))
#58 C:\\laragon\\www\\vipclub\\index.php(52): Illuminate\\Foundation\\Http\\Kernel->handle(Object(Illuminate\\Http\\Request))
#59 {main}
"} 
[2024-08-11 12:02:55] production.ERROR: Error executing "CreateChannel" on "https://ivs.us-west-2.amazonaws.com/CreateChannel"; AWS HTTP error: Client error: `POST https://ivs.us-west-2.amazonaws.com/CreateChannel` resulted in a `400 Bad Request` response:
{
  "Code" : "ValidationException",
  "Message" : "Request member: recordingConfiguration failed to satisfy the constrai (truncated...)
 ValidationException (client): Request member: recordingConfiguration failed to satisfy the constraints: Recording configurations with CUSTOM rendition selection cannot be attached to BASIC channels - {
  "Code" : "ValidationException",
  "Message" : "Request member: recordingConfiguration failed to satisfy the constraints: Recording configurations with CUSTOM rendition selection cannot be attached to BASIC channels",
  "RequestID" : "cW6jDFmLPHcED0g="
} {"userId":122,"exception":"[object] (Aws\\IVS\\Exception\\IVSException(code: 0): Error executing \"CreateChannel\" on \"https://ivs.us-west-2.amazonaws.com/CreateChannel\"; AWS HTTP error: Client error: `POST https://ivs.us-west-2.amazonaws.com/CreateChannel` resulted in a `400 Bad Request` response:
{
  \"Code\" : \"ValidationException\",
  \"Message\" : \"Request member: recordingConfiguration failed to satisfy the constrai (truncated...)
 ValidationException (client): Request member: recordingConfiguration failed to satisfy the constraints: Recording configurations with CUSTOM rendition selection cannot be attached to BASIC channels - {
  \"Code\" : \"ValidationException\",
  \"Message\" : \"Request member: recordingConfiguration failed to satisfy the constraints: Recording configurations with CUSTOM rendition selection cannot be attached to BASIC channels\",
  \"RequestID\" : \"cW6jDFmLPHcED0g=\"
} at C:\\laragon\\www\\vipclub\\vendor\\aws\\aws-sdk-php\\src\\WrappedHttpHandler.php:195)
[stacktrace]
#0 C:\\laragon\\www\\vipclub\\vendor\\aws\\aws-sdk-php\\src\\WrappedHttpHandler.php(100): Aws\\WrappedHttpHandler->parseError(Array, Object(GuzzleHttp\\Psr7\\Request), Object(Aws\\Command), Array)
#1 C:\\laragon\\www\\vipclub\\vendor\\guzzlehttp\\promises\\src\\Promise.php(204): Aws\\WrappedHttpHandler->Aws\\{closure}(Array)
#2 C:\\laragon\\www\\vipclub\\vendor\\guzzlehttp\\promises\\src\\Promise.php(169): GuzzleHttp\\Promise\\Promise::callHandler(2, Array, NULL)
#3 C:\\laragon\\www\\vipclub\\vendor\\guzzlehttp\\promises\\src\\RejectedPromise.php(42): GuzzleHttp\\Promise\\Promise::GuzzleHttp\\Promise\\{closure}(Array)
#4 C:\\laragon\\www\\vipclub\\vendor\\guzzlehttp\\promises\\src\\TaskQueue.php(48): GuzzleHttp\\Promise\\RejectedPromise::GuzzleHttp\\Promise\\{closure}()
#5 C:\\laragon\\www\\vipclub\\vendor\\guzzlehttp\\guzzle\\src\\Handler\\CurlMultiHandler.php(158): GuzzleHttp\\Promise\\TaskQueue->run()
#6 C:\\laragon\\www\\vipclub\\vendor\\guzzlehttp\\guzzle\\src\\Handler\\CurlMultiHandler.php(183): GuzzleHttp\\Handler\\CurlMultiHandler->tick()
#7 C:\\laragon\\www\\vipclub\\vendor\\guzzlehttp\\promises\\src\\Promise.php(248): GuzzleHttp\\Handler\\CurlMultiHandler->execute(true)
#8 C:\\laragon\\www\\vipclub\\vendor\\guzzlehttp\\promises\\src\\Promise.php(224): GuzzleHttp\\Promise\\Promise->invokeWaitFn()
#9 C:\\laragon\\www\\vipclub\\vendor\\guzzlehttp\\promises\\src\\Promise.php(269): GuzzleHttp\\Promise\\Promise->waitIfPending()
#10 C:\\laragon\\www\\vipclub\\vendor\\guzzlehttp\\promises\\src\\Promise.php(226): GuzzleHttp\\Promise\\Promise->invokeWaitList()
#11 C:\\laragon\\www\\vipclub\\vendor\\guzzlehttp\\promises\\src\\Promise.php(269): GuzzleHttp\\Promise\\Promise->waitIfPending()
#12 C:\\laragon\\www\\vipclub\\vendor\\guzzlehttp\\promises\\src\\Promise.php(226): GuzzleHttp\\Promise\\Promise->invokeWaitList()
#13 C:\\laragon\\www\\vipclub\\vendor\\guzzlehttp\\promises\\src\\Promise.php(62): GuzzleHttp\\Promise\\Promise->waitIfPending()
#14 C:\\laragon\\www\\vipclub\\vendor\\aws\\aws-sdk-php\\src\\AwsClientTrait.php(58): GuzzleHttp\\Promise\\Promise->wait()
#15 C:\\laragon\\www\\vipclub\\vendor\\aws\\aws-sdk-php\\src\\AwsClientTrait.php(86): Aws\\AwsClient->execute(Object(Aws\\Command))
#16 C:\\laragon\\www\\vipclub\\app\\Http\\Controllers\\IvsController.php(39): Aws\\AwsClient->__call('createChannel', Array)
#17 C:\\laragon\\www\\vipclub\\vendor\\laravel\\framework\\src\\Illuminate\\Routing\\Controller.php(54): App\\Http\\Controllers\\IvsController->getIvsConfig()
#18 C:\\laragon\\www\\vipclub\\vendor\\laravel\\framework\\src\\Illuminate\\Routing\\ControllerDispatcher.php(45): Illuminate\\Routing\\Controller->callAction('getIvsConfig', Array)
#19 C:\\laragon\\www\\vipclub\\vendor\\laravel\\framework\\src\\Illuminate\\Routing\\Route.php(219): Illuminate\\Routing\\ControllerDispatcher->dispatch(Object(Illuminate\\Routing\\Route), Object(App\\Http\\Controllers\\IvsController), 'getIvsConfig')
#20 C:\\laragon\\www\\vipclub\\vendor\\laravel\\framework\\src\\Illuminate\\Routing\\Route.php(176): Illuminate\\Routing\\Route->runController()
#21 C:\\laragon\\www\\vipclub\\vendor\\laravel\\framework\\src\\Illuminate\\Routing\\Router.php(686): Illuminate\\Routing\\Route->run()
#22 C:\\laragon\\www\\vipclub\\vendor\\laravel\\framework\\src\\Illuminate\\Pipeline\\Pipeline.php(130): Illuminate\\Routing\\Router->Illuminate\\Routing\\{closure}(Object(Illuminate\\Http\\Request))
#23 C:\\laragon\\www\\vipclub\\app\\Http\\Middleware\\UserLastAuthMiddleware.php(59): Illuminate\\Pipeline\\Pipeline->Illuminate\\Pipeline\\{closure}(Object(Illuminate\\Http\\Request))
#24 C:\\laragon\\www\\vipclub\\vendor\\laravel\\framework\\src\\Illuminate\\Pipeline\\Pipeline.php(171): App\\Http\\Middleware\\UserLastAuthMiddleware->handle(Object(Illuminate\\Http\\Request), Object(Closure))
#25 C:\\laragon\\www\\vipclub\\vendor\\uxweb\\sweet-alert\\src\\SweetAlert\\ConvertMessagesIntoSweetAlert.php(49): Illuminate\\Pipeline\\Pipeline->Illuminate\\Pipeline\\{closure}(Object(Illuminate\\Http\\Request))
#26 C:\\laragon\\www\\vipclub\\vendor\\laravel\\framework\\src\\Illuminate\\Pipeline\\Pipeline.php(171): UxWeb\\SweetAlert\\ConvertMessagesIntoSweetAlert->handle(Object(Illuminate\\Http\\Request), Object(Closure))
#27 C:\\laragon\\www\\vipclub\\vendor\\laravel\\framework\\src\\Illuminate\\Routing\\Middleware\\SubstituteBindings.php(41): Illuminate\\Pipeline\\Pipeline->Illuminate\\Pipeline\\{closure}(Object(Illuminate\\Http\\Request))
#28 C:\\laragon\\www\\vipclub\\vendor\\laravel\\framework\\src\\Illuminate\\Pipeline\\Pipeline.php(171): Illuminate\\Routing\\Middleware\\SubstituteBindings->handle(Object(Illuminate\\Http\\Request), Object(Closure))
#29 C:\\laragon\\www\\vipclub\\vendor\\laravel\\framework\\src\\Illuminate\\Foundation\\Http\\Middleware\\VerifyCsrfToken.php(77): Illuminate\\Pipeline\\Pipeline->Illuminate\\Pipeline\\{closure}(Object(Illuminate\\Http\\Request))
#30 C:\\laragon\\www\\vipclub\\vendor\\laravel\\framework\\src\\Illuminate\\Pipeline\\Pipeline.php(171): Illuminate\\Foundation\\Http\\Middleware\\VerifyCsrfToken->handle(Object(Illuminate\\Http\\Request), Object(Closure))
#31 C:\\laragon\\www\\vipclub\\vendor\\laravel\\framework\\src\\Illuminate\\View\\Middleware\\ShareErrorsFromSession.php(49): Illuminate\\Pipeline\\Pipeline->Illuminate\\Pipeline\\{closure}(Object(Illuminate\\Http\\Request))
#32 C:\\laragon\\www\\vipclub\\vendor\\laravel\\framework\\src\\Illuminate\\Pipeline\\Pipeline.php(171): Illuminate\\View\\Middleware\\ShareErrorsFromSession->handle(Object(Illuminate\\Http\\Request), Object(Closure))
#33 C:\\laragon\\www\\vipclub\\vendor\\laravel\\framework\\src\\Illuminate\\Session\\Middleware\\StartSession.php(56): Illuminate\\Pipeline\\Pipeline->Illuminate\\Pipeline\\{closure}(Object(Illuminate\\Http\\Request))
#34 C:\\laragon\\www\\vipclub\\vendor\\laravel\\framework\\src\\Illuminate\\Pipeline\\Pipeline.php(171): Illuminate\\Session\\Middleware\\StartSession->handle(Object(Illuminate\\Http\\Request), Object(Closure))
#35 C:\\laragon\\www\\vipclub\\vendor\\laravel\\framework\\src\\Illuminate\\Cookie\\Middleware\\AddQueuedCookiesToResponse.php(37): Illuminate\\Pipeline\\Pipeline->Illuminate\\Pipeline\\{closure}(Object(Illuminate\\Http\\Request))
#36 C:\\laragon\\www\\vipclub\\vendor\\laravel\\framework\\src\\Illuminate\\Pipeline\\Pipeline.php(171): Illuminate\\Cookie\\Middleware\\AddQueuedCookiesToResponse->handle(Object(Illuminate\\Http\\Request), Object(Closure))
#37 C:\\laragon\\www\\vipclub\\vendor\\laravel\\framework\\src\\Illuminate\\Cookie\\Middleware\\EncryptCookies.php(67): Illuminate\\Pipeline\\Pipeline->Illuminate\\Pipeline\\{closure}(Object(Illuminate\\Http\\Request))
#38 C:\\laragon\\www\\vipclub\\vendor\\laravel\\framework\\src\\Illuminate\\Pipeline\\Pipeline.php(171): Illuminate\\Cookie\\Middleware\\EncryptCookies->handle(Object(Illuminate\\Http\\Request), Object(Closure))
#39 C:\\laragon\\www\\vipclub\\vendor\\laravel\\framework\\src\\Illuminate\\Pipeline\\Pipeline.php(105): Illuminate\\Pipeline\\Pipeline->Illuminate\\Pipeline\\{closure}(Object(Illuminate\\Http\\Request))
#40 C:\\laragon\\www\\vipclub\\vendor\\laravel\\framework\\src\\Illuminate\\Routing\\Router.php(688): Illuminate\\Pipeline\\Pipeline->then(Object(Closure))
#41 C:\\laragon\\www\\vipclub\\vendor\\laravel\\framework\\src\\Illuminate\\Routing\\Router.php(663): Illuminate\\Routing\\Router->runRouteWithinStack(Object(Illuminate\\Routing\\Route), Object(Illuminate\\Http\\Request))
#42 C:\\laragon\\www\\vipclub\\vendor\\laravel\\framework\\src\\Illuminate\\Routing\\Router.php(629): Illuminate\\Routing\\Router->runRoute(Object(Illuminate\\Http\\Request), Object(Illuminate\\Routing\\Route))
#43 C:\\laragon\\www\\vipclub\\vendor\\laravel\\framework\\src\\Illuminate\\Routing\\Router.php(618): Illuminate\\Routing\\Router->dispatchToRoute(Object(Illuminate\\Http\\Request))
#44 C:\\laragon\\www\\vipclub\\vendor\\laravel\\framework\\src\\Illuminate\\Foundation\\Http\\Kernel.php(172): Illuminate\\Routing\\Router->dispatch(Object(Illuminate\\Http\\Request))
#45 C:\\laragon\\www\\vipclub\\vendor\\laravel\\framework\\src\\Illuminate\\Pipeline\\Pipeline.php(130): Illuminate\\Foundation\\Http\\Kernel->Illuminate\\Foundation\\Http\\{closure}(Object(Illuminate\\Http\\Request))
#46 C:\\laragon\\www\\vipclub\\vendor\\fideloper\\proxy\\src\\TrustProxies.php(57): Illuminate\\Pipeline\\Pipeline->Illuminate\\Pipeline\\{closure}(Object(Illuminate\\Http\\Request))
#47 C:\\laragon\\www\\vipclub\\vendor\\laravel\\framework\\src\\Illuminate\\Pipeline\\Pipeline.php(171): Fideloper\\Proxy\\TrustProxies->handle(Object(Illuminate\\Http\\Request), Object(Closure))
#48 C:\\laragon\\www\\vipclub\\vendor\\laravel\\framework\\src\\Illuminate\\Foundation\\Http\\Middleware\\TransformsRequest.php(21): Illuminate\\Pipeline\\Pipeline->Illuminate\\Pipeline\\{closure}(Object(Illuminate\\Http\\Request))
#49 C:\\laragon\\www\\vipclub\\vendor\\laravel\\framework\\src\\Illuminate\\Pipeline\\Pipeline.php(171): Illuminate\\Foundation\\Http\\Middleware\\TransformsRequest->handle(Object(Illuminate\\Http\\Request), Object(Closure))
#50 C:\\laragon\\www\\vipclub\\vendor\\laravel\\framework\\src\\Illuminate\\Foundation\\Http\\Middleware\\TransformsRequest.php(21): Illuminate\\Pipeline\\Pipeline->Illuminate\\Pipeline\\{closure}(Object(Illuminate\\Http\\Request))
#51 C:\\laragon\\www\\vipclub\\vendor\\laravel\\framework\\src\\Illuminate\\Pipeline\\Pipeline.php(171): Illuminate\\Foundation\\Http\\Middleware\\TransformsRequest->handle(Object(Illuminate\\Http\\Request), Object(Closure))
#52 C:\\laragon\\www\\vipclub\\vendor\\laravel\\framework\\src\\Illuminate\\Foundation\\Http\\Middleware\\ValidatePostSize.php(27): Illuminate\\Pipeline\\Pipeline->Illuminate\\Pipeline\\{closure}(Object(Illuminate\\Http\\Request))
#53 C:\\laragon\\www\\vipclub\\vendor\\laravel\\framework\\src\\Illuminate\\Pipeline\\Pipeline.php(171): Illuminate\\Foundation\\Http\\Middleware\\ValidatePostSize->handle(Object(Illuminate\\Http\\Request), Object(Closure))
#54 C:\\laragon\\www\\vipclub\\vendor\\laravel\\framework\\src\\Illuminate\\Foundation\\Http\\Middleware\\CheckForMaintenanceMode.php(63): Illuminate\\Pipeline\\Pipeline->Illuminate\\Pipeline\\{closure}(Object(Illuminate\\Http\\Request))
#55 C:\\laragon\\www\\vipclub\\vendor\\laravel\\framework\\src\\Illuminate\\Pipeline\\Pipeline.php(171): Illuminate\\Foundation\\Http\\Middleware\\CheckForMaintenanceMode->handle(Object(Illuminate\\Http\\Request), Object(Closure))
#56 C:\\laragon\\www\\vipclub\\vendor\\laravel\\framework\\src\\Illuminate\\Pipeline\\Pipeline.php(105): Illuminate\\Pipeline\\Pipeline->Illuminate\\Pipeline\\{closure}(Object(Illuminate\\Http\\Request))
#57 C:\\laragon\\www\\vipclub\\vendor\\laravel\\framework\\src\\Illuminate\\Foundation\\Http\\Kernel.php(147): Illuminate\\Pipeline\\Pipeline->then(Object(Closure))
#58 C:\\laragon\\www\\vipclub\\vendor\\laravel\\framework\\src\\Illuminate\\Foundation\\Http\\Kernel.php(112): Illuminate\\Foundation\\Http\\Kernel->sendRequestThroughRouter(Object(Illuminate\\Http\\Request))
#59 C:\\laragon\\www\\vipclub\\index.php(52): Illuminate\\Foundation\\Http\\Kernel->handle(Object(Illuminate\\Http\\Request))
#60 {main}

[previous exception] [object] (GuzzleHttp\\Exception\\ClientException(code: 400): Client error: `POST https://ivs.us-west-2.amazonaws.com/CreateChannel` resulted in a `400 Bad Request` response:
{
  \"Code\" : \"ValidationException\",
  \"Message\" : \"Request member: recordingConfiguration failed to satisfy the constrai (truncated...)
 at C:\\laragon\\www\\vipclub\\vendor\\guzzlehttp\\guzzle\\src\\Exception\\RequestException.php:113)
[stacktrace]
#0 C:\\laragon\\www\\vipclub\\vendor\\guzzlehttp\\guzzle\\src\\Middleware.php(69): GuzzleHttp\\Exception\\RequestException::create(Object(GuzzleHttp\\Psr7\\Request), Object(GuzzleHttp\\Psr7\\Response), NULL, Array, NULL)
#1 C:\\laragon\\www\\vipclub\\vendor\\guzzlehttp\\promises\\src\\Promise.php(204): GuzzleHttp\\Middleware::GuzzleHttp\\{closure}(Object(GuzzleHttp\\Psr7\\Response))
#2 C:\\laragon\\www\\vipclub\\vendor\\guzzlehttp\\promises\\src\\Promise.php(153): GuzzleHttp\\Promise\\Promise::callHandler(1, Object(GuzzleHttp\\Psr7\\Response), NULL)
#3 C:\\laragon\\www\\vipclub\\vendor\\guzzlehttp\\promises\\src\\TaskQueue.php(48): GuzzleHttp\\Promise\\Promise::GuzzleHttp\\Promise\\{closure}()
#4 C:\\laragon\\www\\vipclub\\vendor\\guzzlehttp\\guzzle\\src\\Handler\\CurlMultiHandler.php(158): GuzzleHttp\\Promise\\TaskQueue->run()
#5 C:\\laragon\\www\\vipclub\\vendor\\guzzlehttp\\guzzle\\src\\Handler\\CurlMultiHandler.php(183): GuzzleHttp\\Handler\\CurlMultiHandler->tick()
#6 C:\\laragon\\www\\vipclub\\vendor\\guzzlehttp\\promises\\src\\Promise.php(248): GuzzleHttp\\Handler\\CurlMultiHandler->execute(true)
#7 C:\\laragon\\www\\vipclub\\vendor\\guzzlehttp\\promises\\src\\Promise.php(224): GuzzleHttp\\Promise\\Promise->invokeWaitFn()
#8 C:\\laragon\\www\\vipclub\\vendor\\guzzlehttp\\promises\\src\\Promise.php(269): GuzzleHttp\\Promise\\Promise->waitIfPending()
#9 C:\\laragon\\www\\vipclub\\vendor\\guzzlehttp\\promises\\src\\Promise.php(226): GuzzleHttp\\Promise\\Promise->invokeWaitList()
#10 C:\\laragon\\www\\vipclub\\vendor\\guzzlehttp\\promises\\src\\Promise.php(269): GuzzleHttp\\Promise\\Promise->waitIfPending()
#11 C:\\laragon\\www\\vipclub\\vendor\\guzzlehttp\\promises\\src\\Promise.php(226): GuzzleHttp\\Promise\\Promise->invokeWaitList()
#12 C:\\laragon\\www\\vipclub\\vendor\\guzzlehttp\\promises\\src\\Promise.php(62): GuzzleHttp\\Promise\\Promise->waitIfPending()
#13 C:\\laragon\\www\\vipclub\\vendor\\aws\\aws-sdk-php\\src\\AwsClientTrait.php(58): GuzzleHttp\\Promise\\Promise->wait()
#14 C:\\laragon\\www\\vipclub\\vendor\\aws\\aws-sdk-php\\src\\AwsClientTrait.php(86): Aws\\AwsClient->execute(Object(Aws\\Command))
#15 C:\\laragon\\www\\vipclub\\app\\Http\\Controllers\\IvsController.php(39): Aws\\AwsClient->__call('createChannel', Array)
#16 C:\\laragon\\www\\vipclub\\vendor\\laravel\\framework\\src\\Illuminate\\Routing\\Controller.php(54): App\\Http\\Controllers\\IvsController->getIvsConfig()
#17 C:\\laragon\\www\\vipclub\\vendor\\laravel\\framework\\src\\Illuminate\\Routing\\ControllerDispatcher.php(45): Illuminate\\Routing\\Controller->callAction('getIvsConfig', Array)
#18 C:\\laragon\\www\\vipclub\\vendor\\laravel\\framework\\src\\Illuminate\\Routing\\Route.php(219): Illuminate\\Routing\\ControllerDispatcher->dispatch(Object(Illuminate\\Routing\\Route), Object(App\\Http\\Controllers\\IvsController), 'getIvsConfig')
#19 C:\\laragon\\www\\vipclub\\vendor\\laravel\\framework\\src\\Illuminate\\Routing\\Route.php(176): Illuminate\\Routing\\Route->runController()
#20 C:\\laragon\\www\\vipclub\\vendor\\laravel\\framework\\src\\Illuminate\\Routing\\Router.php(686): Illuminate\\Routing\\Route->run()
#21 C:\\laragon\\www\\vipclub\\vendor\\laravel\\framework\\src\\Illuminate\\Pipeline\\Pipeline.php(130): Illuminate\\Routing\\Router->Illuminate\\Routing\\{closure}(Object(Illuminate\\Http\\Request))
#22 C:\\laragon\\www\\vipclub\\app\\Http\\Middleware\\UserLastAuthMiddleware.php(59): Illuminate\\Pipeline\\Pipeline->Illuminate\\Pipeline\\{closure}(Object(Illuminate\\Http\\Request))
#23 C:\\laragon\\www\\vipclub\\vendor\\laravel\\framework\\src\\Illuminate\\Pipeline\\Pipeline.php(171): App\\Http\\Middleware\\UserLastAuthMiddleware->handle(Object(Illuminate\\Http\\Request), Object(Closure))
#24 C:\\laragon\\www\\vipclub\\vendor\\uxweb\\sweet-alert\\src\\SweetAlert\\ConvertMessagesIntoSweetAlert.php(49): Illuminate\\Pipeline\\Pipeline->Illuminate\\Pipeline\\{closure}(Object(Illuminate\\Http\\Request))
#25 C:\\laragon\\www\\vipclub\\vendor\\laravel\\framework\\src\\Illuminate\\Pipeline\\Pipeline.php(171): UxWeb\\SweetAlert\\ConvertMessagesIntoSweetAlert->handle(Object(Illuminate\\Http\\Request), Object(Closure))
#26 C:\\laragon\\www\\vipclub\\vendor\\laravel\\framework\\src\\Illuminate\\Routing\\Middleware\\SubstituteBindings.php(41): Illuminate\\Pipeline\\Pipeline->Illuminate\\Pipeline\\{closure}(Object(Illuminate\\Http\\Request))
#27 C:\\laragon\\www\\vipclub\\vendor\\laravel\\framework\\src\\Illuminate\\Pipeline\\Pipeline.php(171): Illuminate\\Routing\\Middleware\\SubstituteBindings->handle(Object(Illuminate\\Http\\Request), Object(Closure))
#28 C:\\laragon\\www\\vipclub\\vendor\\laravel\\framework\\src\\Illuminate\\Foundation\\Http\\Middleware\\VerifyCsrfToken.php(77): Illuminate\\Pipeline\\Pipeline->Illuminate\\Pipeline\\{closure}(Object(Illuminate\\Http\\Request))
#29 C:\\laragon\\www\\vipclub\\vendor\\laravel\\framework\\src\\Illuminate\\Pipeline\\Pipeline.php(171): Illuminate\\Foundation\\Http\\Middleware\\VerifyCsrfToken->handle(Object(Illuminate\\Http\\Request), Object(Closure))
#30 C:\\laragon\\www\\vipclub\\vendor\\laravel\\framework\\src\\Illuminate\\View\\Middleware\\ShareErrorsFromSession.php(49): Illuminate\\Pipeline\\Pipeline->Illuminate\\Pipeline\\{closure}(Object(Illuminate\\Http\\Request))
#31 C:\\laragon\\www\\vipclub\\vendor\\laravel\\framework\\src\\Illuminate\\Pipeline\\Pipeline.php(171): Illuminate\\View\\Middleware\\ShareErrorsFromSession->handle(Object(Illuminate\\Http\\Request), Object(Closure))
#32 C:\\laragon\\www\\vipclub\\vendor\\laravel\\framework\\src\\Illuminate\\Session\\Middleware\\StartSession.php(56): Illuminate\\Pipeline\\Pipeline->Illuminate\\Pipeline\\{closure}(Object(Illuminate\\Http\\Request))
#33 C:\\laragon\\www\\vipclub\\vendor\\laravel\\framework\\src\\Illuminate\\Pipeline\\Pipeline.php(171): Illuminate\\Session\\Middleware\\StartSession->handle(Object(Illuminate\\Http\\Request), Object(Closure))
#34 C:\\laragon\\www\\vipclub\\vendor\\laravel\\framework\\src\\Illuminate\\Cookie\\Middleware\\AddQueuedCookiesToResponse.php(37): Illuminate\\Pipeline\\Pipeline->Illuminate\\Pipeline\\{closure}(Object(Illuminate\\Http\\Request))
#35 C:\\laragon\\www\\vipclub\\vendor\\laravel\\framework\\src\\Illuminate\\Pipeline\\Pipeline.php(171): Illuminate\\Cookie\\Middleware\\AddQueuedCookiesToResponse->handle(Object(Illuminate\\Http\\Request), Object(Closure))
#36 C:\\laragon\\www\\vipclub\\vendor\\laravel\\framework\\src\\Illuminate\\Cookie\\Middleware\\EncryptCookies.php(67): Illuminate\\Pipeline\\Pipeline->Illuminate\\Pipeline\\{closure}(Object(Illuminate\\Http\\Request))
#37 C:\\laragon\\www\\vipclub\\vendor\\laravel\\framework\\src\\Illuminate\\Pipeline\\Pipeline.php(171): Illuminate\\Cookie\\Middleware\\EncryptCookies->handle(Object(Illuminate\\Http\\Request), Object(Closure))
#38 C:\\laragon\\www\\vipclub\\vendor\\laravel\\framework\\src\\Illuminate\\Pipeline\\Pipeline.php(105): Illuminate\\Pipeline\\Pipeline->Illuminate\\Pipeline\\{closure}(Object(Illuminate\\Http\\Request))
#39 C:\\laragon\\www\\vipclub\\vendor\\laravel\\framework\\src\\Illuminate\\Routing\\Router.php(688): Illuminate\\Pipeline\\Pipeline->then(Object(Closure))
#40 C:\\laragon\\www\\vipclub\\vendor\\laravel\\framework\\src\\Illuminate\\Routing\\Router.php(663): Illuminate\\Routing\\Router->runRouteWithinStack(Object(Illuminate\\Routing\\Route), Object(Illuminate\\Http\\Request))
#41 C:\\laragon\\www\\vipclub\\vendor\\laravel\\framework\\src\\Illuminate\\Routing\\Router.php(629): Illuminate\\Routing\\Router->runRoute(Object(Illuminate\\Http\\Request), Object(Illuminate\\Routing\\Route))
#42 C:\\laragon\\www\\vipclub\\vendor\\laravel\\framework\\src\\Illuminate\\Routing\\Router.php(618): Illuminate\\Routing\\Router->dispatchToRoute(Object(Illuminate\\Http\\Request))
#43 C:\\laragon\\www\\vipclub\\vendor\\laravel\\framework\\src\\Illuminate\\Foundation\\Http\\Kernel.php(172): Illuminate\\Routing\\Router->dispatch(Object(Illuminate\\Http\\Request))
#44 C:\\laragon\\www\\vipclub\\vendor\\laravel\\framework\\src\\Illuminate\\Pipeline\\Pipeline.php(130): Illuminate\\Foundation\\Http\\Kernel->Illuminate\\Foundation\\Http\\{closure}(Object(Illuminate\\Http\\Request))
#45 C:\\laragon\\www\\vipclub\\vendor\\fideloper\\proxy\\src\\TrustProxies.php(57): Illuminate\\Pipeline\\Pipeline->Illuminate\\Pipeline\\{closure}(Object(Illuminate\\Http\\Request))
#46 C:\\laragon\\www\\vipclub\\vendor\\laravel\\framework\\src\\Illuminate\\Pipeline\\Pipeline.php(171): Fideloper\\Proxy\\TrustProxies->handle(Object(Illuminate\\Http\\Request), Object(Closure))
#47 C:\\laragon\\www\\vipclub\\vendor\\laravel\\framework\\src\\Illuminate\\Foundation\\Http\\Middleware\\TransformsRequest.php(21): Illuminate\\Pipeline\\Pipeline->Illuminate\\Pipeline\\{closure}(Object(Illuminate\\Http\\Request))
#48 C:\\laragon\\www\\vipclub\\vendor\\laravel\\framework\\src\\Illuminate\\Pipeline\\Pipeline.php(171): Illuminate\\Foundation\\Http\\Middleware\\TransformsRequest->handle(Object(Illuminate\\Http\\Request), Object(Closure))
#49 C:\\laragon\\www\\vipclub\\vendor\\laravel\\framework\\src\\Illuminate\\Foundation\\Http\\Middleware\\TransformsRequest.php(21): Illuminate\\Pipeline\\Pipeline->Illuminate\\Pipeline\\{closure}(Object(Illuminate\\Http\\Request))
#50 C:\\laragon\\www\\vipclub\\vendor\\laravel\\framework\\src\\Illuminate\\Pipeline\\Pipeline.php(171): Illuminate\\Foundation\\Http\\Middleware\\TransformsRequest->handle(Object(Illuminate\\Http\\Request), Object(Closure))
#51 C:\\laragon\\www\\vipclub\\vendor\\laravel\\framework\\src\\Illuminate\\Foundation\\Http\\Middleware\\ValidatePostSize.php(27): Illuminate\\Pipeline\\Pipeline->Illuminate\\Pipeline\\{closure}(Object(Illuminate\\Http\\Request))
#52 C:\\laragon\\www\\vipclub\\vendor\\laravel\\framework\\src\\Illuminate\\Pipeline\\Pipeline.php(171): Illuminate\\Foundation\\Http\\Middleware\\ValidatePostSize->handle(Object(Illuminate\\Http\\Request), Object(Closure))
#53 C:\\laragon\\www\\vipclub\\vendor\\laravel\\framework\\src\\Illuminate\\Foundation\\Http\\Middleware\\CheckForMaintenanceMode.php(63): Illuminate\\Pipeline\\Pipeline->Illuminate\\Pipeline\\{closure}(Object(Illuminate\\Http\\Request))
#54 C:\\laragon\\www\\vipclub\\vendor\\laravel\\framework\\src\\Illuminate\\Pipeline\\Pipeline.php(171): Illuminate\\Foundation\\Http\\Middleware\\CheckForMaintenanceMode->handle(Object(Illuminate\\Http\\Request), Object(Closure))
#55 C:\\laragon\\www\\vipclub\\vendor\\laravel\\framework\\src\\Illuminate\\Pipeline\\Pipeline.php(105): Illuminate\\Pipeline\\Pipeline->Illuminate\\Pipeline\\{closure}(Object(Illuminate\\Http\\Request))
#56 C:\\laragon\\www\\vipclub\\vendor\\laravel\\framework\\src\\Illuminate\\Foundation\\Http\\Kernel.php(147): Illuminate\\Pipeline\\Pipeline->then(Object(Closure))
#57 C:\\laragon\\www\\vipclub\\vendor\\laravel\\framework\\src\\Illuminate\\Foundation\\Http\\Kernel.php(112): Illuminate\\Foundation\\Http\\Kernel->sendRequestThroughRouter(Object(Illuminate\\Http\\Request))
#58 C:\\laragon\\www\\vipclub\\index.php(52): Illuminate\\Foundation\\Http\\Kernel->handle(Object(Illuminate\\Http\\Request))
#59 {main}
"} 
[2024-08-11 12:04:41] production.ERROR: Error executing "CreateChannel" on "https://ivs.us-west-2.amazonaws.com/CreateChannel"; AWS HTTP error: Client error: `POST https://ivs.us-west-2.amazonaws.com/CreateChannel` resulted in a `400 Bad Request` response:
{
  "Code" : "ValidationException",
  "Message" : "Request member: recordingConfiguration failed to satisfy the constrai (truncated...)
 ValidationException (client): Request member: recordingConfiguration failed to satisfy the constraints: Recording configurations with CUSTOM rendition selection cannot be attached to BASIC channels - {
  "Code" : "ValidationException",
  "Message" : "Request member: recordingConfiguration failed to satisfy the constraints: Recording configurations with CUSTOM rendition selection cannot be attached to BASIC channels",
  "RequestID" : "cW6zpEpuPHcEIGQ="
} {"userId":122,"exception":"[object] (Aws\\IVS\\Exception\\IVSException(code: 0): Error executing \"CreateChannel\" on \"https://ivs.us-west-2.amazonaws.com/CreateChannel\"; AWS HTTP error: Client error: `POST https://ivs.us-west-2.amazonaws.com/CreateChannel` resulted in a `400 Bad Request` response:
{
  \"Code\" : \"ValidationException\",
  \"Message\" : \"Request member: recordingConfiguration failed to satisfy the constrai (truncated...)
 ValidationException (client): Request member: recordingConfiguration failed to satisfy the constraints: Recording configurations with CUSTOM rendition selection cannot be attached to BASIC channels - {
  \"Code\" : \"ValidationException\",
  \"Message\" : \"Request member: recordingConfiguration failed to satisfy the constraints: Recording configurations with CUSTOM rendition selection cannot be attached to BASIC channels\",
  \"RequestID\" : \"cW6zpEpuPHcEIGQ=\"
} at C:\\laragon\\www\\vipclub\\vendor\\aws\\aws-sdk-php\\src\\WrappedHttpHandler.php:195)
[stacktrace]
#0 C:\\laragon\\www\\vipclub\\vendor\\aws\\aws-sdk-php\\src\\WrappedHttpHandler.php(100): Aws\\WrappedHttpHandler->parseError(Array, Object(GuzzleHttp\\Psr7\\Request), Object(Aws\\Command), Array)
#1 C:\\laragon\\www\\vipclub\\vendor\\guzzlehttp\\promises\\src\\Promise.php(204): Aws\\WrappedHttpHandler->Aws\\{closure}(Array)
#2 C:\\laragon\\www\\vipclub\\vendor\\guzzlehttp\\promises\\src\\Promise.php(169): GuzzleHttp\\Promise\\Promise::callHandler(2, Array, NULL)
#3 C:\\laragon\\www\\vipclub\\vendor\\guzzlehttp\\promises\\src\\RejectedPromise.php(42): GuzzleHttp\\Promise\\Promise::GuzzleHttp\\Promise\\{closure}(Array)
#4 C:\\laragon\\www\\vipclub\\vendor\\guzzlehttp\\promises\\src\\TaskQueue.php(48): GuzzleHttp\\Promise\\RejectedPromise::GuzzleHttp\\Promise\\{closure}()
#5 C:\\laragon\\www\\vipclub\\vendor\\guzzlehttp\\guzzle\\src\\Handler\\CurlMultiHandler.php(158): GuzzleHttp\\Promise\\TaskQueue->run()
#6 C:\\laragon\\www\\vipclub\\vendor\\guzzlehttp\\guzzle\\src\\Handler\\CurlMultiHandler.php(183): GuzzleHttp\\Handler\\CurlMultiHandler->tick()
#7 C:\\laragon\\www\\vipclub\\vendor\\guzzlehttp\\promises\\src\\Promise.php(248): GuzzleHttp\\Handler\\CurlMultiHandler->execute(true)
#8 C:\\laragon\\www\\vipclub\\vendor\\guzzlehttp\\promises\\src\\Promise.php(224): GuzzleHttp\\Promise\\Promise->invokeWaitFn()
#9 C:\\laragon\\www\\vipclub\\vendor\\guzzlehttp\\promises\\src\\Promise.php(269): GuzzleHttp\\Promise\\Promise->waitIfPending()
#10 C:\\laragon\\www\\vipclub\\vendor\\guzzlehttp\\promises\\src\\Promise.php(226): GuzzleHttp\\Promise\\Promise->invokeWaitList()
#11 C:\\laragon\\www\\vipclub\\vendor\\guzzlehttp\\promises\\src\\Promise.php(269): GuzzleHttp\\Promise\\Promise->waitIfPending()
#12 C:\\laragon\\www\\vipclub\\vendor\\guzzlehttp\\promises\\src\\Promise.php(226): GuzzleHttp\\Promise\\Promise->invokeWaitList()
#13 C:\\laragon\\www\\vipclub\\vendor\\guzzlehttp\\promises\\src\\Promise.php(62): GuzzleHttp\\Promise\\Promise->waitIfPending()
#14 C:\\laragon\\www\\vipclub\\vendor\\aws\\aws-sdk-php\\src\\AwsClientTrait.php(58): GuzzleHttp\\Promise\\Promise->wait()
#15 C:\\laragon\\www\\vipclub\\vendor\\aws\\aws-sdk-php\\src\\AwsClientTrait.php(86): Aws\\AwsClient->execute(Object(Aws\\Command))
#16 C:\\laragon\\www\\vipclub\\app\\Http\\Controllers\\IvsController.php(39): Aws\\AwsClient->__call('createChannel', Array)
#17 C:\\laragon\\www\\vipclub\\vendor\\laravel\\framework\\src\\Illuminate\\Routing\\Controller.php(54): App\\Http\\Controllers\\IvsController->getIvsConfig()
#18 C:\\laragon\\www\\vipclub\\vendor\\laravel\\framework\\src\\Illuminate\\Routing\\ControllerDispatcher.php(45): Illuminate\\Routing\\Controller->callAction('getIvsConfig', Array)
#19 C:\\laragon\\www\\vipclub\\vendor\\laravel\\framework\\src\\Illuminate\\Routing\\Route.php(219): Illuminate\\Routing\\ControllerDispatcher->dispatch(Object(Illuminate\\Routing\\Route), Object(App\\Http\\Controllers\\IvsController), 'getIvsConfig')
#20 C:\\laragon\\www\\vipclub\\vendor\\laravel\\framework\\src\\Illuminate\\Routing\\Route.php(176): Illuminate\\Routing\\Route->runController()
#21 C:\\laragon\\www\\vipclub\\vendor\\laravel\\framework\\src\\Illuminate\\Routing\\Router.php(686): Illuminate\\Routing\\Route->run()
#22 C:\\laragon\\www\\vipclub\\vendor\\laravel\\framework\\src\\Illuminate\\Pipeline\\Pipeline.php(130): Illuminate\\Routing\\Router->Illuminate\\Routing\\{closure}(Object(Illuminate\\Http\\Request))
#23 C:\\laragon\\www\\vipclub\\app\\Http\\Middleware\\UserLastAuthMiddleware.php(59): Illuminate\\Pipeline\\Pipeline->Illuminate\\Pipeline\\{closure}(Object(Illuminate\\Http\\Request))
#24 C:\\laragon\\www\\vipclub\\vendor\\laravel\\framework\\src\\Illuminate\\Pipeline\\Pipeline.php(171): App\\Http\\Middleware\\UserLastAuthMiddleware->handle(Object(Illuminate\\Http\\Request), Object(Closure))
#25 C:\\laragon\\www\\vipclub\\vendor\\uxweb\\sweet-alert\\src\\SweetAlert\\ConvertMessagesIntoSweetAlert.php(49): Illuminate\\Pipeline\\Pipeline->Illuminate\\Pipeline\\{closure}(Object(Illuminate\\Http\\Request))
#26 C:\\laragon\\www\\vipclub\\vendor\\laravel\\framework\\src\\Illuminate\\Pipeline\\Pipeline.php(171): UxWeb\\SweetAlert\\ConvertMessagesIntoSweetAlert->handle(Object(Illuminate\\Http\\Request), Object(Closure))
#27 C:\\laragon\\www\\vipclub\\vendor\\laravel\\framework\\src\\Illuminate\\Routing\\Middleware\\SubstituteBindings.php(41): Illuminate\\Pipeline\\Pipeline->Illuminate\\Pipeline\\{closure}(Object(Illuminate\\Http\\Request))
#28 C:\\laragon\\www\\vipclub\\vendor\\laravel\\framework\\src\\Illuminate\\Pipeline\\Pipeline.php(171): Illuminate\\Routing\\Middleware\\SubstituteBindings->handle(Object(Illuminate\\Http\\Request), Object(Closure))
#29 C:\\laragon\\www\\vipclub\\vendor\\laravel\\framework\\src\\Illuminate\\Foundation\\Http\\Middleware\\VerifyCsrfToken.php(77): Illuminate\\Pipeline\\Pipeline->Illuminate\\Pipeline\\{closure}(Object(Illuminate\\Http\\Request))
#30 C:\\laragon\\www\\vipclub\\vendor\\laravel\\framework\\src\\Illuminate\\Pipeline\\Pipeline.php(171): Illuminate\\Foundation\\Http\\Middleware\\VerifyCsrfToken->handle(Object(Illuminate\\Http\\Request), Object(Closure))
#31 C:\\laragon\\www\\vipclub\\vendor\\laravel\\framework\\src\\Illuminate\\View\\Middleware\\ShareErrorsFromSession.php(49): Illuminate\\Pipeline\\Pipeline->Illuminate\\Pipeline\\{closure}(Object(Illuminate\\Http\\Request))
#32 C:\\laragon\\www\\vipclub\\vendor\\laravel\\framework\\src\\Illuminate\\Pipeline\\Pipeline.php(171): Illuminate\\View\\Middleware\\ShareErrorsFromSession->handle(Object(Illuminate\\Http\\Request), Object(Closure))
#33 C:\\laragon\\www\\vipclub\\vendor\\laravel\\framework\\src\\Illuminate\\Session\\Middleware\\StartSession.php(56): Illuminate\\Pipeline\\Pipeline->Illuminate\\Pipeline\\{closure}(Object(Illuminate\\Http\\Request))
#34 C:\\laragon\\www\\vipclub\\vendor\\laravel\\framework\\src\\Illuminate\\Pipeline\\Pipeline.php(171): Illuminate\\Session\\Middleware\\StartSession->handle(Object(Illuminate\\Http\\Request), Object(Closure))
#35 C:\\laragon\\www\\vipclub\\vendor\\laravel\\framework\\src\\Illuminate\\Cookie\\Middleware\\AddQueuedCookiesToResponse.php(37): Illuminate\\Pipeline\\Pipeline->Illuminate\\Pipeline\\{closure}(Object(Illuminate\\Http\\Request))
#36 C:\\laragon\\www\\vipclub\\vendor\\laravel\\framework\\src\\Illuminate\\Pipeline\\Pipeline.php(171): Illuminate\\Cookie\\Middleware\\AddQueuedCookiesToResponse->handle(Object(Illuminate\\Http\\Request), Object(Closure))
#37 C:\\laragon\\www\\vipclub\\vendor\\laravel\\framework\\src\\Illuminate\\Cookie\\Middleware\\EncryptCookies.php(67): Illuminate\\Pipeline\\Pipeline->Illuminate\\Pipeline\\{closure}(Object(Illuminate\\Http\\Request))
#38 C:\\laragon\\www\\vipclub\\vendor\\laravel\\framework\\src\\Illuminate\\Pipeline\\Pipeline.php(171): Illuminate\\Cookie\\Middleware\\EncryptCookies->handle(Object(Illuminate\\Http\\Request), Object(Closure))
#39 C:\\laragon\\www\\vipclub\\vendor\\laravel\\framework\\src\\Illuminate\\Pipeline\\Pipeline.php(105): Illuminate\\Pipeline\\Pipeline->Illuminate\\Pipeline\\{closure}(Object(Illuminate\\Http\\Request))
#40 C:\\laragon\\www\\vipclub\\vendor\\laravel\\framework\\src\\Illuminate\\Routing\\Router.php(688): Illuminate\\Pipeline\\Pipeline->then(Object(Closure))
#41 C:\\laragon\\www\\vipclub\\vendor\\laravel\\framework\\src\\Illuminate\\Routing\\Router.php(663): Illuminate\\Routing\\Router->runRouteWithinStack(Object(Illuminate\\Routing\\Route), Object(Illuminate\\Http\\Request))
#42 C:\\laragon\\www\\vipclub\\vendor\\laravel\\framework\\src\\Illuminate\\Routing\\Router.php(629): Illuminate\\Routing\\Router->runRoute(Object(Illuminate\\Http\\Request), Object(Illuminate\\Routing\\Route))
#43 C:\\laragon\\www\\vipclub\\vendor\\laravel\\framework\\src\\Illuminate\\Routing\\Router.php(618): Illuminate\\Routing\\Router->dispatchToRoute(Object(Illuminate\\Http\\Request))
#44 C:\\laragon\\www\\vipclub\\vendor\\laravel\\framework\\src\\Illuminate\\Foundation\\Http\\Kernel.php(172): Illuminate\\Routing\\Router->dispatch(Object(Illuminate\\Http\\Request))
#45 C:\\laragon\\www\\vipclub\\vendor\\laravel\\framework\\src\\Illuminate\\Pipeline\\Pipeline.php(130): Illuminate\\Foundation\\Http\\Kernel->Illuminate\\Foundation\\Http\\{closure}(Object(Illuminate\\Http\\Request))
#46 C:\\laragon\\www\\vipclub\\vendor\\fideloper\\proxy\\src\\TrustProxies.php(57): Illuminate\\Pipeline\\Pipeline->Illuminate\\Pipeline\\{closure}(Object(Illuminate\\Http\\Request))
#47 C:\\laragon\\www\\vipclub\\vendor\\laravel\\framework\\src\\Illuminate\\Pipeline\\Pipeline.php(171): Fideloper\\Proxy\\TrustProxies->handle(Object(Illuminate\\Http\\Request), Object(Closure))
#48 C:\\laragon\\www\\vipclub\\vendor\\laravel\\framework\\src\\Illuminate\\Foundation\\Http\\Middleware\\TransformsRequest.php(21): Illuminate\\Pipeline\\Pipeline->Illuminate\\Pipeline\\{closure}(Object(Illuminate\\Http\\Request))
#49 C:\\laragon\\www\\vipclub\\vendor\\laravel\\framework\\src\\Illuminate\\Pipeline\\Pipeline.php(171): Illuminate\\Foundation\\Http\\Middleware\\TransformsRequest->handle(Object(Illuminate\\Http\\Request), Object(Closure))
#50 C:\\laragon\\www\\vipclub\\vendor\\laravel\\framework\\src\\Illuminate\\Foundation\\Http\\Middleware\\TransformsRequest.php(21): Illuminate\\Pipeline\\Pipeline->Illuminate\\Pipeline\\{closure}(Object(Illuminate\\Http\\Request))
#51 C:\\laragon\\www\\vipclub\\vendor\\laravel\\framework\\src\\Illuminate\\Pipeline\\Pipeline.php(171): Illuminate\\Foundation\\Http\\Middleware\\TransformsRequest->handle(Object(Illuminate\\Http\\Request), Object(Closure))
#52 C:\\laragon\\www\\vipclub\\vendor\\laravel\\framework\\src\\Illuminate\\Foundation\\Http\\Middleware\\ValidatePostSize.php(27): Illuminate\\Pipeline\\Pipeline->Illuminate\\Pipeline\\{closure}(Object(Illuminate\\Http\\Request))
#53 C:\\laragon\\www\\vipclub\\vendor\\laravel\\framework\\src\\Illuminate\\Pipeline\\Pipeline.php(171): Illuminate\\Foundation\\Http\\Middleware\\ValidatePostSize->handle(Object(Illuminate\\Http\\Request), Object(Closure))
#54 C:\\laragon\\www\\vipclub\\vendor\\laravel\\framework\\src\\Illuminate\\Foundation\\Http\\Middleware\\CheckForMaintenanceMode.php(63): Illuminate\\Pipeline\\Pipeline->Illuminate\\Pipeline\\{closure}(Object(Illuminate\\Http\\Request))
#55 C:\\laragon\\www\\vipclub\\vendor\\laravel\\framework\\src\\Illuminate\\Pipeline\\Pipeline.php(171): Illuminate\\Foundation\\Http\\Middleware\\CheckForMaintenanceMode->handle(Object(Illuminate\\Http\\Request), Object(Closure))
#56 C:\\laragon\\www\\vipclub\\vendor\\laravel\\framework\\src\\Illuminate\\Pipeline\\Pipeline.php(105): Illuminate\\Pipeline\\Pipeline->Illuminate\\Pipeline\\{closure}(Object(Illuminate\\Http\\Request))
#57 C:\\laragon\\www\\vipclub\\vendor\\laravel\\framework\\src\\Illuminate\\Foundation\\Http\\Kernel.php(147): Illuminate\\Pipeline\\Pipeline->then(Object(Closure))
#58 C:\\laragon\\www\\vipclub\\vendor\\laravel\\framework\\src\\Illuminate\\Foundation\\Http\\Kernel.php(112): Illuminate\\Foundation\\Http\\Kernel->sendRequestThroughRouter(Object(Illuminate\\Http\\Request))
#59 C:\\laragon\\www\\vipclub\\index.php(52): Illuminate\\Foundation\\Http\\Kernel->handle(Object(Illuminate\\Http\\Request))
#60 {main}

[previous exception] [object] (GuzzleHttp\\Exception\\ClientException(code: 400): Client error: `POST https://ivs.us-west-2.amazonaws.com/CreateChannel` resulted in a `400 Bad Request` response:
{
  \"Code\" : \"ValidationException\",
  \"Message\" : \"Request member: recordingConfiguration failed to satisfy the constrai (truncated...)
 at C:\\laragon\\www\\vipclub\\vendor\\guzzlehttp\\guzzle\\src\\Exception\\RequestException.php:113)
[stacktrace]
#0 C:\\laragon\\www\\vipclub\\vendor\\guzzlehttp\\guzzle\\src\\Middleware.php(69): GuzzleHttp\\Exception\\RequestException::create(Object(GuzzleHttp\\Psr7\\Request), Object(GuzzleHttp\\Psr7\\Response), NULL, Array, NULL)
#1 C:\\laragon\\www\\vipclub\\vendor\\guzzlehttp\\promises\\src\\Promise.php(204): GuzzleHttp\\Middleware::GuzzleHttp\\{closure}(Object(GuzzleHttp\\Psr7\\Response))
#2 C:\\laragon\\www\\vipclub\\vendor\\guzzlehttp\\promises\\src\\Promise.php(153): GuzzleHttp\\Promise\\Promise::callHandler(1, Object(GuzzleHttp\\Psr7\\Response), NULL)
#3 C:\\laragon\\www\\vipclub\\vendor\\guzzlehttp\\promises\\src\\TaskQueue.php(48): GuzzleHttp\\Promise\\Promise::GuzzleHttp\\Promise\\{closure}()
#4 C:\\laragon\\www\\vipclub\\vendor\\guzzlehttp\\guzzle\\src\\Handler\\CurlMultiHandler.php(158): GuzzleHttp\\Promise\\TaskQueue->run()
#5 C:\\laragon\\www\\vipclub\\vendor\\guzzlehttp\\guzzle\\src\\Handler\\CurlMultiHandler.php(183): GuzzleHttp\\Handler\\CurlMultiHandler->tick()
#6 C:\\laragon\\www\\vipclub\\vendor\\guzzlehttp\\promises\\src\\Promise.php(248): GuzzleHttp\\Handler\\CurlMultiHandler->execute(true)
#7 C:\\laragon\\www\\vipclub\\vendor\\guzzlehttp\\promises\\src\\Promise.php(224): GuzzleHttp\\Promise\\Promise->invokeWaitFn()
#8 C:\\laragon\\www\\vipclub\\vendor\\guzzlehttp\\promises\\src\\Promise.php(269): GuzzleHttp\\Promise\\Promise->waitIfPending()
#9 C:\\laragon\\www\\vipclub\\vendor\\guzzlehttp\\promises\\src\\Promise.php(226): GuzzleHttp\\Promise\\Promise->invokeWaitList()
#10 C:\\laragon\\www\\vipclub\\vendor\\guzzlehttp\\promises\\src\\Promise.php(269): GuzzleHttp\\Promise\\Promise->waitIfPending()
#11 C:\\laragon\\www\\vipclub\\vendor\\guzzlehttp\\promises\\src\\Promise.php(226): GuzzleHttp\\Promise\\Promise->invokeWaitList()
#12 C:\\laragon\\www\\vipclub\\vendor\\guzzlehttp\\promises\\src\\Promise.php(62): GuzzleHttp\\Promise\\Promise->waitIfPending()
#13 C:\\laragon\\www\\vipclub\\vendor\\aws\\aws-sdk-php\\src\\AwsClientTrait.php(58): GuzzleHttp\\Promise\\Promise->wait()
#14 C:\\laragon\\www\\vipclub\\vendor\\aws\\aws-sdk-php\\src\\AwsClientTrait.php(86): Aws\\AwsClient->execute(Object(Aws\\Command))
#15 C:\\laragon\\www\\vipclub\\app\\Http\\Controllers\\IvsController.php(39): Aws\\AwsClient->__call('createChannel', Array)
#16 C:\\laragon\\www\\vipclub\\vendor\\laravel\\framework\\src\\Illuminate\\Routing\\Controller.php(54): App\\Http\\Controllers\\IvsController->getIvsConfig()
#17 C:\\laragon\\www\\vipclub\\vendor\\laravel\\framework\\src\\Illuminate\\Routing\\ControllerDispatcher.php(45): Illuminate\\Routing\\Controller->callAction('getIvsConfig', Array)
#18 C:\\laragon\\www\\vipclub\\vendor\\laravel\\framework\\src\\Illuminate\\Routing\\Route.php(219): Illuminate\\Routing\\ControllerDispatcher->dispatch(Object(Illuminate\\Routing\\Route), Object(App\\Http\\Controllers\\IvsController), 'getIvsConfig')
#19 C:\\laragon\\www\\vipclub\\vendor\\laravel\\framework\\src\\Illuminate\\Routing\\Route.php(176): Illuminate\\Routing\\Route->runController()
#20 C:\\laragon\\www\\vipclub\\vendor\\laravel\\framework\\src\\Illuminate\\Routing\\Router.php(686): Illuminate\\Routing\\Route->run()
#21 C:\\laragon\\www\\vipclub\\vendor\\laravel\\framework\\src\\Illuminate\\Pipeline\\Pipeline.php(130): Illuminate\\Routing\\Router->Illuminate\\Routing\\{closure}(Object(Illuminate\\Http\\Request))
#22 C:\\laragon\\www\\vipclub\\app\\Http\\Middleware\\UserLastAuthMiddleware.php(59): Illuminate\\Pipeline\\Pipeline->Illuminate\\Pipeline\\{closure}(Object(Illuminate\\Http\\Request))
#23 C:\\laragon\\www\\vipclub\\vendor\\laravel\\framework\\src\\Illuminate\\Pipeline\\Pipeline.php(171): App\\Http\\Middleware\\UserLastAuthMiddleware->handle(Object(Illuminate\\Http\\Request), Object(Closure))
#24 C:\\laragon\\www\\vipclub\\vendor\\uxweb\\sweet-alert\\src\\SweetAlert\\ConvertMessagesIntoSweetAlert.php(49): Illuminate\\Pipeline\\Pipeline->Illuminate\\Pipeline\\{closure}(Object(Illuminate\\Http\\Request))
#25 C:\\laragon\\www\\vipclub\\vendor\\laravel\\framework\\src\\Illuminate\\Pipeline\\Pipeline.php(171): UxWeb\\SweetAlert\\ConvertMessagesIntoSweetAlert->handle(Object(Illuminate\\Http\\Request), Object(Closure))
#26 C:\\laragon\\www\\vipclub\\vendor\\laravel\\framework\\src\\Illuminate\\Routing\\Middleware\\SubstituteBindings.php(41): Illuminate\\Pipeline\\Pipeline->Illuminate\\Pipeline\\{closure}(Object(Illuminate\\Http\\Request))
#27 C:\\laragon\\www\\vipclub\\vendor\\laravel\\framework\\src\\Illuminate\\Pipeline\\Pipeline.php(171): Illuminate\\Routing\\Middleware\\SubstituteBindings->handle(Object(Illuminate\\Http\\Request), Object(Closure))
#28 C:\\laragon\\www\\vipclub\\vendor\\laravel\\framework\\src\\Illuminate\\Foundation\\Http\\Middleware\\VerifyCsrfToken.php(77): Illuminate\\Pipeline\\Pipeline->Illuminate\\Pipeline\\{closure}(Object(Illuminate\\Http\\Request))
#29 C:\\laragon\\www\\vipclub\\vendor\\laravel\\framework\\src\\Illuminate\\Pipeline\\Pipeline.php(171): Illuminate\\Foundation\\Http\\Middleware\\VerifyCsrfToken->handle(Object(Illuminate\\Http\\Request), Object(Closure))
#30 C:\\laragon\\www\\vipclub\\vendor\\laravel\\framework\\src\\Illuminate\\View\\Middleware\\ShareErrorsFromSession.php(49): Illuminate\\Pipeline\\Pipeline->Illuminate\\Pipeline\\{closure}(Object(Illuminate\\Http\\Request))
#31 C:\\laragon\\www\\vipclub\\vendor\\laravel\\framework\\src\\Illuminate\\Pipeline\\Pipeline.php(171): Illuminate\\View\\Middleware\\ShareErrorsFromSession->handle(Object(Illuminate\\Http\\Request), Object(Closure))
#32 C:\\laragon\\www\\vipclub\\vendor\\laravel\\framework\\src\\Illuminate\\Session\\Middleware\\StartSession.php(56): Illuminate\\Pipeline\\Pipeline->Illuminate\\Pipeline\\{closure}(Object(Illuminate\\Http\\Request))
#33 C:\\laragon\\www\\vipclub\\vendor\\laravel\\framework\\src\\Illuminate\\Pipeline\\Pipeline.php(171): Illuminate\\Session\\Middleware\\StartSession->handle(Object(Illuminate\\Http\\Request), Object(Closure))
#34 C:\\laragon\\www\\vipclub\\vendor\\laravel\\framework\\src\\Illuminate\\Cookie\\Middleware\\AddQueuedCookiesToResponse.php(37): Illuminate\\Pipeline\\Pipeline->Illuminate\\Pipeline\\{closure}(Object(Illuminate\\Http\\Request))
#35 C:\\laragon\\www\\vipclub\\vendor\\laravel\\framework\\src\\Illuminate\\Pipeline\\Pipeline.php(171): Illuminate\\Cookie\\Middleware\\AddQueuedCookiesToResponse->handle(Object(Illuminate\\Http\\Request), Object(Closure))
#36 C:\\laragon\\www\\vipclub\\vendor\\laravel\\framework\\src\\Illuminate\\Cookie\\Middleware\\EncryptCookies.php(67): Illuminate\\Pipeline\\Pipeline->Illuminate\\Pipeline\\{closure}(Object(Illuminate\\Http\\Request))
#37 C:\\laragon\\www\\vipclub\\vendor\\laravel\\framework\\src\\Illuminate\\Pipeline\\Pipeline.php(171): Illuminate\\Cookie\\Middleware\\EncryptCookies->handle(Object(Illuminate\\Http\\Request), Object(Closure))
#38 C:\\laragon\\www\\vipclub\\vendor\\laravel\\framework\\src\\Illuminate\\Pipeline\\Pipeline.php(105): Illuminate\\Pipeline\\Pipeline->Illuminate\\Pipeline\\{closure}(Object(Illuminate\\Http\\Request))
#39 C:\\laragon\\www\\vipclub\\vendor\\laravel\\framework\\src\\Illuminate\\Routing\\Router.php(688): Illuminate\\Pipeline\\Pipeline->then(Object(Closure))
#40 C:\\laragon\\www\\vipclub\\vendor\\laravel\\framework\\src\\Illuminate\\Routing\\Router.php(663): Illuminate\\Routing\\Router->runRouteWithinStack(Object(Illuminate\\Routing\\Route), Object(Illuminate\\Http\\Request))
#41 C:\\laragon\\www\\vipclub\\vendor\\laravel\\framework\\src\\Illuminate\\Routing\\Router.php(629): Illuminate\\Routing\\Router->runRoute(Object(Illuminate\\Http\\Request), Object(Illuminate\\Routing\\Route))
#42 C:\\laragon\\www\\vipclub\\vendor\\laravel\\framework\\src\\Illuminate\\Routing\\Router.php(618): Illuminate\\Routing\\Router->dispatchToRoute(Object(Illuminate\\Http\\Request))
#43 C:\\laragon\\www\\vipclub\\vendor\\laravel\\framework\\src\\Illuminate\\Foundation\\Http\\Kernel.php(172): Illuminate\\Routing\\Router->dispatch(Object(Illuminate\\Http\\Request))
#44 C:\\laragon\\www\\vipclub\\vendor\\laravel\\framework\\src\\Illuminate\\Pipeline\\Pipeline.php(130): Illuminate\\Foundation\\Http\\Kernel->Illuminate\\Foundation\\Http\\{closure}(Object(Illuminate\\Http\\Request))
#45 C:\\laragon\\www\\vipclub\\vendor\\fideloper\\proxy\\src\\TrustProxies.php(57): Illuminate\\Pipeline\\Pipeline->Illuminate\\Pipeline\\{closure}(Object(Illuminate\\Http\\Request))
#46 C:\\laragon\\www\\vipclub\\vendor\\laravel\\framework\\src\\Illuminate\\Pipeline\\Pipeline.php(171): Fideloper\\Proxy\\TrustProxies->handle(Object(Illuminate\\Http\\Request), Object(Closure))
#47 C:\\laragon\\www\\vipclub\\vendor\\laravel\\framework\\src\\Illuminate\\Foundation\\Http\\Middleware\\TransformsRequest.php(21): Illuminate\\Pipeline\\Pipeline->Illuminate\\Pipeline\\{closure}(Object(Illuminate\\Http\\Request))
#48 C:\\laragon\\www\\vipclub\\vendor\\laravel\\framework\\src\\Illuminate\\Pipeline\\Pipeline.php(171): Illuminate\\Foundation\\Http\\Middleware\\TransformsRequest->handle(Object(Illuminate\\Http\\Request), Object(Closure))
#49 C:\\laragon\\www\\vipclub\\vendor\\laravel\\framework\\src\\Illuminate\\Foundation\\Http\\Middleware\\TransformsRequest.php(21): Illuminate\\Pipeline\\Pipeline->Illuminate\\Pipeline\\{closure}(Object(Illuminate\\Http\\Request))
#50 C:\\laragon\\www\\vipclub\\vendor\\laravel\\framework\\src\\Illuminate\\Pipeline\\Pipeline.php(171): Illuminate\\Foundation\\Http\\Middleware\\TransformsRequest->handle(Object(Illuminate\\Http\\Request), Object(Closure))
#51 C:\\laragon\\www\\vipclub\\vendor\\laravel\\framework\\src\\Illuminate\\Foundation\\Http\\Middleware\\ValidatePostSize.php(27): Illuminate\\Pipeline\\Pipeline->Illuminate\\Pipeline\\{closure}(Object(Illuminate\\Http\\Request))
#52 C:\\laragon\\www\\vipclub\\vendor\\laravel\\framework\\src\\Illuminate\\Pipeline\\Pipeline.php(171): Illuminate\\Foundation\\Http\\Middleware\\ValidatePostSize->handle(Object(Illuminate\\Http\\Request), Object(Closure))
#53 C:\\laragon\\www\\vipclub\\vendor\\laravel\\framework\\src\\Illuminate\\Foundation\\Http\\Middleware\\CheckForMaintenanceMode.php(63): Illuminate\\Pipeline\\Pipeline->Illuminate\\Pipeline\\{closure}(Object(Illuminate\\Http\\Request))
#54 C:\\laragon\\www\\vipclub\\vendor\\laravel\\framework\\src\\Illuminate\\Pipeline\\Pipeline.php(171): Illuminate\\Foundation\\Http\\Middleware\\CheckForMaintenanceMode->handle(Object(Illuminate\\Http\\Request), Object(Closure))
#55 C:\\laragon\\www\\vipclub\\vendor\\laravel\\framework\\src\\Illuminate\\Pipeline\\Pipeline.php(105): Illuminate\\Pipeline\\Pipeline->Illuminate\\Pipeline\\{closure}(Object(Illuminate\\Http\\Request))
#56 C:\\laragon\\www\\vipclub\\vendor\\laravel\\framework\\src\\Illuminate\\Foundation\\Http\\Kernel.php(147): Illuminate\\Pipeline\\Pipeline->then(Object(Closure))
#57 C:\\laragon\\www\\vipclub\\vendor\\laravel\\framework\\src\\Illuminate\\Foundation\\Http\\Kernel.php(112): Illuminate\\Foundation\\Http\\Kernel->sendRequestThroughRouter(Object(Illuminate\\Http\\Request))
#58 C:\\laragon\\www\\vipclub\\index.php(52): Illuminate\\Foundation\\Http\\Kernel->handle(Object(Illuminate\\Http\\Request))
#59 {main}
"} 
[2024-08-11 12:06:24] production.ERROR: Error executing "CreateChannel" on "https://ivs.us-west-2.amazonaws.com/CreateChannel"; AWS HTTP error: Client error: `POST https://ivs.us-west-2.amazonaws.com/CreateChannel` resulted in a `400 Bad Request` response:
{
  "Code" : "ValidationException",
  "Message" : "Request member: recordingConfiguration failed to satisfy the constrai (truncated...)
 ValidationException (client): Request member: recordingConfiguration failed to satisfy the constraints: Recording configurations with CUSTOM rendition selection cannot be attached to BASIC channels - {
  "Code" : "ValidationException",
  "Message" : "Request member: recordingConfiguration failed to satisfy the constraints: Recording configurations with CUSTOM rendition selection cannot be attached to BASIC channels",
  "RequestID" : "cW7DrH7zvHcEPQw="
} {"userId":122,"exception":"[object] (Aws\\IVS\\Exception\\IVSException(code: 0): Error executing \"CreateChannel\" on \"https://ivs.us-west-2.amazonaws.com/CreateChannel\"; AWS HTTP error: Client error: `POST https://ivs.us-west-2.amazonaws.com/CreateChannel` resulted in a `400 Bad Request` response:
{
  \"Code\" : \"ValidationException\",
  \"Message\" : \"Request member: recordingConfiguration failed to satisfy the constrai (truncated...)
 ValidationException (client): Request member: recordingConfiguration failed to satisfy the constraints: Recording configurations with CUSTOM rendition selection cannot be attached to BASIC channels - {
  \"Code\" : \"ValidationException\",
  \"Message\" : \"Request member: recordingConfiguration failed to satisfy the constraints: Recording configurations with CUSTOM rendition selection cannot be attached to BASIC channels\",
  \"RequestID\" : \"cW7DrH7zvHcEPQw=\"
} at C:\\laragon\\www\\vipclub\\vendor\\aws\\aws-sdk-php\\src\\WrappedHttpHandler.php:195)
[stacktrace]
#0 C:\\laragon\\www\\vipclub\\vendor\\aws\\aws-sdk-php\\src\\WrappedHttpHandler.php(100): Aws\\WrappedHttpHandler->parseError(Array, Object(GuzzleHttp\\Psr7\\Request), Object(Aws\\Command), Array)
#1 C:\\laragon\\www\\vipclub\\vendor\\guzzlehttp\\promises\\src\\Promise.php(204): Aws\\WrappedHttpHandler->Aws\\{closure}(Array)
#2 C:\\laragon\\www\\vipclub\\vendor\\guzzlehttp\\promises\\src\\Promise.php(169): GuzzleHttp\\Promise\\Promise::callHandler(2, Array, NULL)
#3 C:\\laragon\\www\\vipclub\\vendor\\guzzlehttp\\promises\\src\\RejectedPromise.php(42): GuzzleHttp\\Promise\\Promise::GuzzleHttp\\Promise\\{closure}(Array)
#4 C:\\laragon\\www\\vipclub\\vendor\\guzzlehttp\\promises\\src\\TaskQueue.php(48): GuzzleHttp\\Promise\\RejectedPromise::GuzzleHttp\\Promise\\{closure}()
#5 C:\\laragon\\www\\vipclub\\vendor\\guzzlehttp\\guzzle\\src\\Handler\\CurlMultiHandler.php(158): GuzzleHttp\\Promise\\TaskQueue->run()
#6 C:\\laragon\\www\\vipclub\\vendor\\guzzlehttp\\guzzle\\src\\Handler\\CurlMultiHandler.php(183): GuzzleHttp\\Handler\\CurlMultiHandler->tick()
#7 C:\\laragon\\www\\vipclub\\vendor\\guzzlehttp\\promises\\src\\Promise.php(248): GuzzleHttp\\Handler\\CurlMultiHandler->execute(true)
#8 C:\\laragon\\www\\vipclub\\vendor\\guzzlehttp\\promises\\src\\Promise.php(224): GuzzleHttp\\Promise\\Promise->invokeWaitFn()
#9 C:\\laragon\\www\\vipclub\\vendor\\guzzlehttp\\promises\\src\\Promise.php(269): GuzzleHttp\\Promise\\Promise->waitIfPending()
#10 C:\\laragon\\www\\vipclub\\vendor\\guzzlehttp\\promises\\src\\Promise.php(226): GuzzleHttp\\Promise\\Promise->invokeWaitList()
#11 C:\\laragon\\www\\vipclub\\vendor\\guzzlehttp\\promises\\src\\Promise.php(269): GuzzleHttp\\Promise\\Promise->waitIfPending()
#12 C:\\laragon\\www\\vipclub\\vendor\\guzzlehttp\\promises\\src\\Promise.php(226): GuzzleHttp\\Promise\\Promise->invokeWaitList()
#13 C:\\laragon\\www\\vipclub\\vendor\\guzzlehttp\\promises\\src\\Promise.php(62): GuzzleHttp\\Promise\\Promise->waitIfPending()
#14 C:\\laragon\\www\\vipclub\\vendor\\aws\\aws-sdk-php\\src\\AwsClientTrait.php(58): GuzzleHttp\\Promise\\Promise->wait()
#15 C:\\laragon\\www\\vipclub\\vendor\\aws\\aws-sdk-php\\src\\AwsClientTrait.php(86): Aws\\AwsClient->execute(Object(Aws\\Command))
#16 C:\\laragon\\www\\vipclub\\app\\Http\\Controllers\\IvsController.php(39): Aws\\AwsClient->__call('createChannel', Array)
#17 C:\\laragon\\www\\vipclub\\vendor\\laravel\\framework\\src\\Illuminate\\Routing\\Controller.php(54): App\\Http\\Controllers\\IvsController->getIvsConfig()
#18 C:\\laragon\\www\\vipclub\\vendor\\laravel\\framework\\src\\Illuminate\\Routing\\ControllerDispatcher.php(45): Illuminate\\Routing\\Controller->callAction('getIvsConfig', Array)
#19 C:\\laragon\\www\\vipclub\\vendor\\laravel\\framework\\src\\Illuminate\\Routing\\Route.php(219): Illuminate\\Routing\\ControllerDispatcher->dispatch(Object(Illuminate\\Routing\\Route), Object(App\\Http\\Controllers\\IvsController), 'getIvsConfig')
#20 C:\\laragon\\www\\vipclub\\vendor\\laravel\\framework\\src\\Illuminate\\Routing\\Route.php(176): Illuminate\\Routing\\Route->runController()
#21 C:\\laragon\\www\\vipclub\\vendor\\laravel\\framework\\src\\Illuminate\\Routing\\Router.php(686): Illuminate\\Routing\\Route->run()
#22 C:\\laragon\\www\\vipclub\\vendor\\laravel\\framework\\src\\Illuminate\\Pipeline\\Pipeline.php(130): Illuminate\\Routing\\Router->Illuminate\\Routing\\{closure}(Object(Illuminate\\Http\\Request))
#23 C:\\laragon\\www\\vipclub\\app\\Http\\Middleware\\UserLastAuthMiddleware.php(59): Illuminate\\Pipeline\\Pipeline->Illuminate\\Pipeline\\{closure}(Object(Illuminate\\Http\\Request))
#24 C:\\laragon\\www\\vipclub\\vendor\\laravel\\framework\\src\\Illuminate\\Pipeline\\Pipeline.php(171): App\\Http\\Middleware\\UserLastAuthMiddleware->handle(Object(Illuminate\\Http\\Request), Object(Closure))
#25 C:\\laragon\\www\\vipclub\\vendor\\uxweb\\sweet-alert\\src\\SweetAlert\\ConvertMessagesIntoSweetAlert.php(49): Illuminate\\Pipeline\\Pipeline->Illuminate\\Pipeline\\{closure}(Object(Illuminate\\Http\\Request))
#26 C:\\laragon\\www\\vipclub\\vendor\\laravel\\framework\\src\\Illuminate\\Pipeline\\Pipeline.php(171): UxWeb\\SweetAlert\\ConvertMessagesIntoSweetAlert->handle(Object(Illuminate\\Http\\Request), Object(Closure))
#27 C:\\laragon\\www\\vipclub\\vendor\\laravel\\framework\\src\\Illuminate\\Routing\\Middleware\\SubstituteBindings.php(41): Illuminate\\Pipeline\\Pipeline->Illuminate\\Pipeline\\{closure}(Object(Illuminate\\Http\\Request))
#28 C:\\laragon\\www\\vipclub\\vendor\\laravel\\framework\\src\\Illuminate\\Pipeline\\Pipeline.php(171): Illuminate\\Routing\\Middleware\\SubstituteBindings->handle(Object(Illuminate\\Http\\Request), Object(Closure))
#29 C:\\laragon\\www\\vipclub\\vendor\\laravel\\framework\\src\\Illuminate\\Foundation\\Http\\Middleware\\VerifyCsrfToken.php(77): Illuminate\\Pipeline\\Pipeline->Illuminate\\Pipeline\\{closure}(Object(Illuminate\\Http\\Request))
#30 C:\\laragon\\www\\vipclub\\vendor\\laravel\\framework\\src\\Illuminate\\Pipeline\\Pipeline.php(171): Illuminate\\Foundation\\Http\\Middleware\\VerifyCsrfToken->handle(Object(Illuminate\\Http\\Request), Object(Closure))
#31 C:\\laragon\\www\\vipclub\\vendor\\laravel\\framework\\src\\Illuminate\\View\\Middleware\\ShareErrorsFromSession.php(49): Illuminate\\Pipeline\\Pipeline->Illuminate\\Pipeline\\{closure}(Object(Illuminate\\Http\\Request))
#32 C:\\laragon\\www\\vipclub\\vendor\\laravel\\framework\\src\\Illuminate\\Pipeline\\Pipeline.php(171): Illuminate\\View\\Middleware\\ShareErrorsFromSession->handle(Object(Illuminate\\Http\\Request), Object(Closure))
#33 C:\\laragon\\www\\vipclub\\vendor\\laravel\\framework\\src\\Illuminate\\Session\\Middleware\\StartSession.php(56): Illuminate\\Pipeline\\Pipeline->Illuminate\\Pipeline\\{closure}(Object(Illuminate\\Http\\Request))
#34 C:\\laragon\\www\\vipclub\\vendor\\laravel\\framework\\src\\Illuminate\\Pipeline\\Pipeline.php(171): Illuminate\\Session\\Middleware\\StartSession->handle(Object(Illuminate\\Http\\Request), Object(Closure))
#35 C:\\laragon\\www\\vipclub\\vendor\\laravel\\framework\\src\\Illuminate\\Cookie\\Middleware\\AddQueuedCookiesToResponse.php(37): Illuminate\\Pipeline\\Pipeline->Illuminate\\Pipeline\\{closure}(Object(Illuminate\\Http\\Request))
#36 C:\\laragon\\www\\vipclub\\vendor\\laravel\\framework\\src\\Illuminate\\Pipeline\\Pipeline.php(171): Illuminate\\Cookie\\Middleware\\AddQueuedCookiesToResponse->handle(Object(Illuminate\\Http\\Request), Object(Closure))
#37 C:\\laragon\\www\\vipclub\\vendor\\laravel\\framework\\src\\Illuminate\\Cookie\\Middleware\\EncryptCookies.php(67): Illuminate\\Pipeline\\Pipeline->Illuminate\\Pipeline\\{closure}(Object(Illuminate\\Http\\Request))
#38 C:\\laragon\\www\\vipclub\\vendor\\laravel\\framework\\src\\Illuminate\\Pipeline\\Pipeline.php(171): Illuminate\\Cookie\\Middleware\\EncryptCookies->handle(Object(Illuminate\\Http\\Request), Object(Closure))
#39 C:\\laragon\\www\\vipclub\\vendor\\laravel\\framework\\src\\Illuminate\\Pipeline\\Pipeline.php(105): Illuminate\\Pipeline\\Pipeline->Illuminate\\Pipeline\\{closure}(Object(Illuminate\\Http\\Request))
#40 C:\\laragon\\www\\vipclub\\vendor\\laravel\\framework\\src\\Illuminate\\Routing\\Router.php(688): Illuminate\\Pipeline\\Pipeline->then(Object(Closure))
#41 C:\\laragon\\www\\vipclub\\vendor\\laravel\\framework\\src\\Illuminate\\Routing\\Router.php(663): Illuminate\\Routing\\Router->runRouteWithinStack(Object(Illuminate\\Routing\\Route), Object(Illuminate\\Http\\Request))
#42 C:\\laragon\\www\\vipclub\\vendor\\laravel\\framework\\src\\Illuminate\\Routing\\Router.php(629): Illuminate\\Routing\\Router->runRoute(Object(Illuminate\\Http\\Request), Object(Illuminate\\Routing\\Route))
#43 C:\\laragon\\www\\vipclub\\vendor\\laravel\\framework\\src\\Illuminate\\Routing\\Router.php(618): Illuminate\\Routing\\Router->dispatchToRoute(Object(Illuminate\\Http\\Request))
#44 C:\\laragon\\www\\vipclub\\vendor\\laravel\\framework\\src\\Illuminate\\Foundation\\Http\\Kernel.php(172): Illuminate\\Routing\\Router->dispatch(Object(Illuminate\\Http\\Request))
#45 C:\\laragon\\www\\vipclub\\vendor\\laravel\\framework\\src\\Illuminate\\Pipeline\\Pipeline.php(130): Illuminate\\Foundation\\Http\\Kernel->Illuminate\\Foundation\\Http\\{closure}(Object(Illuminate\\Http\\Request))
#46 C:\\laragon\\www\\vipclub\\vendor\\fideloper\\proxy\\src\\TrustProxies.php(57): Illuminate\\Pipeline\\Pipeline->Illuminate\\Pipeline\\{closure}(Object(Illuminate\\Http\\Request))
#47 C:\\laragon\\www\\vipclub\\vendor\\laravel\\framework\\src\\Illuminate\\Pipeline\\Pipeline.php(171): Fideloper\\Proxy\\TrustProxies->handle(Object(Illuminate\\Http\\Request), Object(Closure))
#48 C:\\laragon\\www\\vipclub\\vendor\\laravel\\framework\\src\\Illuminate\\Foundation\\Http\\Middleware\\TransformsRequest.php(21): Illuminate\\Pipeline\\Pipeline->Illuminate\\Pipeline\\{closure}(Object(Illuminate\\Http\\Request))
#49 C:\\laragon\\www\\vipclub\\vendor\\laravel\\framework\\src\\Illuminate\\Pipeline\\Pipeline.php(171): Illuminate\\Foundation\\Http\\Middleware\\TransformsRequest->handle(Object(Illuminate\\Http\\Request), Object(Closure))
#50 C:\\laragon\\www\\vipclub\\vendor\\laravel\\framework\\src\\Illuminate\\Foundation\\Http\\Middleware\\TransformsRequest.php(21): Illuminate\\Pipeline\\Pipeline->Illuminate\\Pipeline\\{closure}(Object(Illuminate\\Http\\Request))
#51 C:\\laragon\\www\\vipclub\\vendor\\laravel\\framework\\src\\Illuminate\\Pipeline\\Pipeline.php(171): Illuminate\\Foundation\\Http\\Middleware\\TransformsRequest->handle(Object(Illuminate\\Http\\Request), Object(Closure))
#52 C:\\laragon\\www\\vipclub\\vendor\\laravel\\framework\\src\\Illuminate\\Foundation\\Http\\Middleware\\ValidatePostSize.php(27): Illuminate\\Pipeline\\Pipeline->Illuminate\\Pipeline\\{closure}(Object(Illuminate\\Http\\Request))
#53 C:\\laragon\\www\\vipclub\\vendor\\laravel\\framework\\src\\Illuminate\\Pipeline\\Pipeline.php(171): Illuminate\\Foundation\\Http\\Middleware\\ValidatePostSize->handle(Object(Illuminate\\Http\\Request), Object(Closure))
#54 C:\\laragon\\www\\vipclub\\vendor\\laravel\\framework\\src\\Illuminate\\Foundation\\Http\\Middleware\\CheckForMaintenanceMode.php(63): Illuminate\\Pipeline\\Pipeline->Illuminate\\Pipeline\\{closure}(Object(Illuminate\\Http\\Request))
#55 C:\\laragon\\www\\vipclub\\vendor\\laravel\\framework\\src\\Illuminate\\Pipeline\\Pipeline.php(171): Illuminate\\Foundation\\Http\\Middleware\\CheckForMaintenanceMode->handle(Object(Illuminate\\Http\\Request), Object(Closure))
#56 C:\\laragon\\www\\vipclub\\vendor\\laravel\\framework\\src\\Illuminate\\Pipeline\\Pipeline.php(105): Illuminate\\Pipeline\\Pipeline->Illuminate\\Pipeline\\{closure}(Object(Illuminate\\Http\\Request))
#57 C:\\laragon\\www\\vipclub\\vendor\\laravel\\framework\\src\\Illuminate\\Foundation\\Http\\Kernel.php(147): Illuminate\\Pipeline\\Pipeline->then(Object(Closure))
#58 C:\\laragon\\www\\vipclub\\vendor\\laravel\\framework\\src\\Illuminate\\Foundation\\Http\\Kernel.php(112): Illuminate\\Foundation\\Http\\Kernel->sendRequestThroughRouter(Object(Illuminate\\Http\\Request))
#59 C:\\laragon\\www\\vipclub\\index.php(52): Illuminate\\Foundation\\Http\\Kernel->handle(Object(Illuminate\\Http\\Request))
#60 {main}

[previous exception] [object] (GuzzleHttp\\Exception\\ClientException(code: 400): Client error: `POST https://ivs.us-west-2.amazonaws.com/CreateChannel` resulted in a `400 Bad Request` response:
{
  \"Code\" : \"ValidationException\",
  \"Message\" : \"Request member: recordingConfiguration failed to satisfy the constrai (truncated...)
 at C:\\laragon\\www\\vipclub\\vendor\\guzzlehttp\\guzzle\\src\\Exception\\RequestException.php:113)
[stacktrace]
#0 C:\\laragon\\www\\vipclub\\vendor\\guzzlehttp\\guzzle\\src\\Middleware.php(69): GuzzleHttp\\Exception\\RequestException::create(Object(GuzzleHttp\\Psr7\\Request), Object(GuzzleHttp\\Psr7\\Response), NULL, Array, NULL)
#1 C:\\laragon\\www\\vipclub\\vendor\\guzzlehttp\\promises\\src\\Promise.php(204): GuzzleHttp\\Middleware::GuzzleHttp\\{closure}(Object(GuzzleHttp\\Psr7\\Response))
#2 C:\\laragon\\www\\vipclub\\vendor\\guzzlehttp\\promises\\src\\Promise.php(153): GuzzleHttp\\Promise\\Promise::callHandler(1, Object(GuzzleHttp\\Psr7\\Response), NULL)
#3 C:\\laragon\\www\\vipclub\\vendor\\guzzlehttp\\promises\\src\\TaskQueue.php(48): GuzzleHttp\\Promise\\Promise::GuzzleHttp\\Promise\\{closure}()
#4 C:\\laragon\\www\\vipclub\\vendor\\guzzlehttp\\guzzle\\src\\Handler\\CurlMultiHandler.php(158): GuzzleHttp\\Promise\\TaskQueue->run()
#5 C:\\laragon\\www\\vipclub\\vendor\\guzzlehttp\\guzzle\\src\\Handler\\CurlMultiHandler.php(183): GuzzleHttp\\Handler\\CurlMultiHandler->tick()
#6 C:\\laragon\\www\\vipclub\\vendor\\guzzlehttp\\promises\\src\\Promise.php(248): GuzzleHttp\\Handler\\CurlMultiHandler->execute(true)
#7 C:\\laragon\\www\\vipclub\\vendor\\guzzlehttp\\promises\\src\\Promise.php(224): GuzzleHttp\\Promise\\Promise->invokeWaitFn()
#8 C:\\laragon\\www\\vipclub\\vendor\\guzzlehttp\\promises\\src\\Promise.php(269): GuzzleHttp\\Promise\\Promise->waitIfPending()
#9 C:\\laragon\\www\\vipclub\\vendor\\guzzlehttp\\promises\\src\\Promise.php(226): GuzzleHttp\\Promise\\Promise->invokeWaitList()
#10 C:\\laragon\\www\\vipclub\\vendor\\guzzlehttp\\promises\\src\\Promise.php(269): GuzzleHttp\\Promise\\Promise->waitIfPending()
#11 C:\\laragon\\www\\vipclub\\vendor\\guzzlehttp\\promises\\src\\Promise.php(226): GuzzleHttp\\Promise\\Promise->invokeWaitList()
#12 C:\\laragon\\www\\vipclub\\vendor\\guzzlehttp\\promises\\src\\Promise.php(62): GuzzleHttp\\Promise\\Promise->waitIfPending()
#13 C:\\laragon\\www\\vipclub\\vendor\\aws\\aws-sdk-php\\src\\AwsClientTrait.php(58): GuzzleHttp\\Promise\\Promise->wait()
#14 C:\\laragon\\www\\vipclub\\vendor\\aws\\aws-sdk-php\\src\\AwsClientTrait.php(86): Aws\\AwsClient->execute(Object(Aws\\Command))
#15 C:\\laragon\\www\\vipclub\\app\\Http\\Controllers\\IvsController.php(39): Aws\\AwsClient->__call('createChannel', Array)
#16 C:\\laragon\\www\\vipclub\\vendor\\laravel\\framework\\src\\Illuminate\\Routing\\Controller.php(54): App\\Http\\Controllers\\IvsController->getIvsConfig()
#17 C:\\laragon\\www\\vipclub\\vendor\\laravel\\framework\\src\\Illuminate\\Routing\\ControllerDispatcher.php(45): Illuminate\\Routing\\Controller->callAction('getIvsConfig', Array)
#18 C:\\laragon\\www\\vipclub\\vendor\\laravel\\framework\\src\\Illuminate\\Routing\\Route.php(219): Illuminate\\Routing\\ControllerDispatcher->dispatch(Object(Illuminate\\Routing\\Route), Object(App\\Http\\Controllers\\IvsController), 'getIvsConfig')
#19 C:\\laragon\\www\\vipclub\\vendor\\laravel\\framework\\src\\Illuminate\\Routing\\Route.php(176): Illuminate\\Routing\\Route->runController()
#20 C:\\laragon\\www\\vipclub\\vendor\\laravel\\framework\\src\\Illuminate\\Routing\\Router.php(686): Illuminate\\Routing\\Route->run()
#21 C:\\laragon\\www\\vipclub\\vendor\\laravel\\framework\\src\\Illuminate\\Pipeline\\Pipeline.php(130): Illuminate\\Routing\\Router->Illuminate\\Routing\\{closure}(Object(Illuminate\\Http\\Request))
#22 C:\\laragon\\www\\vipclub\\app\\Http\\Middleware\\UserLastAuthMiddleware.php(59): Illuminate\\Pipeline\\Pipeline->Illuminate\\Pipeline\\{closure}(Object(Illuminate\\Http\\Request))
#23 C:\\laragon\\www\\vipclub\\vendor\\laravel\\framework\\src\\Illuminate\\Pipeline\\Pipeline.php(171): App\\Http\\Middleware\\UserLastAuthMiddleware->handle(Object(Illuminate\\Http\\Request), Object(Closure))
#24 C:\\laragon\\www\\vipclub\\vendor\\uxweb\\sweet-alert\\src\\SweetAlert\\ConvertMessagesIntoSweetAlert.php(49): Illuminate\\Pipeline\\Pipeline->Illuminate\\Pipeline\\{closure}(Object(Illuminate\\Http\\Request))
#25 C:\\laragon\\www\\vipclub\\vendor\\laravel\\framework\\src\\Illuminate\\Pipeline\\Pipeline.php(171): UxWeb\\SweetAlert\\ConvertMessagesIntoSweetAlert->handle(Object(Illuminate\\Http\\Request), Object(Closure))
#26 C:\\laragon\\www\\vipclub\\vendor\\laravel\\framework\\src\\Illuminate\\Routing\\Middleware\\SubstituteBindings.php(41): Illuminate\\Pipeline\\Pipeline->Illuminate\\Pipeline\\{closure}(Object(Illuminate\\Http\\Request))
#27 C:\\laragon\\www\\vipclub\\vendor\\laravel\\framework\\src\\Illuminate\\Pipeline\\Pipeline.php(171): Illuminate\\Routing\\Middleware\\SubstituteBindings->handle(Object(Illuminate\\Http\\Request), Object(Closure))
#28 C:\\laragon\\www\\vipclub\\vendor\\laravel\\framework\\src\\Illuminate\\Foundation\\Http\\Middleware\\VerifyCsrfToken.php(77): Illuminate\\Pipeline\\Pipeline->Illuminate\\Pipeline\\{closure}(Object(Illuminate\\Http\\Request))
#29 C:\\laragon\\www\\vipclub\\vendor\\laravel\\framework\\src\\Illuminate\\Pipeline\\Pipeline.php(171): Illuminate\\Foundation\\Http\\Middleware\\VerifyCsrfToken->handle(Object(Illuminate\\Http\\Request), Object(Closure))
#30 C:\\laragon\\www\\vipclub\\vendor\\laravel\\framework\\src\\Illuminate\\View\\Middleware\\ShareErrorsFromSession.php(49): Illuminate\\Pipeline\\Pipeline->Illuminate\\Pipeline\\{closure}(Object(Illuminate\\Http\\Request))
#31 C:\\laragon\\www\\vipclub\\vendor\\laravel\\framework\\src\\Illuminate\\Pipeline\\Pipeline.php(171): Illuminate\\View\\Middleware\\ShareErrorsFromSession->handle(Object(Illuminate\\Http\\Request), Object(Closure))
#32 C:\\laragon\\www\\vipclub\\vendor\\laravel\\framework\\src\\Illuminate\\Session\\Middleware\\StartSession.php(56): Illuminate\\Pipeline\\Pipeline->Illuminate\\Pipeline\\{closure}(Object(Illuminate\\Http\\Request))
#33 C:\\laragon\\www\\vipclub\\vendor\\laravel\\framework\\src\\Illuminate\\Pipeline\\Pipeline.php(171): Illuminate\\Session\\Middleware\\StartSession->handle(Object(Illuminate\\Http\\Request), Object(Closure))
#34 C:\\laragon\\www\\vipclub\\vendor\\laravel\\framework\\src\\Illuminate\\Cookie\\Middleware\\AddQueuedCookiesToResponse.php(37): Illuminate\\Pipeline\\Pipeline->Illuminate\\Pipeline\\{closure}(Object(Illuminate\\Http\\Request))
#35 C:\\laragon\\www\\vipclub\\vendor\\laravel\\framework\\src\\Illuminate\\Pipeline\\Pipeline.php(171): Illuminate\\Cookie\\Middleware\\AddQueuedCookiesToResponse->handle(Object(Illuminate\\Http\\Request), Object(Closure))
#36 C:\\laragon\\www\\vipclub\\vendor\\laravel\\framework\\src\\Illuminate\\Cookie\\Middleware\\EncryptCookies.php(67): Illuminate\\Pipeline\\Pipeline->Illuminate\\Pipeline\\{closure}(Object(Illuminate\\Http\\Request))
#37 C:\\laragon\\www\\vipclub\\vendor\\laravel\\framework\\src\\Illuminate\\Pipeline\\Pipeline.php(171): Illuminate\\Cookie\\Middleware\\EncryptCookies->handle(Object(Illuminate\\Http\\Request), Object(Closure))
#38 C:\\laragon\\www\\vipclub\\vendor\\laravel\\framework\\src\\Illuminate\\Pipeline\\Pipeline.php(105): Illuminate\\Pipeline\\Pipeline->Illuminate\\Pipeline\\{closure}(Object(Illuminate\\Http\\Request))
#39 C:\\laragon\\www\\vipclub\\vendor\\laravel\\framework\\src\\Illuminate\\Routing\\Router.php(688): Illuminate\\Pipeline\\Pipeline->then(Object(Closure))
#40 C:\\laragon\\www\\vipclub\\vendor\\laravel\\framework\\src\\Illuminate\\Routing\\Router.php(663): Illuminate\\Routing\\Router->runRouteWithinStack(Object(Illuminate\\Routing\\Route), Object(Illuminate\\Http\\Request))
#41 C:\\laragon\\www\\vipclub\\vendor\\laravel\\framework\\src\\Illuminate\\Routing\\Router.php(629): Illuminate\\Routing\\Router->runRoute(Object(Illuminate\\Http\\Request), Object(Illuminate\\Routing\\Route))
#42 C:\\laragon\\www\\vipclub\\vendor\\laravel\\framework\\src\\Illuminate\\Routing\\Router.php(618): Illuminate\\Routing\\Router->dispatchToRoute(Object(Illuminate\\Http\\Request))
#43 C:\\laragon\\www\\vipclub\\vendor\\laravel\\framework\\src\\Illuminate\\Foundation\\Http\\Kernel.php(172): Illuminate\\Routing\\Router->dispatch(Object(Illuminate\\Http\\Request))
#44 C:\\laragon\\www\\vipclub\\vendor\\laravel\\framework\\src\\Illuminate\\Pipeline\\Pipeline.php(130): Illuminate\\Foundation\\Http\\Kernel->Illuminate\\Foundation\\Http\\{closure}(Object(Illuminate\\Http\\Request))
#45 C:\\laragon\\www\\vipclub\\vendor\\fideloper\\proxy\\src\\TrustProxies.php(57): Illuminate\\Pipeline\\Pipeline->Illuminate\\Pipeline\\{closure}(Object(Illuminate\\Http\\Request))
#46 C:\\laragon\\www\\vipclub\\vendor\\laravel\\framework\\src\\Illuminate\\Pipeline\\Pipeline.php(171): Fideloper\\Proxy\\TrustProxies->handle(Object(Illuminate\\Http\\Request), Object(Closure))
#47 C:\\laragon\\www\\vipclub\\vendor\\laravel\\framework\\src\\Illuminate\\Foundation\\Http\\Middleware\\TransformsRequest.php(21): Illuminate\\Pipeline\\Pipeline->Illuminate\\Pipeline\\{closure}(Object(Illuminate\\Http\\Request))
#48 C:\\laragon\\www\\vipclub\\vendor\\laravel\\framework\\src\\Illuminate\\Pipeline\\Pipeline.php(171): Illuminate\\Foundation\\Http\\Middleware\\TransformsRequest->handle(Object(Illuminate\\Http\\Request), Object(Closure))
#49 C:\\laragon\\www\\vipclub\\vendor\\laravel\\framework\\src\\Illuminate\\Foundation\\Http\\Middleware\\TransformsRequest.php(21): Illuminate\\Pipeline\\Pipeline->Illuminate\\Pipeline\\{closure}(Object(Illuminate\\Http\\Request))
#50 C:\\laragon\\www\\vipclub\\vendor\\laravel\\framework\\src\\Illuminate\\Pipeline\\Pipeline.php(171): Illuminate\\Foundation\\Http\\Middleware\\TransformsRequest->handle(Object(Illuminate\\Http\\Request), Object(Closure))
#51 C:\\laragon\\www\\vipclub\\vendor\\laravel\\framework\\src\\Illuminate\\Foundation\\Http\\Middleware\\ValidatePostSize.php(27): Illuminate\\Pipeline\\Pipeline->Illuminate\\Pipeline\\{closure}(Object(Illuminate\\Http\\Request))
#52 C:\\laragon\\www\\vipclub\\vendor\\laravel\\framework\\src\\Illuminate\\Pipeline\\Pipeline.php(171): Illuminate\\Foundation\\Http\\Middleware\\ValidatePostSize->handle(Object(Illuminate\\Http\\Request), Object(Closure))
#53 C:\\laragon\\www\\vipclub\\vendor\\laravel\\framework\\src\\Illuminate\\Foundation\\Http\\Middleware\\CheckForMaintenanceMode.php(63): Illuminate\\Pipeline\\Pipeline->Illuminate\\Pipeline\\{closure}(Object(Illuminate\\Http\\Request))
#54 C:\\laragon\\www\\vipclub\\vendor\\laravel\\framework\\src\\Illuminate\\Pipeline\\Pipeline.php(171): Illuminate\\Foundation\\Http\\Middleware\\CheckForMaintenanceMode->handle(Object(Illuminate\\Http\\Request), Object(Closure))
#55 C:\\laragon\\www\\vipclub\\vendor\\laravel\\framework\\src\\Illuminate\\Pipeline\\Pipeline.php(105): Illuminate\\Pipeline\\Pipeline->Illuminate\\Pipeline\\{closure}(Object(Illuminate\\Http\\Request))
#56 C:\\laragon\\www\\vipclub\\vendor\\laravel\\framework\\src\\Illuminate\\Foundation\\Http\\Kernel.php(147): Illuminate\\Pipeline\\Pipeline->then(Object(Closure))
#57 C:\\laragon\\www\\vipclub\\vendor\\laravel\\framework\\src\\Illuminate\\Foundation\\Http\\Kernel.php(112): Illuminate\\Foundation\\Http\\Kernel->sendRequestThroughRouter(Object(Illuminate\\Http\\Request))
#58 C:\\laragon\\www\\vipclub\\index.php(52): Illuminate\\Foundation\\Http\\Kernel->handle(Object(Illuminate\\Http\\Request))
#59 {main}
"} 
[2024-08-11 12:07:25] production.ERROR: syntax error, unexpected ')' {"exception":"[object] (Symfony\\Component\\Debug\\Exception\\FatalThrowableError(code: 0): syntax error, unexpected ')' at C:\\laragon\\www\\vipclub\\app\\Http\\Controllers\\MessagesController.php:531)
[stacktrace]
#0 C:\\laragon\\www\\vipclub\\vendor\\composer\\ClassLoader.php(428): Composer\\Autoload\\includeFile('C:\\\\laragon\\\\www\\\\...')
#1 [internal function]: Composer\\Autoload\\ClassLoader->loadClass('App\\\\Http\\\\Contro...')
#2 [internal function]: spl_autoload_call('App\\\\Http\\\\Contro...')
#3 C:\\laragon\\www\\vipclub\\vendor\\laravel\\framework\\src\\Illuminate\\Container\\Container.php(803): ReflectionClass->__construct('App\\\\Http\\\\Contro...')
#4 C:\\laragon\\www\\vipclub\\vendor\\laravel\\framework\\src\\Illuminate\\Container\\Container.php(681): Illuminate\\Container\\Container->build('App\\\\Http\\\\Contro...')
#5 C:\\laragon\\www\\vipclub\\vendor\\laravel\\framework\\src\\Illuminate\\Foundation\\Application.php(785): Illuminate\\Container\\Container->resolve('App\\\\Http\\\\Contro...', Array, true)
#6 C:\\laragon\\www\\vipclub\\vendor\\laravel\\framework\\src\\Illuminate\\Container\\Container.php(629): Illuminate\\Foundation\\Application->resolve('App\\\\Http\\\\Contro...', Array)
#7 C:\\laragon\\www\\vipclub\\vendor\\laravel\\framework\\src\\Illuminate\\Foundation\\Application.php(770): Illuminate\\Container\\Container->make('App\\\\Http\\\\Contro...', Array)
#8 C:\\laragon\\www\\vipclub\\vendor\\laravel\\framework\\src\\Illuminate\\Routing\\Route.php(233): Illuminate\\Foundation\\Application->make('App\\\\Http\\\\Contro...')
#9 C:\\laragon\\www\\vipclub\\vendor\\laravel\\framework\\src\\Illuminate\\Routing\\Route.php(833): Illuminate\\Routing\\Route->getController()
#10 C:\\laragon\\www\\vipclub\\vendor\\laravel\\framework\\src\\Illuminate\\Routing\\Route.php(794): Illuminate\\Routing\\Route->controllerMiddleware()
#11 C:\\laragon\\www\\vipclub\\vendor\\laravel\\framework\\src\\Illuminate\\Routing\\Router.php(699): Illuminate\\Routing\\Route->gatherMiddleware()
#12 C:\\laragon\\www\\vipclub\\vendor\\laravel\\framework\\src\\Illuminate\\Routing\\Router.php(679): Illuminate\\Routing\\Router->gatherRouteMiddleware(Object(Illuminate\\Routing\\Route))
#13 C:\\laragon\\www\\vipclub\\vendor\\laravel\\framework\\src\\Illuminate\\Routing\\Router.php(663): Illuminate\\Routing\\Router->runRouteWithinStack(Object(Illuminate\\Routing\\Route), Object(Illuminate\\Http\\Request))
#14 C:\\laragon\\www\\vipclub\\vendor\\laravel\\framework\\src\\Illuminate\\Routing\\Router.php(629): Illuminate\\Routing\\Router->runRoute(Object(Illuminate\\Http\\Request), Object(Illuminate\\Routing\\Route))
#15 C:\\laragon\\www\\vipclub\\vendor\\laravel\\framework\\src\\Illuminate\\Routing\\Router.php(618): Illuminate\\Routing\\Router->dispatchToRoute(Object(Illuminate\\Http\\Request))
#16 C:\\laragon\\www\\vipclub\\vendor\\laravel\\framework\\src\\Illuminate\\Foundation\\Http\\Kernel.php(172): Illuminate\\Routing\\Router->dispatch(Object(Illuminate\\Http\\Request))
#17 C:\\laragon\\www\\vipclub\\vendor\\laravel\\framework\\src\\Illuminate\\Pipeline\\Pipeline.php(130): Illuminate\\Foundation\\Http\\Kernel->Illuminate\\Foundation\\Http\\{closure}(Object(Illuminate\\Http\\Request))
#18 C:\\laragon\\www\\vipclub\\vendor\\fideloper\\proxy\\src\\TrustProxies.php(57): Illuminate\\Pipeline\\Pipeline->Illuminate\\Pipeline\\{closure}(Object(Illuminate\\Http\\Request))
#19 C:\\laragon\\www\\vipclub\\vendor\\laravel\\framework\\src\\Illuminate\\Pipeline\\Pipeline.php(171): Fideloper\\Proxy\\TrustProxies->handle(Object(Illuminate\\Http\\Request), Object(Closure))
#20 C:\\laragon\\www\\vipclub\\vendor\\laravel\\framework\\src\\Illuminate\\Foundation\\Http\\Middleware\\TransformsRequest.php(21): Illuminate\\Pipeline\\Pipeline->Illuminate\\Pipeline\\{closure}(Object(Illuminate\\Http\\Request))
#21 C:\\laragon\\www\\vipclub\\vendor\\laravel\\framework\\src\\Illuminate\\Pipeline\\Pipeline.php(171): Illuminate\\Foundation\\Http\\Middleware\\TransformsRequest->handle(Object(Illuminate\\Http\\Request), Object(Closure))
#22 C:\\laragon\\www\\vipclub\\vendor\\laravel\\framework\\src\\Illuminate\\Foundation\\Http\\Middleware\\TransformsRequest.php(21): Illuminate\\Pipeline\\Pipeline->Illuminate\\Pipeline\\{closure}(Object(Illuminate\\Http\\Request))
#23 C:\\laragon\\www\\vipclub\\vendor\\laravel\\framework\\src\\Illuminate\\Pipeline\\Pipeline.php(171): Illuminate\\Foundation\\Http\\Middleware\\TransformsRequest->handle(Object(Illuminate\\Http\\Request), Object(Closure))
#24 C:\\laragon\\www\\vipclub\\vendor\\laravel\\framework\\src\\Illuminate\\Foundation\\Http\\Middleware\\ValidatePostSize.php(27): Illuminate\\Pipeline\\Pipeline->Illuminate\\Pipeline\\{closure}(Object(Illuminate\\Http\\Request))
#25 C:\\laragon\\www\\vipclub\\vendor\\laravel\\framework\\src\\Illuminate\\Pipeline\\Pipeline.php(171): Illuminate\\Foundation\\Http\\Middleware\\ValidatePostSize->handle(Object(Illuminate\\Http\\Request), Object(Closure))
#26 C:\\laragon\\www\\vipclub\\vendor\\laravel\\framework\\src\\Illuminate\\Foundation\\Http\\Middleware\\CheckForMaintenanceMode.php(63): Illuminate\\Pipeline\\Pipeline->Illuminate\\Pipeline\\{closure}(Object(Illuminate\\Http\\Request))
#27 C:\\laragon\\www\\vipclub\\vendor\\laravel\\framework\\src\\Illuminate\\Pipeline\\Pipeline.php(171): Illuminate\\Foundation\\Http\\Middleware\\CheckForMaintenanceMode->handle(Object(Illuminate\\Http\\Request), Object(Closure))
#28 C:\\laragon\\www\\vipclub\\vendor\\laravel\\framework\\src\\Illuminate\\Pipeline\\Pipeline.php(105): Illuminate\\Pipeline\\Pipeline->Illuminate\\Pipeline\\{closure}(Object(Illuminate\\Http\\Request))
#29 C:\\laragon\\www\\vipclub\\vendor\\laravel\\framework\\src\\Illuminate\\Foundation\\Http\\Kernel.php(147): Illuminate\\Pipeline\\Pipeline->then(Object(Closure))
#30 C:\\laragon\\www\\vipclub\\vendor\\laravel\\framework\\src\\Illuminate\\Foundation\\Http\\Kernel.php(112): Illuminate\\Foundation\\Http\\Kernel->sendRequestThroughRouter(Object(Illuminate\\Http\\Request))
#31 C:\\laragon\\www\\vipclub\\index.php(52): Illuminate\\Foundation\\Http\\Kernel->handle(Object(Illuminate\\Http\\Request))
#32 {main}
"} 
[2024-08-11 12:11:49] production.ERROR: Error executing "CreateChannel" on "https://ivs.us-west-2.amazonaws.com/CreateChannel"; AWS HTTP error: Client error: `POST https://ivs.us-west-2.amazonaws.com/CreateChannel` resulted in a `400 Bad Request` response:
{
  "Code" : "ValidationException",
  "Message" : "Request member: recordingConfiguration failed to satisfy the constrai (truncated...)
 ValidationException (client): Request member: recordingConfiguration failed to satisfy the constraints: Recording configurations with CUSTOM rendition selection cannot be attached to BASIC channels - {
  "Code" : "ValidationException",
  "Message" : "Request member: recordingConfiguration failed to satisfy the constraints: Recording configurations with CUSTOM rendition selection cannot be attached to BASIC channels",
  "RequestID" : "cW72hHWdvHcEftw="
} {"userId":122,"exception":"[object] (Aws\\IVS\\Exception\\IVSException(code: 0): Error executing \"CreateChannel\" on \"https://ivs.us-west-2.amazonaws.com/CreateChannel\"; AWS HTTP error: Client error: `POST https://ivs.us-west-2.amazonaws.com/CreateChannel` resulted in a `400 Bad Request` response:
{
  \"Code\" : \"ValidationException\",
  \"Message\" : \"Request member: recordingConfiguration failed to satisfy the constrai (truncated...)
 ValidationException (client): Request member: recordingConfiguration failed to satisfy the constraints: Recording configurations with CUSTOM rendition selection cannot be attached to BASIC channels - {
  \"Code\" : \"ValidationException\",
  \"Message\" : \"Request member: recordingConfiguration failed to satisfy the constraints: Recording configurations with CUSTOM rendition selection cannot be attached to BASIC channels\",
  \"RequestID\" : \"cW72hHWdvHcEftw=\"
} at C:\\laragon\\www\\vipclub\\vendor\\aws\\aws-sdk-php\\src\\WrappedHttpHandler.php:195)
[stacktrace]
#0 C:\\laragon\\www\\vipclub\\vendor\\aws\\aws-sdk-php\\src\\WrappedHttpHandler.php(100): Aws\\WrappedHttpHandler->parseError(Array, Object(GuzzleHttp\\Psr7\\Request), Object(Aws\\Command), Array)
#1 C:\\laragon\\www\\vipclub\\vendor\\guzzlehttp\\promises\\src\\Promise.php(204): Aws\\WrappedHttpHandler->Aws\\{closure}(Array)
#2 C:\\laragon\\www\\vipclub\\vendor\\guzzlehttp\\promises\\src\\Promise.php(169): GuzzleHttp\\Promise\\Promise::callHandler(2, Array, NULL)
#3 C:\\laragon\\www\\vipclub\\vendor\\guzzlehttp\\promises\\src\\RejectedPromise.php(42): GuzzleHttp\\Promise\\Promise::GuzzleHttp\\Promise\\{closure}(Array)
#4 C:\\laragon\\www\\vipclub\\vendor\\guzzlehttp\\promises\\src\\TaskQueue.php(48): GuzzleHttp\\Promise\\RejectedPromise::GuzzleHttp\\Promise\\{closure}()
#5 C:\\laragon\\www\\vipclub\\vendor\\guzzlehttp\\guzzle\\src\\Handler\\CurlMultiHandler.php(158): GuzzleHttp\\Promise\\TaskQueue->run()
#6 C:\\laragon\\www\\vipclub\\vendor\\guzzlehttp\\guzzle\\src\\Handler\\CurlMultiHandler.php(183): GuzzleHttp\\Handler\\CurlMultiHandler->tick()
#7 C:\\laragon\\www\\vipclub\\vendor\\guzzlehttp\\promises\\src\\Promise.php(248): GuzzleHttp\\Handler\\CurlMultiHandler->execute(true)
#8 C:\\laragon\\www\\vipclub\\vendor\\guzzlehttp\\promises\\src\\Promise.php(224): GuzzleHttp\\Promise\\Promise->invokeWaitFn()
#9 C:\\laragon\\www\\vipclub\\vendor\\guzzlehttp\\promises\\src\\Promise.php(269): GuzzleHttp\\Promise\\Promise->waitIfPending()
#10 C:\\laragon\\www\\vipclub\\vendor\\guzzlehttp\\promises\\src\\Promise.php(226): GuzzleHttp\\Promise\\Promise->invokeWaitList()
#11 C:\\laragon\\www\\vipclub\\vendor\\guzzlehttp\\promises\\src\\Promise.php(269): GuzzleHttp\\Promise\\Promise->waitIfPending()
#12 C:\\laragon\\www\\vipclub\\vendor\\guzzlehttp\\promises\\src\\Promise.php(226): GuzzleHttp\\Promise\\Promise->invokeWaitList()
#13 C:\\laragon\\www\\vipclub\\vendor\\guzzlehttp\\promises\\src\\Promise.php(62): GuzzleHttp\\Promise\\Promise->waitIfPending()
#14 C:\\laragon\\www\\vipclub\\vendor\\aws\\aws-sdk-php\\src\\AwsClientTrait.php(58): GuzzleHttp\\Promise\\Promise->wait()
#15 C:\\laragon\\www\\vipclub\\vendor\\aws\\aws-sdk-php\\src\\AwsClientTrait.php(86): Aws\\AwsClient->execute(Object(Aws\\Command))
#16 C:\\laragon\\www\\vipclub\\app\\Http\\Controllers\\IvsController.php(39): Aws\\AwsClient->__call('createChannel', Array)
#17 C:\\laragon\\www\\vipclub\\vendor\\laravel\\framework\\src\\Illuminate\\Routing\\Controller.php(54): App\\Http\\Controllers\\IvsController->getIvsConfig()
#18 C:\\laragon\\www\\vipclub\\vendor\\laravel\\framework\\src\\Illuminate\\Routing\\ControllerDispatcher.php(45): Illuminate\\Routing\\Controller->callAction('getIvsConfig', Array)
#19 C:\\laragon\\www\\vipclub\\vendor\\laravel\\framework\\src\\Illuminate\\Routing\\Route.php(219): Illuminate\\Routing\\ControllerDispatcher->dispatch(Object(Illuminate\\Routing\\Route), Object(App\\Http\\Controllers\\IvsController), 'getIvsConfig')
#20 C:\\laragon\\www\\vipclub\\vendor\\laravel\\framework\\src\\Illuminate\\Routing\\Route.php(176): Illuminate\\Routing\\Route->runController()
#21 C:\\laragon\\www\\vipclub\\vendor\\laravel\\framework\\src\\Illuminate\\Routing\\Router.php(686): Illuminate\\Routing\\Route->run()
#22 C:\\laragon\\www\\vipclub\\vendor\\laravel\\framework\\src\\Illuminate\\Pipeline\\Pipeline.php(130): Illuminate\\Routing\\Router->Illuminate\\Routing\\{closure}(Object(Illuminate\\Http\\Request))
#23 C:\\laragon\\www\\vipclub\\app\\Http\\Middleware\\UserLastAuthMiddleware.php(59): Illuminate\\Pipeline\\Pipeline->Illuminate\\Pipeline\\{closure}(Object(Illuminate\\Http\\Request))
#24 C:\\laragon\\www\\vipclub\\vendor\\laravel\\framework\\src\\Illuminate\\Pipeline\\Pipeline.php(171): App\\Http\\Middleware\\UserLastAuthMiddleware->handle(Object(Illuminate\\Http\\Request), Object(Closure))
#25 C:\\laragon\\www\\vipclub\\vendor\\uxweb\\sweet-alert\\src\\SweetAlert\\ConvertMessagesIntoSweetAlert.php(49): Illuminate\\Pipeline\\Pipeline->Illuminate\\Pipeline\\{closure}(Object(Illuminate\\Http\\Request))
#26 C:\\laragon\\www\\vipclub\\vendor\\laravel\\framework\\src\\Illuminate\\Pipeline\\Pipeline.php(171): UxWeb\\SweetAlert\\ConvertMessagesIntoSweetAlert->handle(Object(Illuminate\\Http\\Request), Object(Closure))
#27 C:\\laragon\\www\\vipclub\\vendor\\laravel\\framework\\src\\Illuminate\\Routing\\Middleware\\SubstituteBindings.php(41): Illuminate\\Pipeline\\Pipeline->Illuminate\\Pipeline\\{closure}(Object(Illuminate\\Http\\Request))
#28 C:\\laragon\\www\\vipclub\\vendor\\laravel\\framework\\src\\Illuminate\\Pipeline\\Pipeline.php(171): Illuminate\\Routing\\Middleware\\SubstituteBindings->handle(Object(Illuminate\\Http\\Request), Object(Closure))
#29 C:\\laragon\\www\\vipclub\\vendor\\laravel\\framework\\src\\Illuminate\\Foundation\\Http\\Middleware\\VerifyCsrfToken.php(77): Illuminate\\Pipeline\\Pipeline->Illuminate\\Pipeline\\{closure}(Object(Illuminate\\Http\\Request))
#30 C:\\laragon\\www\\vipclub\\vendor\\laravel\\framework\\src\\Illuminate\\Pipeline\\Pipeline.php(171): Illuminate\\Foundation\\Http\\Middleware\\VerifyCsrfToken->handle(Object(Illuminate\\Http\\Request), Object(Closure))
#31 C:\\laragon\\www\\vipclub\\vendor\\laravel\\framework\\src\\Illuminate\\View\\Middleware\\ShareErrorsFromSession.php(49): Illuminate\\Pipeline\\Pipeline->Illuminate\\Pipeline\\{closure}(Object(Illuminate\\Http\\Request))
#32 C:\\laragon\\www\\vipclub\\vendor\\laravel\\framework\\src\\Illuminate\\Pipeline\\Pipeline.php(171): Illuminate\\View\\Middleware\\ShareErrorsFromSession->handle(Object(Illuminate\\Http\\Request), Object(Closure))
#33 C:\\laragon\\www\\vipclub\\vendor\\laravel\\framework\\src\\Illuminate\\Session\\Middleware\\StartSession.php(56): Illuminate\\Pipeline\\Pipeline->Illuminate\\Pipeline\\{closure}(Object(Illuminate\\Http\\Request))
#34 C:\\laragon\\www\\vipclub\\vendor\\laravel\\framework\\src\\Illuminate\\Pipeline\\Pipeline.php(171): Illuminate\\Session\\Middleware\\StartSession->handle(Object(Illuminate\\Http\\Request), Object(Closure))
#35 C:\\laragon\\www\\vipclub\\vendor\\laravel\\framework\\src\\Illuminate\\Cookie\\Middleware\\AddQueuedCookiesToResponse.php(37): Illuminate\\Pipeline\\Pipeline->Illuminate\\Pipeline\\{closure}(Object(Illuminate\\Http\\Request))
#36 C:\\laragon\\www\\vipclub\\vendor\\laravel\\framework\\src\\Illuminate\\Pipeline\\Pipeline.php(171): Illuminate\\Cookie\\Middleware\\AddQueuedCookiesToResponse->handle(Object(Illuminate\\Http\\Request), Object(Closure))
#37 C:\\laragon\\www\\vipclub\\vendor\\laravel\\framework\\src\\Illuminate\\Cookie\\Middleware\\EncryptCookies.php(67): Illuminate\\Pipeline\\Pipeline->Illuminate\\Pipeline\\{closure}(Object(Illuminate\\Http\\Request))
#38 C:\\laragon\\www\\vipclub\\vendor\\laravel\\framework\\src\\Illuminate\\Pipeline\\Pipeline.php(171): Illuminate\\Cookie\\Middleware\\EncryptCookies->handle(Object(Illuminate\\Http\\Request), Object(Closure))
#39 C:\\laragon\\www\\vipclub\\vendor\\laravel\\framework\\src\\Illuminate\\Pipeline\\Pipeline.php(105): Illuminate\\Pipeline\\Pipeline->Illuminate\\Pipeline\\{closure}(Object(Illuminate\\Http\\Request))
#40 C:\\laragon\\www\\vipclub\\vendor\\laravel\\framework\\src\\Illuminate\\Routing\\Router.php(688): Illuminate\\Pipeline\\Pipeline->then(Object(Closure))
#41 C:\\laragon\\www\\vipclub\\vendor\\laravel\\framework\\src\\Illuminate\\Routing\\Router.php(663): Illuminate\\Routing\\Router->runRouteWithinStack(Object(Illuminate\\Routing\\Route), Object(Illuminate\\Http\\Request))
#42 C:\\laragon\\www\\vipclub\\vendor\\laravel\\framework\\src\\Illuminate\\Routing\\Router.php(629): Illuminate\\Routing\\Router->runRoute(Object(Illuminate\\Http\\Request), Object(Illuminate\\Routing\\Route))
#43 C:\\laragon\\www\\vipclub\\vendor\\laravel\\framework\\src\\Illuminate\\Routing\\Router.php(618): Illuminate\\Routing\\Router->dispatchToRoute(Object(Illuminate\\Http\\Request))
#44 C:\\laragon\\www\\vipclub\\vendor\\laravel\\framework\\src\\Illuminate\\Foundation\\Http\\Kernel.php(172): Illuminate\\Routing\\Router->dispatch(Object(Illuminate\\Http\\Request))
#45 C:\\laragon\\www\\vipclub\\vendor\\laravel\\framework\\src\\Illuminate\\Pipeline\\Pipeline.php(130): Illuminate\\Foundation\\Http\\Kernel->Illuminate\\Foundation\\Http\\{closure}(Object(Illuminate\\Http\\Request))
#46 C:\\laragon\\www\\vipclub\\vendor\\fideloper\\proxy\\src\\TrustProxies.php(57): Illuminate\\Pipeline\\Pipeline->Illuminate\\Pipeline\\{closure}(Object(Illuminate\\Http\\Request))
#47 C:\\laragon\\www\\vipclub\\vendor\\laravel\\framework\\src\\Illuminate\\Pipeline\\Pipeline.php(171): Fideloper\\Proxy\\TrustProxies->handle(Object(Illuminate\\Http\\Request), Object(Closure))
#48 C:\\laragon\\www\\vipclub\\vendor\\laravel\\framework\\src\\Illuminate\\Foundation\\Http\\Middleware\\TransformsRequest.php(21): Illuminate\\Pipeline\\Pipeline->Illuminate\\Pipeline\\{closure}(Object(Illuminate\\Http\\Request))
#49 C:\\laragon\\www\\vipclub\\vendor\\laravel\\framework\\src\\Illuminate\\Pipeline\\Pipeline.php(171): Illuminate\\Foundation\\Http\\Middleware\\TransformsRequest->handle(Object(Illuminate\\Http\\Request), Object(Closure))
#50 C:\\laragon\\www\\vipclub\\vendor\\laravel\\framework\\src\\Illuminate\\Foundation\\Http\\Middleware\\TransformsRequest.php(21): Illuminate\\Pipeline\\Pipeline->Illuminate\\Pipeline\\{closure}(Object(Illuminate\\Http\\Request))
#51 C:\\laragon\\www\\vipclub\\vendor\\laravel\\framework\\src\\Illuminate\\Pipeline\\Pipeline.php(171): Illuminate\\Foundation\\Http\\Middleware\\TransformsRequest->handle(Object(Illuminate\\Http\\Request), Object(Closure))
#52 C:\\laragon\\www\\vipclub\\vendor\\laravel\\framework\\src\\Illuminate\\Foundation\\Http\\Middleware\\ValidatePostSize.php(27): Illuminate\\Pipeline\\Pipeline->Illuminate\\Pipeline\\{closure}(Object(Illuminate\\Http\\Request))
#53 C:\\laragon\\www\\vipclub\\vendor\\laravel\\framework\\src\\Illuminate\\Pipeline\\Pipeline.php(171): Illuminate\\Foundation\\Http\\Middleware\\ValidatePostSize->handle(Object(Illuminate\\Http\\Request), Object(Closure))
#54 C:\\laragon\\www\\vipclub\\vendor\\laravel\\framework\\src\\Illuminate\\Foundation\\Http\\Middleware\\CheckForMaintenanceMode.php(63): Illuminate\\Pipeline\\Pipeline->Illuminate\\Pipeline\\{closure}(Object(Illuminate\\Http\\Request))
#55 C:\\laragon\\www\\vipclub\\vendor\\laravel\\framework\\src\\Illuminate\\Pipeline\\Pipeline.php(171): Illuminate\\Foundation\\Http\\Middleware\\CheckForMaintenanceMode->handle(Object(Illuminate\\Http\\Request), Object(Closure))
#56 C:\\laragon\\www\\vipclub\\vendor\\laravel\\framework\\src\\Illuminate\\Pipeline\\Pipeline.php(105): Illuminate\\Pipeline\\Pipeline->Illuminate\\Pipeline\\{closure}(Object(Illuminate\\Http\\Request))
#57 C:\\laragon\\www\\vipclub\\vendor\\laravel\\framework\\src\\Illuminate\\Foundation\\Http\\Kernel.php(147): Illuminate\\Pipeline\\Pipeline->then(Object(Closure))
#58 C:\\laragon\\www\\vipclub\\vendor\\laravel\\framework\\src\\Illuminate\\Foundation\\Http\\Kernel.php(112): Illuminate\\Foundation\\Http\\Kernel->sendRequestThroughRouter(Object(Illuminate\\Http\\Request))
#59 C:\\laragon\\www\\vipclub\\index.php(52): Illuminate\\Foundation\\Http\\Kernel->handle(Object(Illuminate\\Http\\Request))
#60 {main}

[previous exception] [object] (GuzzleHttp\\Exception\\ClientException(code: 400): Client error: `POST https://ivs.us-west-2.amazonaws.com/CreateChannel` resulted in a `400 Bad Request` response:
{
  \"Code\" : \"ValidationException\",
  \"Message\" : \"Request member: recordingConfiguration failed to satisfy the constrai (truncated...)
 at C:\\laragon\\www\\vipclub\\vendor\\guzzlehttp\\guzzle\\src\\Exception\\RequestException.php:113)
[stacktrace]
#0 C:\\laragon\\www\\vipclub\\vendor\\guzzlehttp\\guzzle\\src\\Middleware.php(69): GuzzleHttp\\Exception\\RequestException::create(Object(GuzzleHttp\\Psr7\\Request), Object(GuzzleHttp\\Psr7\\Response), NULL, Array, NULL)
#1 C:\\laragon\\www\\vipclub\\vendor\\guzzlehttp\\promises\\src\\Promise.php(204): GuzzleHttp\\Middleware::GuzzleHttp\\{closure}(Object(GuzzleHttp\\Psr7\\Response))
#2 C:\\laragon\\www\\vipclub\\vendor\\guzzlehttp\\promises\\src\\Promise.php(153): GuzzleHttp\\Promise\\Promise::callHandler(1, Object(GuzzleHttp\\Psr7\\Response), NULL)
#3 C:\\laragon\\www\\vipclub\\vendor\\guzzlehttp\\promises\\src\\TaskQueue.php(48): GuzzleHttp\\Promise\\Promise::GuzzleHttp\\Promise\\{closure}()
#4 C:\\laragon\\www\\vipclub\\vendor\\guzzlehttp\\guzzle\\src\\Handler\\CurlMultiHandler.php(158): GuzzleHttp\\Promise\\TaskQueue->run()
#5 C:\\laragon\\www\\vipclub\\vendor\\guzzlehttp\\guzzle\\src\\Handler\\CurlMultiHandler.php(183): GuzzleHttp\\Handler\\CurlMultiHandler->tick()
#6 C:\\laragon\\www\\vipclub\\vendor\\guzzlehttp\\promises\\src\\Promise.php(248): GuzzleHttp\\Handler\\CurlMultiHandler->execute(true)
#7 C:\\laragon\\www\\vipclub\\vendor\\guzzlehttp\\promises\\src\\Promise.php(224): GuzzleHttp\\Promise\\Promise->invokeWaitFn()
#8 C:\\laragon\\www\\vipclub\\vendor\\guzzlehttp\\promises\\src\\Promise.php(269): GuzzleHttp\\Promise\\Promise->waitIfPending()
#9 C:\\laragon\\www\\vipclub\\vendor\\guzzlehttp\\promises\\src\\Promise.php(226): GuzzleHttp\\Promise\\Promise->invokeWaitList()
#10 C:\\laragon\\www\\vipclub\\vendor\\guzzlehttp\\promises\\src\\Promise.php(269): GuzzleHttp\\Promise\\Promise->waitIfPending()
#11 C:\\laragon\\www\\vipclub\\vendor\\guzzlehttp\\promises\\src\\Promise.php(226): GuzzleHttp\\Promise\\Promise->invokeWaitList()
#12 C:\\laragon\\www\\vipclub\\vendor\\guzzlehttp\\promises\\src\\Promise.php(62): GuzzleHttp\\Promise\\Promise->waitIfPending()
#13 C:\\laragon\\www\\vipclub\\vendor\\aws\\aws-sdk-php\\src\\AwsClientTrait.php(58): GuzzleHttp\\Promise\\Promise->wait()
#14 C:\\laragon\\www\\vipclub\\vendor\\aws\\aws-sdk-php\\src\\AwsClientTrait.php(86): Aws\\AwsClient->execute(Object(Aws\\Command))
#15 C:\\laragon\\www\\vipclub\\app\\Http\\Controllers\\IvsController.php(39): Aws\\AwsClient->__call('createChannel', Array)
#16 C:\\laragon\\www\\vipclub\\vendor\\laravel\\framework\\src\\Illuminate\\Routing\\Controller.php(54): App\\Http\\Controllers\\IvsController->getIvsConfig()
#17 C:\\laragon\\www\\vipclub\\vendor\\laravel\\framework\\src\\Illuminate\\Routing\\ControllerDispatcher.php(45): Illuminate\\Routing\\Controller->callAction('getIvsConfig', Array)
#18 C:\\laragon\\www\\vipclub\\vendor\\laravel\\framework\\src\\Illuminate\\Routing\\Route.php(219): Illuminate\\Routing\\ControllerDispatcher->dispatch(Object(Illuminate\\Routing\\Route), Object(App\\Http\\Controllers\\IvsController), 'getIvsConfig')
#19 C:\\laragon\\www\\vipclub\\vendor\\laravel\\framework\\src\\Illuminate\\Routing\\Route.php(176): Illuminate\\Routing\\Route->runController()
#20 C:\\laragon\\www\\vipclub\\vendor\\laravel\\framework\\src\\Illuminate\\Routing\\Router.php(686): Illuminate\\Routing\\Route->run()
#21 C:\\laragon\\www\\vipclub\\vendor\\laravel\\framework\\src\\Illuminate\\Pipeline\\Pipeline.php(130): Illuminate\\Routing\\Router->Illuminate\\Routing\\{closure}(Object(Illuminate\\Http\\Request))
#22 C:\\laragon\\www\\vipclub\\app\\Http\\Middleware\\UserLastAuthMiddleware.php(59): Illuminate\\Pipeline\\Pipeline->Illuminate\\Pipeline\\{closure}(Object(Illuminate\\Http\\Request))
#23 C:\\laragon\\www\\vipclub\\vendor\\laravel\\framework\\src\\Illuminate\\Pipeline\\Pipeline.php(171): App\\Http\\Middleware\\UserLastAuthMiddleware->handle(Object(Illuminate\\Http\\Request), Object(Closure))
#24 C:\\laragon\\www\\vipclub\\vendor\\uxweb\\sweet-alert\\src\\SweetAlert\\ConvertMessagesIntoSweetAlert.php(49): Illuminate\\Pipeline\\Pipeline->Illuminate\\Pipeline\\{closure}(Object(Illuminate\\Http\\Request))
#25 C:\\laragon\\www\\vipclub\\vendor\\laravel\\framework\\src\\Illuminate\\Pipeline\\Pipeline.php(171): UxWeb\\SweetAlert\\ConvertMessagesIntoSweetAlert->handle(Object(Illuminate\\Http\\Request), Object(Closure))
#26 C:\\laragon\\www\\vipclub\\vendor\\laravel\\framework\\src\\Illuminate\\Routing\\Middleware\\SubstituteBindings.php(41): Illuminate\\Pipeline\\Pipeline->Illuminate\\Pipeline\\{closure}(Object(Illuminate\\Http\\Request))
#27 C:\\laragon\\www\\vipclub\\vendor\\laravel\\framework\\src\\Illuminate\\Pipeline\\Pipeline.php(171): Illuminate\\Routing\\Middleware\\SubstituteBindings->handle(Object(Illuminate\\Http\\Request), Object(Closure))
#28 C:\\laragon\\www\\vipclub\\vendor\\laravel\\framework\\src\\Illuminate\\Foundation\\Http\\Middleware\\VerifyCsrfToken.php(77): Illuminate\\Pipeline\\Pipeline->Illuminate\\Pipeline\\{closure}(Object(Illuminate\\Http\\Request))
#29 C:\\laragon\\www\\vipclub\\vendor\\laravel\\framework\\src\\Illuminate\\Pipeline\\Pipeline.php(171): Illuminate\\Foundation\\Http\\Middleware\\VerifyCsrfToken->handle(Object(Illuminate\\Http\\Request), Object(Closure))
#30 C:\\laragon\\www\\vipclub\\vendor\\laravel\\framework\\src\\Illuminate\\View\\Middleware\\ShareErrorsFromSession.php(49): Illuminate\\Pipeline\\Pipeline->Illuminate\\Pipeline\\{closure}(Object(Illuminate\\Http\\Request))
#31 C:\\laragon\\www\\vipclub\\vendor\\laravel\\framework\\src\\Illuminate\\Pipeline\\Pipeline.php(171): Illuminate\\View\\Middleware\\ShareErrorsFromSession->handle(Object(Illuminate\\Http\\Request), Object(Closure))
#32 C:\\laragon\\www\\vipclub\\vendor\\laravel\\framework\\src\\Illuminate\\Session\\Middleware\\StartSession.php(56): Illuminate\\Pipeline\\Pipeline->Illuminate\\Pipeline\\{closure}(Object(Illuminate\\Http\\Request))
#33 C:\\laragon\\www\\vipclub\\vendor\\laravel\\framework\\src\\Illuminate\\Pipeline\\Pipeline.php(171): Illuminate\\Session\\Middleware\\StartSession->handle(Object(Illuminate\\Http\\Request), Object(Closure))
#34 C:\\laragon\\www\\vipclub\\vendor\\laravel\\framework\\src\\Illuminate\\Cookie\\Middleware\\AddQueuedCookiesToResponse.php(37): Illuminate\\Pipeline\\Pipeline->Illuminate\\Pipeline\\{closure}(Object(Illuminate\\Http\\Request))
#35 C:\\laragon\\www\\vipclub\\vendor\\laravel\\framework\\src\\Illuminate\\Pipeline\\Pipeline.php(171): Illuminate\\Cookie\\Middleware\\AddQueuedCookiesToResponse->handle(Object(Illuminate\\Http\\Request), Object(Closure))
#36 C:\\laragon\\www\\vipclub\\vendor\\laravel\\framework\\src\\Illuminate\\Cookie\\Middleware\\EncryptCookies.php(67): Illuminate\\Pipeline\\Pipeline->Illuminate\\Pipeline\\{closure}(Object(Illuminate\\Http\\Request))
#37 C:\\laragon\\www\\vipclub\\vendor\\laravel\\framework\\src\\Illuminate\\Pipeline\\Pipeline.php(171): Illuminate\\Cookie\\Middleware\\EncryptCookies->handle(Object(Illuminate\\Http\\Request), Object(Closure))
#38 C:\\laragon\\www\\vipclub\\vendor\\laravel\\framework\\src\\Illuminate\\Pipeline\\Pipeline.php(105): Illuminate\\Pipeline\\Pipeline->Illuminate\\Pipeline\\{closure}(Object(Illuminate\\Http\\Request))
#39 C:\\laragon\\www\\vipclub\\vendor\\laravel\\framework\\src\\Illuminate\\Routing\\Router.php(688): Illuminate\\Pipeline\\Pipeline->then(Object(Closure))
#40 C:\\laragon\\www\\vipclub\\vendor\\laravel\\framework\\src\\Illuminate\\Routing\\Router.php(663): Illuminate\\Routing\\Router->runRouteWithinStack(Object(Illuminate\\Routing\\Route), Object(Illuminate\\Http\\Request))
#41 C:\\laragon\\www\\vipclub\\vendor\\laravel\\framework\\src\\Illuminate\\Routing\\Router.php(629): Illuminate\\Routing\\Router->runRoute(Object(Illuminate\\Http\\Request), Object(Illuminate\\Routing\\Route))
#42 C:\\laragon\\www\\vipclub\\vendor\\laravel\\framework\\src\\Illuminate\\Routing\\Router.php(618): Illuminate\\Routing\\Router->dispatchToRoute(Object(Illuminate\\Http\\Request))
#43 C:\\laragon\\www\\vipclub\\vendor\\laravel\\framework\\src\\Illuminate\\Foundation\\Http\\Kernel.php(172): Illuminate\\Routing\\Router->dispatch(Object(Illuminate\\Http\\Request))
#44 C:\\laragon\\www\\vipclub\\vendor\\laravel\\framework\\src\\Illuminate\\Pipeline\\Pipeline.php(130): Illuminate\\Foundation\\Http\\Kernel->Illuminate\\Foundation\\Http\\{closure}(Object(Illuminate\\Http\\Request))
#45 C:\\laragon\\www\\vipclub\\vendor\\fideloper\\proxy\\src\\TrustProxies.php(57): Illuminate\\Pipeline\\Pipeline->Illuminate\\Pipeline\\{closure}(Object(Illuminate\\Http\\Request))
#46 C:\\laragon\\www\\vipclub\\vendor\\laravel\\framework\\src\\Illuminate\\Pipeline\\Pipeline.php(171): Fideloper\\Proxy\\TrustProxies->handle(Object(Illuminate\\Http\\Request), Object(Closure))
#47 C:\\laragon\\www\\vipclub\\vendor\\laravel\\framework\\src\\Illuminate\\Foundation\\Http\\Middleware\\TransformsRequest.php(21): Illuminate\\Pipeline\\Pipeline->Illuminate\\Pipeline\\{closure}(Object(Illuminate\\Http\\Request))
#48 C:\\laragon\\www\\vipclub\\vendor\\laravel\\framework\\src\\Illuminate\\Pipeline\\Pipeline.php(171): Illuminate\\Foundation\\Http\\Middleware\\TransformsRequest->handle(Object(Illuminate\\Http\\Request), Object(Closure))
#49 C:\\laragon\\www\\vipclub\\vendor\\laravel\\framework\\src\\Illuminate\\Foundation\\Http\\Middleware\\TransformsRequest.php(21): Illuminate\\Pipeline\\Pipeline->Illuminate\\Pipeline\\{closure}(Object(Illuminate\\Http\\Request))
#50 C:\\laragon\\www\\vipclub\\vendor\\laravel\\framework\\src\\Illuminate\\Pipeline\\Pipeline.php(171): Illuminate\\Foundation\\Http\\Middleware\\TransformsRequest->handle(Object(Illuminate\\Http\\Request), Object(Closure))
#51 C:\\laragon\\www\\vipclub\\vendor\\laravel\\framework\\src\\Illuminate\\Foundation\\Http\\Middleware\\ValidatePostSize.php(27): Illuminate\\Pipeline\\Pipeline->Illuminate\\Pipeline\\{closure}(Object(Illuminate\\Http\\Request))
#52 C:\\laragon\\www\\vipclub\\vendor\\laravel\\framework\\src\\Illuminate\\Pipeline\\Pipeline.php(171): Illuminate\\Foundation\\Http\\Middleware\\ValidatePostSize->handle(Object(Illuminate\\Http\\Request), Object(Closure))
#53 C:\\laragon\\www\\vipclub\\vendor\\laravel\\framework\\src\\Illuminate\\Foundation\\Http\\Middleware\\CheckForMaintenanceMode.php(63): Illuminate\\Pipeline\\Pipeline->Illuminate\\Pipeline\\{closure}(Object(Illuminate\\Http\\Request))
#54 C:\\laragon\\www\\vipclub\\vendor\\laravel\\framework\\src\\Illuminate\\Pipeline\\Pipeline.php(171): Illuminate\\Foundation\\Http\\Middleware\\CheckForMaintenanceMode->handle(Object(Illuminate\\Http\\Request), Object(Closure))
#55 C:\\laragon\\www\\vipclub\\vendor\\laravel\\framework\\src\\Illuminate\\Pipeline\\Pipeline.php(105): Illuminate\\Pipeline\\Pipeline->Illuminate\\Pipeline\\{closure}(Object(Illuminate\\Http\\Request))
#56 C:\\laragon\\www\\vipclub\\vendor\\laravel\\framework\\src\\Illuminate\\Foundation\\Http\\Kernel.php(147): Illuminate\\Pipeline\\Pipeline->then(Object(Closure))
#57 C:\\laragon\\www\\vipclub\\vendor\\laravel\\framework\\src\\Illuminate\\Foundation\\Http\\Kernel.php(112): Illuminate\\Foundation\\Http\\Kernel->sendRequestThroughRouter(Object(Illuminate\\Http\\Request))
#58 C:\\laragon\\www\\vipclub\\index.php(52): Illuminate\\Foundation\\Http\\Kernel->handle(Object(Illuminate\\Http\\Request))
#59 {main}
"} 
