[2024-08-07 01:15:39] production.ERROR: Trying to get property 'recordingPrefix' of non-object {"exception":"[object] (ErrorException(code: 0): Trying to get property 'recordingPrefix' of non-object at C:\\laragon\\www\\vipclub\\app\\Http\\Controllers\\IvsController.php:94)
[stacktrace]
#0 C:\\laragon\\www\\vipclub\\app\\Http\\Controllers\\IvsController.php(94): Illuminate\\Foundation\\Bootstrap\\HandleExceptions->handleError(8, 'Trying to get p...', 'C:\\\\laragon\\\\www\\\\...', 94, Array)
#1 C:\\laragon\\www\\vipclub\\vendor\\laravel\\framework\\src\\Illuminate\\Routing\\Controller.php(54): App\\Http\\Controllers\\IvsController->start_live(Object(Illuminate\\Http\\Request))
#2 C:\\laragon\\www\\vipclub\\vendor\\laravel\\framework\\src\\Illuminate\\Routing\\ControllerDispatcher.php(45): Illuminate\\Routing\\Controller->callAction('start_live', Array)
#3 C:\\laragon\\www\\vipclub\\vendor\\laravel\\framework\\src\\Illuminate\\Routing\\Route.php(219): Illuminate\\Routing\\ControllerDispatcher->dispatch(Object(Illuminate\\Routing\\Route), Object(App\\Http\\Controllers\\IvsController), 'start_live')
#4 C:\\laragon\\www\\vipclub\\vendor\\laravel\\framework\\src\\Illuminate\\Routing\\Route.php(176): Illuminate\\Routing\\Route->runController()
#5 C:\\laragon\\www\\vipclub\\vendor\\laravel\\framework\\src\\Illuminate\\Routing\\Router.php(686): Illuminate\\Routing\\Route->run()
#6 C:\\laragon\\www\\vipclub\\vendor\\laravel\\framework\\src\\Illuminate\\Pipeline\\Pipeline.php(130): Illuminate\\Routing\\Router->Illuminate\\Routing\\{closure}(Object(Illuminate\\Http\\Request))
#7 C:\\laragon\\www\\vipclub\\app\\Http\\Middleware\\UserLastAuthMiddleware.php(59): Illuminate\\Pipeline\\Pipeline->Illuminate\\Pipeline\\{closure}(Object(Illuminate\\Http\\Request))
#8 C:\\laragon\\www\\vipclub\\vendor\\laravel\\framework\\src\\Illuminate\\Pipeline\\Pipeline.php(171): App\\Http\\Middleware\\UserLastAuthMiddleware->handle(Object(Illuminate\\Http\\Request), Object(Closure))
#9 C:\\laragon\\www\\vipclub\\vendor\\uxweb\\sweet-alert\\src\\SweetAlert\\ConvertMessagesIntoSweetAlert.php(49): Illuminate\\Pipeline\\Pipeline->Illuminate\\Pipeline\\{closure}(Object(Illuminate\\Http\\Request))
#10 C:\\laragon\\www\\vipclub\\vendor\\laravel\\framework\\src\\Illuminate\\Pipeline\\Pipeline.php(171): UxWeb\\SweetAlert\\ConvertMessagesIntoSweetAlert->handle(Object(Illuminate\\Http\\Request), Object(Closure))
#11 C:\\laragon\\www\\vipclub\\vendor\\laravel\\framework\\src\\Illuminate\\Routing\\Middleware\\SubstituteBindings.php(41): Illuminate\\Pipeline\\Pipeline->Illuminate\\Pipeline\\{closure}(Object(Illuminate\\Http\\Request))
#12 C:\\laragon\\www\\vipclub\\vendor\\laravel\\framework\\src\\Illuminate\\Pipeline\\Pipeline.php(171): Illuminate\\Routing\\Middleware\\SubstituteBindings->handle(Object(Illuminate\\Http\\Request), Object(Closure))
#13 C:\\laragon\\www\\vipclub\\vendor\\laravel\\framework\\src\\Illuminate\\Foundation\\Http\\Middleware\\VerifyCsrfToken.php(77): Illuminate\\Pipeline\\Pipeline->Illuminate\\Pipeline\\{closure}(Object(Illuminate\\Http\\Request))
#14 C:\\laragon\\www\\vipclub\\vendor\\laravel\\framework\\src\\Illuminate\\Pipeline\\Pipeline.php(171): Illuminate\\Foundation\\Http\\Middleware\\VerifyCsrfToken->handle(Object(Illuminate\\Http\\Request), Object(Closure))
#15 C:\\laragon\\www\\vipclub\\vendor\\laravel\\framework\\src\\Illuminate\\View\\Middleware\\ShareErrorsFromSession.php(49): Illuminate\\Pipeline\\Pipeline->Illuminate\\Pipeline\\{closure}(Object(Illuminate\\Http\\Request))
#16 C:\\laragon\\www\\vipclub\\vendor\\laravel\\framework\\src\\Illuminate\\Pipeline\\Pipeline.php(171): Illuminate\\View\\Middleware\\ShareErrorsFromSession->handle(Object(Illuminate\\Http\\Request), Object(Closure))
#17 C:\\laragon\\www\\vipclub\\vendor\\laravel\\framework\\src\\Illuminate\\Session\\Middleware\\StartSession.php(56): Illuminate\\Pipeline\\Pipeline->Illuminate\\Pipeline\\{closure}(Object(Illuminate\\Http\\Request))
#18 C:\\laragon\\www\\vipclub\\vendor\\laravel\\framework\\src\\Illuminate\\Pipeline\\Pipeline.php(171): Illuminate\\Session\\Middleware\\StartSession->handle(Object(Illuminate\\Http\\Request), Object(Closure))
#19 C:\\laragon\\www\\vipclub\\vendor\\laravel\\framework\\src\\Illuminate\\Cookie\\Middleware\\AddQueuedCookiesToResponse.php(37): Illuminate\\Pipeline\\Pipeline->Illuminate\\Pipeline\\{closure}(Object(Illuminate\\Http\\Request))
#20 C:\\laragon\\www\\vipclub\\vendor\\laravel\\framework\\src\\Illuminate\\Pipeline\\Pipeline.php(171): Illuminate\\Cookie\\Middleware\\AddQueuedCookiesToResponse->handle(Object(Illuminate\\Http\\Request), Object(Closure))
#21 C:\\laragon\\www\\vipclub\\vendor\\laravel\\framework\\src\\Illuminate\\Cookie\\Middleware\\EncryptCookies.php(67): Illuminate\\Pipeline\\Pipeline->Illuminate\\Pipeline\\{closure}(Object(Illuminate\\Http\\Request))
#22 C:\\laragon\\www\\vipclub\\vendor\\laravel\\framework\\src\\Illuminate\\Pipeline\\Pipeline.php(171): Illuminate\\Cookie\\Middleware\\EncryptCookies->handle(Object(Illuminate\\Http\\Request), Object(Closure))
#23 C:\\laragon\\www\\vipclub\\vendor\\laravel\\framework\\src\\Illuminate\\Pipeline\\Pipeline.php(105): Illuminate\\Pipeline\\Pipeline->Illuminate\\Pipeline\\{closure}(Object(Illuminate\\Http\\Request))
#24 C:\\laragon\\www\\vipclub\\vendor\\laravel\\framework\\src\\Illuminate\\Routing\\Router.php(688): Illuminate\\Pipeline\\Pipeline->then(Object(Closure))
#25 C:\\laragon\\www\\vipclub\\vendor\\laravel\\framework\\src\\Illuminate\\Routing\\Router.php(663): Illuminate\\Routing\\Router->runRouteWithinStack(Object(Illuminate\\Routing\\Route), Object(Illuminate\\Http\\Request))
#26 C:\\laragon\\www\\vipclub\\vendor\\laravel\\framework\\src\\Illuminate\\Routing\\Router.php(629): Illuminate\\Routing\\Router->runRoute(Object(Illuminate\\Http\\Request), Object(Illuminate\\Routing\\Route))
#27 C:\\laragon\\www\\vipclub\\vendor\\laravel\\framework\\src\\Illuminate\\Routing\\Router.php(618): Illuminate\\Routing\\Router->dispatchToRoute(Object(Illuminate\\Http\\Request))
#28 C:\\laragon\\www\\vipclub\\vendor\\laravel\\framework\\src\\Illuminate\\Foundation\\Http\\Kernel.php(172): Illuminate\\Routing\\Router->dispatch(Object(Illuminate\\Http\\Request))
#29 C:\\laragon\\www\\vipclub\\vendor\\laravel\\framework\\src\\Illuminate\\Pipeline\\Pipeline.php(130): Illuminate\\Foundation\\Http\\Kernel->Illuminate\\Foundation\\Http\\{closure}(Object(Illuminate\\Http\\Request))
#30 C:\\laragon\\www\\vipclub\\vendor\\fideloper\\proxy\\src\\TrustProxies.php(57): Illuminate\\Pipeline\\Pipeline->Illuminate\\Pipeline\\{closure}(Object(Illuminate\\Http\\Request))
#31 C:\\laragon\\www\\vipclub\\vendor\\laravel\\framework\\src\\Illuminate\\Pipeline\\Pipeline.php(171): Fideloper\\Proxy\\TrustProxies->handle(Object(Illuminate\\Http\\Request), Object(Closure))
#32 C:\\laragon\\www\\vipclub\\vendor\\laravel\\framework\\src\\Illuminate\\Foundation\\Http\\Middleware\\TransformsRequest.php(21): Illuminate\\Pipeline\\Pipeline->Illuminate\\Pipeline\\{closure}(Object(Illuminate\\Http\\Request))
#33 C:\\laragon\\www\\vipclub\\vendor\\laravel\\framework\\src\\Illuminate\\Pipeline\\Pipeline.php(171): Illuminate\\Foundation\\Http\\Middleware\\TransformsRequest->handle(Object(Illuminate\\Http\\Request), Object(Closure))
#34 C:\\laragon\\www\\vipclub\\vendor\\laravel\\framework\\src\\Illuminate\\Foundation\\Http\\Middleware\\TransformsRequest.php(21): Illuminate\\Pipeline\\Pipeline->Illuminate\\Pipeline\\{closure}(Object(Illuminate\\Http\\Request))
#35 C:\\laragon\\www\\vipclub\\vendor\\laravel\\framework\\src\\Illuminate\\Pipeline\\Pipeline.php(171): Illuminate\\Foundation\\Http\\Middleware\\TransformsRequest->handle(Object(Illuminate\\Http\\Request), Object(Closure))
#36 C:\\laragon\\www\\vipclub\\vendor\\laravel\\framework\\src\\Illuminate\\Foundation\\Http\\Middleware\\ValidatePostSize.php(27): Illuminate\\Pipeline\\Pipeline->Illuminate\\Pipeline\\{closure}(Object(Illuminate\\Http\\Request))
#37 C:\\laragon\\www\\vipclub\\vendor\\laravel\\framework\\src\\Illuminate\\Pipeline\\Pipeline.php(171): Illuminate\\Foundation\\Http\\Middleware\\ValidatePostSize->handle(Object(Illuminate\\Http\\Request), Object(Closure))
#38 C:\\laragon\\www\\vipclub\\vendor\\laravel\\framework\\src\\Illuminate\\Foundation\\Http\\Middleware\\CheckForMaintenanceMode.php(63): Illuminate\\Pipeline\\Pipeline->Illuminate\\Pipeline\\{closure}(Object(Illuminate\\Http\\Request))
#39 C:\\laragon\\www\\vipclub\\vendor\\laravel\\framework\\src\\Illuminate\\Pipeline\\Pipeline.php(171): Illuminate\\Foundation\\Http\\Middleware\\CheckForMaintenanceMode->handle(Object(Illuminate\\Http\\Request), Object(Closure))
#40 C:\\laragon\\www\\vipclub\\vendor\\laravel\\framework\\src\\Illuminate\\Pipeline\\Pipeline.php(105): Illuminate\\Pipeline\\Pipeline->Illuminate\\Pipeline\\{closure}(Object(Illuminate\\Http\\Request))
#41 C:\\laragon\\www\\vipclub\\vendor\\laravel\\framework\\src\\Illuminate\\Foundation\\Http\\Kernel.php(147): Illuminate\\Pipeline\\Pipeline->then(Object(Closure))
#42 C:\\laragon\\www\\vipclub\\vendor\\laravel\\framework\\src\\Illuminate\\Foundation\\Http\\Kernel.php(112): Illuminate\\Foundation\\Http\\Kernel->sendRequestThroughRouter(Object(Illuminate\\Http\\Request))
#43 C:\\laragon\\www\\vipclub\\index.php(52): Illuminate\\Foundation\\Http\\Kernel->handle(Object(Illuminate\\Http\\Request))
#44 {main}
"} 
[2024-08-07 02:31:50] production.ERROR: syntax error, unexpected 'ivs' (T_STRING) {"exception":"[object] (Symfony\\Component\\Debug\\Exception\\FatalThrowableError(code: 0): syntax error, unexpected 'ivs' (T_STRING) at C:\\laragon\\www\\vipclub\\app\\Http\\Controllers\\IvsController.php:165)
[stacktrace]
#0 C:\\laragon\\www\\vipclub\\vendor\\composer\\ClassLoader.php(428): Composer\\Autoload\\includeFile('C:\\\\laragon\\\\www\\\\...')
#1 [internal function]: Composer\\Autoload\\ClassLoader->loadClass('App\\\\Http\\\\Contro...')
#2 [internal function]: spl_autoload_call('App\\\\Http\\\\Contro...')
#3 C:\\laragon\\www\\vipclub\\vendor\\laravel\\framework\\src\\Illuminate\\Container\\Container.php(803): ReflectionClass->__construct('App\\\\Http\\\\Contro...')
#4 C:\\laragon\\www\\vipclub\\vendor\\laravel\\framework\\src\\Illuminate\\Container\\Container.php(681): Illuminate\\Container\\Container->build('App\\\\Http\\\\Contro...')
#5 C:\\laragon\\www\\vipclub\\vendor\\laravel\\framework\\src\\Illuminate\\Foundation\\Application.php(785): Illuminate\\Container\\Container->resolve('App\\\\Http\\\\Contro...', Array, true)
#6 C:\\laragon\\www\\vipclub\\vendor\\laravel\\framework\\src\\Illuminate\\Container\\Container.php(629): Illuminate\\Foundation\\Application->resolve('App\\\\Http\\\\Contro...', Array)
#7 C:\\laragon\\www\\vipclub\\vendor\\laravel\\framework\\src\\Illuminate\\Foundation\\Application.php(770): Illuminate\\Container\\Container->make('App\\\\Http\\\\Contro...', Array)
#8 C:\\laragon\\www\\vipclub\\vendor\\laravel\\framework\\src\\Illuminate\\Routing\\Route.php(233): Illuminate\\Foundation\\Application->make('App\\\\Http\\\\Contro...')
#9 C:\\laragon\\www\\vipclub\\vendor\\laravel\\framework\\src\\Illuminate\\Routing\\Route.php(833): Illuminate\\Routing\\Route->getController()
#10 C:\\laragon\\www\\vipclub\\vendor\\laravel\\framework\\src\\Illuminate\\Routing\\Route.php(794): Illuminate\\Routing\\Route->controllerMiddleware()
#11 C:\\laragon\\www\\vipclub\\vendor\\laravel\\framework\\src\\Illuminate\\Routing\\Router.php(699): Illuminate\\Routing\\Route->gatherMiddleware()
#12 C:\\laragon\\www\\vipclub\\vendor\\laravel\\framework\\src\\Illuminate\\Routing\\Router.php(679): Illuminate\\Routing\\Router->gatherRouteMiddleware(Object(Illuminate\\Routing\\Route))
#13 C:\\laragon\\www\\vipclub\\vendor\\laravel\\framework\\src\\Illuminate\\Routing\\Router.php(663): Illuminate\\Routing\\Router->runRouteWithinStack(Object(Illuminate\\Routing\\Route), Object(Illuminate\\Http\\Request))
#14 C:\\laragon\\www\\vipclub\\vendor\\laravel\\framework\\src\\Illuminate\\Routing\\Router.php(629): Illuminate\\Routing\\Router->runRoute(Object(Illuminate\\Http\\Request), Object(Illuminate\\Routing\\Route))
#15 C:\\laragon\\www\\vipclub\\vendor\\laravel\\framework\\src\\Illuminate\\Routing\\Router.php(618): Illuminate\\Routing\\Router->dispatchToRoute(Object(Illuminate\\Http\\Request))
#16 C:\\laragon\\www\\vipclub\\vendor\\laravel\\framework\\src\\Illuminate\\Foundation\\Http\\Kernel.php(172): Illuminate\\Routing\\Router->dispatch(Object(Illuminate\\Http\\Request))
#17 C:\\laragon\\www\\vipclub\\vendor\\laravel\\framework\\src\\Illuminate\\Pipeline\\Pipeline.php(130): Illuminate\\Foundation\\Http\\Kernel->Illuminate\\Foundation\\Http\\{closure}(Object(Illuminate\\Http\\Request))
#18 C:\\laragon\\www\\vipclub\\vendor\\fideloper\\proxy\\src\\TrustProxies.php(57): Illuminate\\Pipeline\\Pipeline->Illuminate\\Pipeline\\{closure}(Object(Illuminate\\Http\\Request))
#19 C:\\laragon\\www\\vipclub\\vendor\\laravel\\framework\\src\\Illuminate\\Pipeline\\Pipeline.php(171): Fideloper\\Proxy\\TrustProxies->handle(Object(Illuminate\\Http\\Request), Object(Closure))
#20 C:\\laragon\\www\\vipclub\\vendor\\laravel\\framework\\src\\Illuminate\\Foundation\\Http\\Middleware\\TransformsRequest.php(21): Illuminate\\Pipeline\\Pipeline->Illuminate\\Pipeline\\{closure}(Object(Illuminate\\Http\\Request))
#21 C:\\laragon\\www\\vipclub\\vendor\\laravel\\framework\\src\\Illuminate\\Pipeline\\Pipeline.php(171): Illuminate\\Foundation\\Http\\Middleware\\TransformsRequest->handle(Object(Illuminate\\Http\\Request), Object(Closure))
#22 C:\\laragon\\www\\vipclub\\vendor\\laravel\\framework\\src\\Illuminate\\Foundation\\Http\\Middleware\\TransformsRequest.php(21): Illuminate\\Pipeline\\Pipeline->Illuminate\\Pipeline\\{closure}(Object(Illuminate\\Http\\Request))
#23 C:\\laragon\\www\\vipclub\\vendor\\laravel\\framework\\src\\Illuminate\\Pipeline\\Pipeline.php(171): Illuminate\\Foundation\\Http\\Middleware\\TransformsRequest->handle(Object(Illuminate\\Http\\Request), Object(Closure))
#24 C:\\laragon\\www\\vipclub\\vendor\\laravel\\framework\\src\\Illuminate\\Foundation\\Http\\Middleware\\ValidatePostSize.php(27): Illuminate\\Pipeline\\Pipeline->Illuminate\\Pipeline\\{closure}(Object(Illuminate\\Http\\Request))
#25 C:\\laragon\\www\\vipclub\\vendor\\laravel\\framework\\src\\Illuminate\\Pipeline\\Pipeline.php(171): Illuminate\\Foundation\\Http\\Middleware\\ValidatePostSize->handle(Object(Illuminate\\Http\\Request), Object(Closure))
#26 C:\\laragon\\www\\vipclub\\vendor\\laravel\\framework\\src\\Illuminate\\Foundation\\Http\\Middleware\\CheckForMaintenanceMode.php(63): Illuminate\\Pipeline\\Pipeline->Illuminate\\Pipeline\\{closure}(Object(Illuminate\\Http\\Request))
#27 C:\\laragon\\www\\vipclub\\vendor\\laravel\\framework\\src\\Illuminate\\Pipeline\\Pipeline.php(171): Illuminate\\Foundation\\Http\\Middleware\\CheckForMaintenanceMode->handle(Object(Illuminate\\Http\\Request), Object(Closure))
#28 C:\\laragon\\www\\vipclub\\vendor\\laravel\\framework\\src\\Illuminate\\Pipeline\\Pipeline.php(105): Illuminate\\Pipeline\\Pipeline->Illuminate\\Pipeline\\{closure}(Object(Illuminate\\Http\\Request))
#29 C:\\laragon\\www\\vipclub\\vendor\\laravel\\framework\\src\\Illuminate\\Foundation\\Http\\Kernel.php(147): Illuminate\\Pipeline\\Pipeline->then(Object(Closure))
#30 C:\\laragon\\www\\vipclub\\vendor\\laravel\\framework\\src\\Illuminate\\Foundation\\Http\\Kernel.php(112): Illuminate\\Foundation\\Http\\Kernel->sendRequestThroughRouter(Object(Illuminate\\Http\\Request))
#31 C:\\laragon\\www\\vipclub\\index.php(52): Illuminate\\Foundation\\Http\\Kernel->handle(Object(Illuminate\\Http\\Request))
#32 {main}
"} 
[2024-08-07 02:31:55] production.ERROR: syntax error, unexpected 'ivs' (T_STRING) {"exception":"[object] (Symfony\\Component\\Debug\\Exception\\FatalThrowableError(code: 0): syntax error, unexpected 'ivs' (T_STRING) at C:\\laragon\\www\\vipclub\\app\\Http\\Controllers\\IvsController.php:165)
[stacktrace]
#0 C:\\laragon\\www\\vipclub\\vendor\\composer\\ClassLoader.php(428): Composer\\Autoload\\includeFile('C:\\\\laragon\\\\www\\\\...')
#1 [internal function]: Composer\\Autoload\\ClassLoader->loadClass('App\\\\Http\\\\Contro...')
#2 [internal function]: spl_autoload_call('App\\\\Http\\\\Contro...')
#3 C:\\laragon\\www\\vipclub\\vendor\\laravel\\framework\\src\\Illuminate\\Container\\Container.php(803): ReflectionClass->__construct('App\\\\Http\\\\Contro...')
#4 C:\\laragon\\www\\vipclub\\vendor\\laravel\\framework\\src\\Illuminate\\Container\\Container.php(681): Illuminate\\Container\\Container->build('App\\\\Http\\\\Contro...')
#5 C:\\laragon\\www\\vipclub\\vendor\\laravel\\framework\\src\\Illuminate\\Foundation\\Application.php(785): Illuminate\\Container\\Container->resolve('App\\\\Http\\\\Contro...', Array, true)
#6 C:\\laragon\\www\\vipclub\\vendor\\laravel\\framework\\src\\Illuminate\\Container\\Container.php(629): Illuminate\\Foundation\\Application->resolve('App\\\\Http\\\\Contro...', Array)
#7 C:\\laragon\\www\\vipclub\\vendor\\laravel\\framework\\src\\Illuminate\\Foundation\\Application.php(770): Illuminate\\Container\\Container->make('App\\\\Http\\\\Contro...', Array)
#8 C:\\laragon\\www\\vipclub\\vendor\\laravel\\framework\\src\\Illuminate\\Routing\\Route.php(233): Illuminate\\Foundation\\Application->make('App\\\\Http\\\\Contro...')
#9 C:\\laragon\\www\\vipclub\\vendor\\laravel\\framework\\src\\Illuminate\\Routing\\Route.php(833): Illuminate\\Routing\\Route->getController()
#10 C:\\laragon\\www\\vipclub\\vendor\\laravel\\framework\\src\\Illuminate\\Routing\\Route.php(794): Illuminate\\Routing\\Route->controllerMiddleware()
#11 C:\\laragon\\www\\vipclub\\vendor\\laravel\\framework\\src\\Illuminate\\Routing\\Router.php(699): Illuminate\\Routing\\Route->gatherMiddleware()
#12 C:\\laragon\\www\\vipclub\\vendor\\laravel\\framework\\src\\Illuminate\\Routing\\Router.php(679): Illuminate\\Routing\\Router->gatherRouteMiddleware(Object(Illuminate\\Routing\\Route))
#13 C:\\laragon\\www\\vipclub\\vendor\\laravel\\framework\\src\\Illuminate\\Routing\\Router.php(663): Illuminate\\Routing\\Router->runRouteWithinStack(Object(Illuminate\\Routing\\Route), Object(Illuminate\\Http\\Request))
#14 C:\\laragon\\www\\vipclub\\vendor\\laravel\\framework\\src\\Illuminate\\Routing\\Router.php(629): Illuminate\\Routing\\Router->runRoute(Object(Illuminate\\Http\\Request), Object(Illuminate\\Routing\\Route))
#15 C:\\laragon\\www\\vipclub\\vendor\\laravel\\framework\\src\\Illuminate\\Routing\\Router.php(618): Illuminate\\Routing\\Router->dispatchToRoute(Object(Illuminate\\Http\\Request))
#16 C:\\laragon\\www\\vipclub\\vendor\\laravel\\framework\\src\\Illuminate\\Foundation\\Http\\Kernel.php(172): Illuminate\\Routing\\Router->dispatch(Object(Illuminate\\Http\\Request))
#17 C:\\laragon\\www\\vipclub\\vendor\\laravel\\framework\\src\\Illuminate\\Pipeline\\Pipeline.php(130): Illuminate\\Foundation\\Http\\Kernel->Illuminate\\Foundation\\Http\\{closure}(Object(Illuminate\\Http\\Request))
#18 C:\\laragon\\www\\vipclub\\vendor\\fideloper\\proxy\\src\\TrustProxies.php(57): Illuminate\\Pipeline\\Pipeline->Illuminate\\Pipeline\\{closure}(Object(Illuminate\\Http\\Request))
#19 C:\\laragon\\www\\vipclub\\vendor\\laravel\\framework\\src\\Illuminate\\Pipeline\\Pipeline.php(171): Fideloper\\Proxy\\TrustProxies->handle(Object(Illuminate\\Http\\Request), Object(Closure))
#20 C:\\laragon\\www\\vipclub\\vendor\\laravel\\framework\\src\\Illuminate\\Foundation\\Http\\Middleware\\TransformsRequest.php(21): Illuminate\\Pipeline\\Pipeline->Illuminate\\Pipeline\\{closure}(Object(Illuminate\\Http\\Request))
#21 C:\\laragon\\www\\vipclub\\vendor\\laravel\\framework\\src\\Illuminate\\Pipeline\\Pipeline.php(171): Illuminate\\Foundation\\Http\\Middleware\\TransformsRequest->handle(Object(Illuminate\\Http\\Request), Object(Closure))
#22 C:\\laragon\\www\\vipclub\\vendor\\laravel\\framework\\src\\Illuminate\\Foundation\\Http\\Middleware\\TransformsRequest.php(21): Illuminate\\Pipeline\\Pipeline->Illuminate\\Pipeline\\{closure}(Object(Illuminate\\Http\\Request))
#23 C:\\laragon\\www\\vipclub\\vendor\\laravel\\framework\\src\\Illuminate\\Pipeline\\Pipeline.php(171): Illuminate\\Foundation\\Http\\Middleware\\TransformsRequest->handle(Object(Illuminate\\Http\\Request), Object(Closure))
#24 C:\\laragon\\www\\vipclub\\vendor\\laravel\\framework\\src\\Illuminate\\Foundation\\Http\\Middleware\\ValidatePostSize.php(27): Illuminate\\Pipeline\\Pipeline->Illuminate\\Pipeline\\{closure}(Object(Illuminate\\Http\\Request))
#25 C:\\laragon\\www\\vipclub\\vendor\\laravel\\framework\\src\\Illuminate\\Pipeline\\Pipeline.php(171): Illuminate\\Foundation\\Http\\Middleware\\ValidatePostSize->handle(Object(Illuminate\\Http\\Request), Object(Closure))
#26 C:\\laragon\\www\\vipclub\\vendor\\laravel\\framework\\src\\Illuminate\\Foundation\\Http\\Middleware\\CheckForMaintenanceMode.php(63): Illuminate\\Pipeline\\Pipeline->Illuminate\\Pipeline\\{closure}(Object(Illuminate\\Http\\Request))
#27 C:\\laragon\\www\\vipclub\\vendor\\laravel\\framework\\src\\Illuminate\\Pipeline\\Pipeline.php(171): Illuminate\\Foundation\\Http\\Middleware\\CheckForMaintenanceMode->handle(Object(Illuminate\\Http\\Request), Object(Closure))
#28 C:\\laragon\\www\\vipclub\\vendor\\laravel\\framework\\src\\Illuminate\\Pipeline\\Pipeline.php(105): Illuminate\\Pipeline\\Pipeline->Illuminate\\Pipeline\\{closure}(Object(Illuminate\\Http\\Request))
#29 C:\\laragon\\www\\vipclub\\vendor\\laravel\\framework\\src\\Illuminate\\Foundation\\Http\\Kernel.php(147): Illuminate\\Pipeline\\Pipeline->then(Object(Closure))
#30 C:\\laragon\\www\\vipclub\\vendor\\laravel\\framework\\src\\Illuminate\\Foundation\\Http\\Kernel.php(112): Illuminate\\Foundation\\Http\\Kernel->sendRequestThroughRouter(Object(Illuminate\\Http\\Request))
#31 C:\\laragon\\www\\vipclub\\index.php(52): Illuminate\\Foundation\\Http\\Kernel->handle(Object(Illuminate\\Http\\Request))
#32 {main}
"} 
[2024-08-07 03:40:10] production.ERROR: Undefined offset: 1003 {"userId":122,"exception":"[object] (ErrorException(code: 0): Undefined offset: 1003 at C:\\laragon\\www\\vipclub\\app\\Http\\Controllers\\IvsController.php:179)
[stacktrace]
#0 C:\\laragon\\www\\vipclub\\app\\Http\\Controllers\\IvsController.php(179): Illuminate\\Foundation\\Bootstrap\\HandleExceptions->handleError(8, 'Undefined offse...', 'C:\\\\laragon\\\\www\\\\...', 179, Array)
#1 C:\\laragon\\www\\vipclub\\app\\Http\\Controllers\\IvsController.php(96): App\\Http\\Controllers\\IvsController->getRecordingIdFromStreamId('ivs/v1/47480551...')
#2 C:\\laragon\\www\\vipclub\\vendor\\laravel\\framework\\src\\Illuminate\\Routing\\Controller.php(54): App\\Http\\Controllers\\IvsController->start_live(Object(Illuminate\\Http\\Request))
#3 C:\\laragon\\www\\vipclub\\vendor\\laravel\\framework\\src\\Illuminate\\Routing\\ControllerDispatcher.php(45): Illuminate\\Routing\\Controller->callAction('start_live', Array)
#4 C:\\laragon\\www\\vipclub\\vendor\\laravel\\framework\\src\\Illuminate\\Routing\\Route.php(219): Illuminate\\Routing\\ControllerDispatcher->dispatch(Object(Illuminate\\Routing\\Route), Object(App\\Http\\Controllers\\IvsController), 'start_live')
#5 C:\\laragon\\www\\vipclub\\vendor\\laravel\\framework\\src\\Illuminate\\Routing\\Route.php(176): Illuminate\\Routing\\Route->runController()
#6 C:\\laragon\\www\\vipclub\\vendor\\laravel\\framework\\src\\Illuminate\\Routing\\Router.php(686): Illuminate\\Routing\\Route->run()
#7 C:\\laragon\\www\\vipclub\\vendor\\laravel\\framework\\src\\Illuminate\\Pipeline\\Pipeline.php(130): Illuminate\\Routing\\Router->Illuminate\\Routing\\{closure}(Object(Illuminate\\Http\\Request))
#8 C:\\laragon\\www\\vipclub\\app\\Http\\Middleware\\UserLastAuthMiddleware.php(59): Illuminate\\Pipeline\\Pipeline->Illuminate\\Pipeline\\{closure}(Object(Illuminate\\Http\\Request))
#9 C:\\laragon\\www\\vipclub\\vendor\\laravel\\framework\\src\\Illuminate\\Pipeline\\Pipeline.php(171): App\\Http\\Middleware\\UserLastAuthMiddleware->handle(Object(Illuminate\\Http\\Request), Object(Closure))
#10 C:\\laragon\\www\\vipclub\\vendor\\uxweb\\sweet-alert\\src\\SweetAlert\\ConvertMessagesIntoSweetAlert.php(49): Illuminate\\Pipeline\\Pipeline->Illuminate\\Pipeline\\{closure}(Object(Illuminate\\Http\\Request))
#11 C:\\laragon\\www\\vipclub\\vendor\\laravel\\framework\\src\\Illuminate\\Pipeline\\Pipeline.php(171): UxWeb\\SweetAlert\\ConvertMessagesIntoSweetAlert->handle(Object(Illuminate\\Http\\Request), Object(Closure))
#12 C:\\laragon\\www\\vipclub\\vendor\\laravel\\framework\\src\\Illuminate\\Routing\\Middleware\\SubstituteBindings.php(41): Illuminate\\Pipeline\\Pipeline->Illuminate\\Pipeline\\{closure}(Object(Illuminate\\Http\\Request))
#13 C:\\laragon\\www\\vipclub\\vendor\\laravel\\framework\\src\\Illuminate\\Pipeline\\Pipeline.php(171): Illuminate\\Routing\\Middleware\\SubstituteBindings->handle(Object(Illuminate\\Http\\Request), Object(Closure))
#14 C:\\laragon\\www\\vipclub\\vendor\\laravel\\framework\\src\\Illuminate\\Foundation\\Http\\Middleware\\VerifyCsrfToken.php(77): Illuminate\\Pipeline\\Pipeline->Illuminate\\Pipeline\\{closure}(Object(Illuminate\\Http\\Request))
#15 C:\\laragon\\www\\vipclub\\vendor\\laravel\\framework\\src\\Illuminate\\Pipeline\\Pipeline.php(171): Illuminate\\Foundation\\Http\\Middleware\\VerifyCsrfToken->handle(Object(Illuminate\\Http\\Request), Object(Closure))
#16 C:\\laragon\\www\\vipclub\\vendor\\laravel\\framework\\src\\Illuminate\\View\\Middleware\\ShareErrorsFromSession.php(49): Illuminate\\Pipeline\\Pipeline->Illuminate\\Pipeline\\{closure}(Object(Illuminate\\Http\\Request))
#17 C:\\laragon\\www\\vipclub\\vendor\\laravel\\framework\\src\\Illuminate\\Pipeline\\Pipeline.php(171): Illuminate\\View\\Middleware\\ShareErrorsFromSession->handle(Object(Illuminate\\Http\\Request), Object(Closure))
#18 C:\\laragon\\www\\vipclub\\vendor\\laravel\\framework\\src\\Illuminate\\Session\\Middleware\\StartSession.php(56): Illuminate\\Pipeline\\Pipeline->Illuminate\\Pipeline\\{closure}(Object(Illuminate\\Http\\Request))
#19 C:\\laragon\\www\\vipclub\\vendor\\laravel\\framework\\src\\Illuminate\\Pipeline\\Pipeline.php(171): Illuminate\\Session\\Middleware\\StartSession->handle(Object(Illuminate\\Http\\Request), Object(Closure))
#20 C:\\laragon\\www\\vipclub\\vendor\\laravel\\framework\\src\\Illuminate\\Cookie\\Middleware\\AddQueuedCookiesToResponse.php(37): Illuminate\\Pipeline\\Pipeline->Illuminate\\Pipeline\\{closure}(Object(Illuminate\\Http\\Request))
#21 C:\\laragon\\www\\vipclub\\vendor\\laravel\\framework\\src\\Illuminate\\Pipeline\\Pipeline.php(171): Illuminate\\Cookie\\Middleware\\AddQueuedCookiesToResponse->handle(Object(Illuminate\\Http\\Request), Object(Closure))
#22 C:\\laragon\\www\\vipclub\\vendor\\laravel\\framework\\src\\Illuminate\\Cookie\\Middleware\\EncryptCookies.php(67): Illuminate\\Pipeline\\Pipeline->Illuminate\\Pipeline\\{closure}(Object(Illuminate\\Http\\Request))
#23 C:\\laragon\\www\\vipclub\\vendor\\laravel\\framework\\src\\Illuminate\\Pipeline\\Pipeline.php(171): Illuminate\\Cookie\\Middleware\\EncryptCookies->handle(Object(Illuminate\\Http\\Request), Object(Closure))
#24 C:\\laragon\\www\\vipclub\\vendor\\laravel\\framework\\src\\Illuminate\\Pipeline\\Pipeline.php(105): Illuminate\\Pipeline\\Pipeline->Illuminate\\Pipeline\\{closure}(Object(Illuminate\\Http\\Request))
#25 C:\\laragon\\www\\vipclub\\vendor\\laravel\\framework\\src\\Illuminate\\Routing\\Router.php(688): Illuminate\\Pipeline\\Pipeline->then(Object(Closure))
#26 C:\\laragon\\www\\vipclub\\vendor\\laravel\\framework\\src\\Illuminate\\Routing\\Router.php(663): Illuminate\\Routing\\Router->runRouteWithinStack(Object(Illuminate\\Routing\\Route), Object(Illuminate\\Http\\Request))
#27 C:\\laragon\\www\\vipclub\\vendor\\laravel\\framework\\src\\Illuminate\\Routing\\Router.php(629): Illuminate\\Routing\\Router->runRoute(Object(Illuminate\\Http\\Request), Object(Illuminate\\Routing\\Route))
#28 C:\\laragon\\www\\vipclub\\vendor\\laravel\\framework\\src\\Illuminate\\Routing\\Router.php(618): Illuminate\\Routing\\Router->dispatchToRoute(Object(Illuminate\\Http\\Request))
#29 C:\\laragon\\www\\vipclub\\vendor\\laravel\\framework\\src\\Illuminate\\Foundation\\Http\\Kernel.php(172): Illuminate\\Routing\\Router->dispatch(Object(Illuminate\\Http\\Request))
#30 C:\\laragon\\www\\vipclub\\vendor\\laravel\\framework\\src\\Illuminate\\Pipeline\\Pipeline.php(130): Illuminate\\Foundation\\Http\\Kernel->Illuminate\\Foundation\\Http\\{closure}(Object(Illuminate\\Http\\Request))
#31 C:\\laragon\\www\\vipclub\\vendor\\fideloper\\proxy\\src\\TrustProxies.php(57): Illuminate\\Pipeline\\Pipeline->Illuminate\\Pipeline\\{closure}(Object(Illuminate\\Http\\Request))
#32 C:\\laragon\\www\\vipclub\\vendor\\laravel\\framework\\src\\Illuminate\\Pipeline\\Pipeline.php(171): Fideloper\\Proxy\\TrustProxies->handle(Object(Illuminate\\Http\\Request), Object(Closure))
#33 C:\\laragon\\www\\vipclub\\vendor\\laravel\\framework\\src\\Illuminate\\Foundation\\Http\\Middleware\\TransformsRequest.php(21): Illuminate\\Pipeline\\Pipeline->Illuminate\\Pipeline\\{closure}(Object(Illuminate\\Http\\Request))
#34 C:\\laragon\\www\\vipclub\\vendor\\laravel\\framework\\src\\Illuminate\\Pipeline\\Pipeline.php(171): Illuminate\\Foundation\\Http\\Middleware\\TransformsRequest->handle(Object(Illuminate\\Http\\Request), Object(Closure))
#35 C:\\laragon\\www\\vipclub\\vendor\\laravel\\framework\\src\\Illuminate\\Foundation\\Http\\Middleware\\TransformsRequest.php(21): Illuminate\\Pipeline\\Pipeline->Illuminate\\Pipeline\\{closure}(Object(Illuminate\\Http\\Request))
#36 C:\\laragon\\www\\vipclub\\vendor\\laravel\\framework\\src\\Illuminate\\Pipeline\\Pipeline.php(171): Illuminate\\Foundation\\Http\\Middleware\\TransformsRequest->handle(Object(Illuminate\\Http\\Request), Object(Closure))
#37 C:\\laragon\\www\\vipclub\\vendor\\laravel\\framework\\src\\Illuminate\\Foundation\\Http\\Middleware\\ValidatePostSize.php(27): Illuminate\\Pipeline\\Pipeline->Illuminate\\Pipeline\\{closure}(Object(Illuminate\\Http\\Request))
#38 C:\\laragon\\www\\vipclub\\vendor\\laravel\\framework\\src\\Illuminate\\Pipeline\\Pipeline.php(171): Illuminate\\Foundation\\Http\\Middleware\\ValidatePostSize->handle(Object(Illuminate\\Http\\Request), Object(Closure))
#39 C:\\laragon\\www\\vipclub\\vendor\\laravel\\framework\\src\\Illuminate\\Foundation\\Http\\Middleware\\CheckForMaintenanceMode.php(63): Illuminate\\Pipeline\\Pipeline->Illuminate\\Pipeline\\{closure}(Object(Illuminate\\Http\\Request))
#40 C:\\laragon\\www\\vipclub\\vendor\\laravel\\framework\\src\\Illuminate\\Pipeline\\Pipeline.php(171): Illuminate\\Foundation\\Http\\Middleware\\CheckForMaintenanceMode->handle(Object(Illuminate\\Http\\Request), Object(Closure))
#41 C:\\laragon\\www\\vipclub\\vendor\\laravel\\framework\\src\\Illuminate\\Pipeline\\Pipeline.php(105): Illuminate\\Pipeline\\Pipeline->Illuminate\\Pipeline\\{closure}(Object(Illuminate\\Http\\Request))
#42 C:\\laragon\\www\\vipclub\\vendor\\laravel\\framework\\src\\Illuminate\\Foundation\\Http\\Kernel.php(147): Illuminate\\Pipeline\\Pipeline->then(Object(Closure))
#43 C:\\laragon\\www\\vipclub\\vendor\\laravel\\framework\\src\\Illuminate\\Foundation\\Http\\Kernel.php(112): Illuminate\\Foundation\\Http\\Kernel->sendRequestThroughRouter(Object(Illuminate\\Http\\Request))
#44 C:\\laragon\\www\\vipclub\\index.php(52): Illuminate\\Foundation\\Http\\Kernel->handle(Object(Illuminate\\Http\\Request))
#45 {main}
"} 
[2024-08-07 04:07:25] production.ERROR: syntax error, unexpected ')' {"exception":"[object] (Symfony\\Component\\Debug\\Exception\\FatalThrowableError(code: 0): syntax error, unexpected ')' at C:\\laragon\\www\\vipclub\\app\\Http\\Controllers\\MessagesController.php:531)
[stacktrace]
#0 C:\\laragon\\www\\vipclub\\vendor\\composer\\ClassLoader.php(428): Composer\\Autoload\\includeFile('C:\\\\laragon\\\\www\\\\...')
#1 [internal function]: Composer\\Autoload\\ClassLoader->loadClass('App\\\\Http\\\\Contro...')
#2 [internal function]: spl_autoload_call('App\\\\Http\\\\Contro...')
#3 C:\\laragon\\www\\vipclub\\vendor\\laravel\\framework\\src\\Illuminate\\Container\\Container.php(803): ReflectionClass->__construct('App\\\\Http\\\\Contro...')
#4 C:\\laragon\\www\\vipclub\\vendor\\laravel\\framework\\src\\Illuminate\\Container\\Container.php(681): Illuminate\\Container\\Container->build('App\\\\Http\\\\Contro...')
#5 C:\\laragon\\www\\vipclub\\vendor\\laravel\\framework\\src\\Illuminate\\Foundation\\Application.php(785): Illuminate\\Container\\Container->resolve('App\\\\Http\\\\Contro...', Array, true)
#6 C:\\laragon\\www\\vipclub\\vendor\\laravel\\framework\\src\\Illuminate\\Container\\Container.php(629): Illuminate\\Foundation\\Application->resolve('App\\\\Http\\\\Contro...', Array)
#7 C:\\laragon\\www\\vipclub\\vendor\\laravel\\framework\\src\\Illuminate\\Foundation\\Application.php(770): Illuminate\\Container\\Container->make('App\\\\Http\\\\Contro...', Array)
#8 C:\\laragon\\www\\vipclub\\vendor\\laravel\\framework\\src\\Illuminate\\Routing\\Route.php(233): Illuminate\\Foundation\\Application->make('App\\\\Http\\\\Contro...')
#9 C:\\laragon\\www\\vipclub\\vendor\\laravel\\framework\\src\\Illuminate\\Routing\\Route.php(833): Illuminate\\Routing\\Route->getController()
#10 C:\\laragon\\www\\vipclub\\vendor\\laravel\\framework\\src\\Illuminate\\Routing\\Route.php(794): Illuminate\\Routing\\Route->controllerMiddleware()
#11 C:\\laragon\\www\\vipclub\\vendor\\laravel\\framework\\src\\Illuminate\\Routing\\Router.php(699): Illuminate\\Routing\\Route->gatherMiddleware()
#12 C:\\laragon\\www\\vipclub\\vendor\\laravel\\framework\\src\\Illuminate\\Routing\\Router.php(679): Illuminate\\Routing\\Router->gatherRouteMiddleware(Object(Illuminate\\Routing\\Route))
#13 C:\\laragon\\www\\vipclub\\vendor\\laravel\\framework\\src\\Illuminate\\Routing\\Router.php(663): Illuminate\\Routing\\Router->runRouteWithinStack(Object(Illuminate\\Routing\\Route), Object(Illuminate\\Http\\Request))
#14 C:\\laragon\\www\\vipclub\\vendor\\laravel\\framework\\src\\Illuminate\\Routing\\Router.php(629): Illuminate\\Routing\\Router->runRoute(Object(Illuminate\\Http\\Request), Object(Illuminate\\Routing\\Route))
#15 C:\\laragon\\www\\vipclub\\vendor\\laravel\\framework\\src\\Illuminate\\Routing\\Router.php(618): Illuminate\\Routing\\Router->dispatchToRoute(Object(Illuminate\\Http\\Request))
#16 C:\\laragon\\www\\vipclub\\vendor\\laravel\\framework\\src\\Illuminate\\Foundation\\Http\\Kernel.php(172): Illuminate\\Routing\\Router->dispatch(Object(Illuminate\\Http\\Request))
#17 C:\\laragon\\www\\vipclub\\vendor\\laravel\\framework\\src\\Illuminate\\Pipeline\\Pipeline.php(130): Illuminate\\Foundation\\Http\\Kernel->Illuminate\\Foundation\\Http\\{closure}(Object(Illuminate\\Http\\Request))
#18 C:\\laragon\\www\\vipclub\\vendor\\fideloper\\proxy\\src\\TrustProxies.php(57): Illuminate\\Pipeline\\Pipeline->Illuminate\\Pipeline\\{closure}(Object(Illuminate\\Http\\Request))
#19 C:\\laragon\\www\\vipclub\\vendor\\laravel\\framework\\src\\Illuminate\\Pipeline\\Pipeline.php(171): Fideloper\\Proxy\\TrustProxies->handle(Object(Illuminate\\Http\\Request), Object(Closure))
#20 C:\\laragon\\www\\vipclub\\vendor\\laravel\\framework\\src\\Illuminate\\Foundation\\Http\\Middleware\\TransformsRequest.php(21): Illuminate\\Pipeline\\Pipeline->Illuminate\\Pipeline\\{closure}(Object(Illuminate\\Http\\Request))
#21 C:\\laragon\\www\\vipclub\\vendor\\laravel\\framework\\src\\Illuminate\\Pipeline\\Pipeline.php(171): Illuminate\\Foundation\\Http\\Middleware\\TransformsRequest->handle(Object(Illuminate\\Http\\Request), Object(Closure))
#22 C:\\laragon\\www\\vipclub\\vendor\\laravel\\framework\\src\\Illuminate\\Foundation\\Http\\Middleware\\TransformsRequest.php(21): Illuminate\\Pipeline\\Pipeline->Illuminate\\Pipeline\\{closure}(Object(Illuminate\\Http\\Request))
#23 C:\\laragon\\www\\vipclub\\vendor\\laravel\\framework\\src\\Illuminate\\Pipeline\\Pipeline.php(171): Illuminate\\Foundation\\Http\\Middleware\\TransformsRequest->handle(Object(Illuminate\\Http\\Request), Object(Closure))
#24 C:\\laragon\\www\\vipclub\\vendor\\laravel\\framework\\src\\Illuminate\\Foundation\\Http\\Middleware\\ValidatePostSize.php(27): Illuminate\\Pipeline\\Pipeline->Illuminate\\Pipeline\\{closure}(Object(Illuminate\\Http\\Request))
#25 C:\\laragon\\www\\vipclub\\vendor\\laravel\\framework\\src\\Illuminate\\Pipeline\\Pipeline.php(171): Illuminate\\Foundation\\Http\\Middleware\\ValidatePostSize->handle(Object(Illuminate\\Http\\Request), Object(Closure))
#26 C:\\laragon\\www\\vipclub\\vendor\\laravel\\framework\\src\\Illuminate\\Foundation\\Http\\Middleware\\CheckForMaintenanceMode.php(63): Illuminate\\Pipeline\\Pipeline->Illuminate\\Pipeline\\{closure}(Object(Illuminate\\Http\\Request))
#27 C:\\laragon\\www\\vipclub\\vendor\\laravel\\framework\\src\\Illuminate\\Pipeline\\Pipeline.php(171): Illuminate\\Foundation\\Http\\Middleware\\CheckForMaintenanceMode->handle(Object(Illuminate\\Http\\Request), Object(Closure))
#28 C:\\laragon\\www\\vipclub\\vendor\\laravel\\framework\\src\\Illuminate\\Pipeline\\Pipeline.php(105): Illuminate\\Pipeline\\Pipeline->Illuminate\\Pipeline\\{closure}(Object(Illuminate\\Http\\Request))
#29 C:\\laragon\\www\\vipclub\\vendor\\laravel\\framework\\src\\Illuminate\\Foundation\\Http\\Kernel.php(147): Illuminate\\Pipeline\\Pipeline->then(Object(Closure))
#30 C:\\laragon\\www\\vipclub\\vendor\\laravel\\framework\\src\\Illuminate\\Foundation\\Http\\Kernel.php(112): Illuminate\\Foundation\\Http\\Kernel->sendRequestThroughRouter(Object(Illuminate\\Http\\Request))
#31 C:\\laragon\\www\\vipclub\\index.php(52): Illuminate\\Foundation\\Http\\Kernel->handle(Object(Illuminate\\Http\\Request))
#32 {main}
"} 
[2024-08-07 04:29:06] production.ERROR: syntax error, unexpected ')' {"exception":"[object] (Symfony\\Component\\Debug\\Exception\\FatalThrowableError(code: 0): syntax error, unexpected ')' at C:\\laragon\\www\\vipclub\\app\\Http\\Controllers\\MessagesController.php:531)
[stacktrace]
#0 C:\\laragon\\www\\vipclub\\vendor\\composer\\ClassLoader.php(428): Composer\\Autoload\\includeFile('C:\\\\laragon\\\\www\\\\...')
#1 [internal function]: Composer\\Autoload\\ClassLoader->loadClass('App\\\\Http\\\\Contro...')
#2 [internal function]: spl_autoload_call('App\\\\Http\\\\Contro...')
#3 C:\\laragon\\www\\vipclub\\vendor\\laravel\\framework\\src\\Illuminate\\Container\\Container.php(803): ReflectionClass->__construct('App\\\\Http\\\\Contro...')
#4 C:\\laragon\\www\\vipclub\\vendor\\laravel\\framework\\src\\Illuminate\\Container\\Container.php(681): Illuminate\\Container\\Container->build('App\\\\Http\\\\Contro...')
#5 C:\\laragon\\www\\vipclub\\vendor\\laravel\\framework\\src\\Illuminate\\Foundation\\Application.php(785): Illuminate\\Container\\Container->resolve('App\\\\Http\\\\Contro...', Array, true)
#6 C:\\laragon\\www\\vipclub\\vendor\\laravel\\framework\\src\\Illuminate\\Container\\Container.php(629): Illuminate\\Foundation\\Application->resolve('App\\\\Http\\\\Contro...', Array)
#7 C:\\laragon\\www\\vipclub\\vendor\\laravel\\framework\\src\\Illuminate\\Foundation\\Application.php(770): Illuminate\\Container\\Container->make('App\\\\Http\\\\Contro...', Array)
#8 C:\\laragon\\www\\vipclub\\vendor\\laravel\\framework\\src\\Illuminate\\Routing\\Route.php(233): Illuminate\\Foundation\\Application->make('App\\\\Http\\\\Contro...')
#9 C:\\laragon\\www\\vipclub\\vendor\\laravel\\framework\\src\\Illuminate\\Routing\\Route.php(833): Illuminate\\Routing\\Route->getController()
#10 C:\\laragon\\www\\vipclub\\vendor\\laravel\\framework\\src\\Illuminate\\Routing\\Route.php(794): Illuminate\\Routing\\Route->controllerMiddleware()
#11 C:\\laragon\\www\\vipclub\\vendor\\laravel\\framework\\src\\Illuminate\\Routing\\Router.php(699): Illuminate\\Routing\\Route->gatherMiddleware()
#12 C:\\laragon\\www\\vipclub\\vendor\\laravel\\framework\\src\\Illuminate\\Routing\\Router.php(679): Illuminate\\Routing\\Router->gatherRouteMiddleware(Object(Illuminate\\Routing\\Route))
#13 C:\\laragon\\www\\vipclub\\vendor\\laravel\\framework\\src\\Illuminate\\Routing\\Router.php(663): Illuminate\\Routing\\Router->runRouteWithinStack(Object(Illuminate\\Routing\\Route), Object(Illuminate\\Http\\Request))
#14 C:\\laragon\\www\\vipclub\\vendor\\laravel\\framework\\src\\Illuminate\\Routing\\Router.php(629): Illuminate\\Routing\\Router->runRoute(Object(Illuminate\\Http\\Request), Object(Illuminate\\Routing\\Route))
#15 C:\\laragon\\www\\vipclub\\vendor\\laravel\\framework\\src\\Illuminate\\Routing\\Router.php(618): Illuminate\\Routing\\Router->dispatchToRoute(Object(Illuminate\\Http\\Request))
#16 C:\\laragon\\www\\vipclub\\vendor\\laravel\\framework\\src\\Illuminate\\Foundation\\Http\\Kernel.php(172): Illuminate\\Routing\\Router->dispatch(Object(Illuminate\\Http\\Request))
#17 C:\\laragon\\www\\vipclub\\vendor\\laravel\\framework\\src\\Illuminate\\Pipeline\\Pipeline.php(130): Illuminate\\Foundation\\Http\\Kernel->Illuminate\\Foundation\\Http\\{closure}(Object(Illuminate\\Http\\Request))
#18 C:\\laragon\\www\\vipclub\\vendor\\fideloper\\proxy\\src\\TrustProxies.php(57): Illuminate\\Pipeline\\Pipeline->Illuminate\\Pipeline\\{closure}(Object(Illuminate\\Http\\Request))
#19 C:\\laragon\\www\\vipclub\\vendor\\laravel\\framework\\src\\Illuminate\\Pipeline\\Pipeline.php(171): Fideloper\\Proxy\\TrustProxies->handle(Object(Illuminate\\Http\\Request), Object(Closure))
#20 C:\\laragon\\www\\vipclub\\vendor\\laravel\\framework\\src\\Illuminate\\Foundation\\Http\\Middleware\\TransformsRequest.php(21): Illuminate\\Pipeline\\Pipeline->Illuminate\\Pipeline\\{closure}(Object(Illuminate\\Http\\Request))
#21 C:\\laragon\\www\\vipclub\\vendor\\laravel\\framework\\src\\Illuminate\\Pipeline\\Pipeline.php(171): Illuminate\\Foundation\\Http\\Middleware\\TransformsRequest->handle(Object(Illuminate\\Http\\Request), Object(Closure))
#22 C:\\laragon\\www\\vipclub\\vendor\\laravel\\framework\\src\\Illuminate\\Foundation\\Http\\Middleware\\TransformsRequest.php(21): Illuminate\\Pipeline\\Pipeline->Illuminate\\Pipeline\\{closure}(Object(Illuminate\\Http\\Request))
#23 C:\\laragon\\www\\vipclub\\vendor\\laravel\\framework\\src\\Illuminate\\Pipeline\\Pipeline.php(171): Illuminate\\Foundation\\Http\\Middleware\\TransformsRequest->handle(Object(Illuminate\\Http\\Request), Object(Closure))
#24 C:\\laragon\\www\\vipclub\\vendor\\laravel\\framework\\src\\Illuminate\\Foundation\\Http\\Middleware\\ValidatePostSize.php(27): Illuminate\\Pipeline\\Pipeline->Illuminate\\Pipeline\\{closure}(Object(Illuminate\\Http\\Request))
#25 C:\\laragon\\www\\vipclub\\vendor\\laravel\\framework\\src\\Illuminate\\Pipeline\\Pipeline.php(171): Illuminate\\Foundation\\Http\\Middleware\\ValidatePostSize->handle(Object(Illuminate\\Http\\Request), Object(Closure))
#26 C:\\laragon\\www\\vipclub\\vendor\\laravel\\framework\\src\\Illuminate\\Foundation\\Http\\Middleware\\CheckForMaintenanceMode.php(63): Illuminate\\Pipeline\\Pipeline->Illuminate\\Pipeline\\{closure}(Object(Illuminate\\Http\\Request))
#27 C:\\laragon\\www\\vipclub\\vendor\\laravel\\framework\\src\\Illuminate\\Pipeline\\Pipeline.php(171): Illuminate\\Foundation\\Http\\Middleware\\CheckForMaintenanceMode->handle(Object(Illuminate\\Http\\Request), Object(Closure))
#28 C:\\laragon\\www\\vipclub\\vendor\\laravel\\framework\\src\\Illuminate\\Pipeline\\Pipeline.php(105): Illuminate\\Pipeline\\Pipeline->Illuminate\\Pipeline\\{closure}(Object(Illuminate\\Http\\Request))
#29 C:\\laragon\\www\\vipclub\\vendor\\laravel\\framework\\src\\Illuminate\\Foundation\\Http\\Kernel.php(147): Illuminate\\Pipeline\\Pipeline->then(Object(Closure))
#30 C:\\laragon\\www\\vipclub\\vendor\\laravel\\framework\\src\\Illuminate\\Foundation\\Http\\Kernel.php(112): Illuminate\\Foundation\\Http\\Kernel->sendRequestThroughRouter(Object(Illuminate\\Http\\Request))
#31 C:\\laragon\\www\\vipclub\\index.php(52): Illuminate\\Foundation\\Http\\Kernel->handle(Object(Illuminate\\Http\\Request))
#32 {main}
"} 
[2024-08-07 04:31:53] production.ERROR: syntax error, unexpected ')' {"exception":"[object] (Symfony\\Component\\Debug\\Exception\\FatalThrowableError(code: 0): syntax error, unexpected ')' at C:\\laragon\\www\\vipclub\\app\\Http\\Controllers\\MessagesController.php:531)
[stacktrace]
#0 C:\\laragon\\www\\vipclub\\vendor\\composer\\ClassLoader.php(428): Composer\\Autoload\\includeFile('C:\\\\laragon\\\\www\\\\...')
#1 [internal function]: Composer\\Autoload\\ClassLoader->loadClass('App\\\\Http\\\\Contro...')
#2 [internal function]: spl_autoload_call('App\\\\Http\\\\Contro...')
#3 C:\\laragon\\www\\vipclub\\vendor\\laravel\\framework\\src\\Illuminate\\Container\\Container.php(803): ReflectionClass->__construct('App\\\\Http\\\\Contro...')
#4 C:\\laragon\\www\\vipclub\\vendor\\laravel\\framework\\src\\Illuminate\\Container\\Container.php(681): Illuminate\\Container\\Container->build('App\\\\Http\\\\Contro...')
#5 C:\\laragon\\www\\vipclub\\vendor\\laravel\\framework\\src\\Illuminate\\Foundation\\Application.php(785): Illuminate\\Container\\Container->resolve('App\\\\Http\\\\Contro...', Array, true)
#6 C:\\laragon\\www\\vipclub\\vendor\\laravel\\framework\\src\\Illuminate\\Container\\Container.php(629): Illuminate\\Foundation\\Application->resolve('App\\\\Http\\\\Contro...', Array)
#7 C:\\laragon\\www\\vipclub\\vendor\\laravel\\framework\\src\\Illuminate\\Foundation\\Application.php(770): Illuminate\\Container\\Container->make('App\\\\Http\\\\Contro...', Array)
#8 C:\\laragon\\www\\vipclub\\vendor\\laravel\\framework\\src\\Illuminate\\Routing\\Route.php(233): Illuminate\\Foundation\\Application->make('App\\\\Http\\\\Contro...')
#9 C:\\laragon\\www\\vipclub\\vendor\\laravel\\framework\\src\\Illuminate\\Routing\\Route.php(833): Illuminate\\Routing\\Route->getController()
#10 C:\\laragon\\www\\vipclub\\vendor\\laravel\\framework\\src\\Illuminate\\Routing\\Route.php(794): Illuminate\\Routing\\Route->controllerMiddleware()
#11 C:\\laragon\\www\\vipclub\\vendor\\laravel\\framework\\src\\Illuminate\\Routing\\Router.php(699): Illuminate\\Routing\\Route->gatherMiddleware()
#12 C:\\laragon\\www\\vipclub\\vendor\\laravel\\framework\\src\\Illuminate\\Routing\\Router.php(679): Illuminate\\Routing\\Router->gatherRouteMiddleware(Object(Illuminate\\Routing\\Route))
#13 C:\\laragon\\www\\vipclub\\vendor\\laravel\\framework\\src\\Illuminate\\Routing\\Router.php(663): Illuminate\\Routing\\Router->runRouteWithinStack(Object(Illuminate\\Routing\\Route), Object(Illuminate\\Http\\Request))
#14 C:\\laragon\\www\\vipclub\\vendor\\laravel\\framework\\src\\Illuminate\\Routing\\Router.php(629): Illuminate\\Routing\\Router->runRoute(Object(Illuminate\\Http\\Request), Object(Illuminate\\Routing\\Route))
#15 C:\\laragon\\www\\vipclub\\vendor\\laravel\\framework\\src\\Illuminate\\Routing\\Router.php(618): Illuminate\\Routing\\Router->dispatchToRoute(Object(Illuminate\\Http\\Request))
#16 C:\\laragon\\www\\vipclub\\vendor\\laravel\\framework\\src\\Illuminate\\Foundation\\Http\\Kernel.php(172): Illuminate\\Routing\\Router->dispatch(Object(Illuminate\\Http\\Request))
#17 C:\\laragon\\www\\vipclub\\vendor\\laravel\\framework\\src\\Illuminate\\Pipeline\\Pipeline.php(130): Illuminate\\Foundation\\Http\\Kernel->Illuminate\\Foundation\\Http\\{closure}(Object(Illuminate\\Http\\Request))
#18 C:\\laragon\\www\\vipclub\\vendor\\fideloper\\proxy\\src\\TrustProxies.php(57): Illuminate\\Pipeline\\Pipeline->Illuminate\\Pipeline\\{closure}(Object(Illuminate\\Http\\Request))
#19 C:\\laragon\\www\\vipclub\\vendor\\laravel\\framework\\src\\Illuminate\\Pipeline\\Pipeline.php(171): Fideloper\\Proxy\\TrustProxies->handle(Object(Illuminate\\Http\\Request), Object(Closure))
#20 C:\\laragon\\www\\vipclub\\vendor\\laravel\\framework\\src\\Illuminate\\Foundation\\Http\\Middleware\\TransformsRequest.php(21): Illuminate\\Pipeline\\Pipeline->Illuminate\\Pipeline\\{closure}(Object(Illuminate\\Http\\Request))
#21 C:\\laragon\\www\\vipclub\\vendor\\laravel\\framework\\src\\Illuminate\\Pipeline\\Pipeline.php(171): Illuminate\\Foundation\\Http\\Middleware\\TransformsRequest->handle(Object(Illuminate\\Http\\Request), Object(Closure))
#22 C:\\laragon\\www\\vipclub\\vendor\\laravel\\framework\\src\\Illuminate\\Foundation\\Http\\Middleware\\TransformsRequest.php(21): Illuminate\\Pipeline\\Pipeline->Illuminate\\Pipeline\\{closure}(Object(Illuminate\\Http\\Request))
#23 C:\\laragon\\www\\vipclub\\vendor\\laravel\\framework\\src\\Illuminate\\Pipeline\\Pipeline.php(171): Illuminate\\Foundation\\Http\\Middleware\\TransformsRequest->handle(Object(Illuminate\\Http\\Request), Object(Closure))
#24 C:\\laragon\\www\\vipclub\\vendor\\laravel\\framework\\src\\Illuminate\\Foundation\\Http\\Middleware\\ValidatePostSize.php(27): Illuminate\\Pipeline\\Pipeline->Illuminate\\Pipeline\\{closure}(Object(Illuminate\\Http\\Request))
#25 C:\\laragon\\www\\vipclub\\vendor\\laravel\\framework\\src\\Illuminate\\Pipeline\\Pipeline.php(171): Illuminate\\Foundation\\Http\\Middleware\\ValidatePostSize->handle(Object(Illuminate\\Http\\Request), Object(Closure))
#26 C:\\laragon\\www\\vipclub\\vendor\\laravel\\framework\\src\\Illuminate\\Foundation\\Http\\Middleware\\CheckForMaintenanceMode.php(63): Illuminate\\Pipeline\\Pipeline->Illuminate\\Pipeline\\{closure}(Object(Illuminate\\Http\\Request))
#27 C:\\laragon\\www\\vipclub\\vendor\\laravel\\framework\\src\\Illuminate\\Pipeline\\Pipeline.php(171): Illuminate\\Foundation\\Http\\Middleware\\CheckForMaintenanceMode->handle(Object(Illuminate\\Http\\Request), Object(Closure))
#28 C:\\laragon\\www\\vipclub\\vendor\\laravel\\framework\\src\\Illuminate\\Pipeline\\Pipeline.php(105): Illuminate\\Pipeline\\Pipeline->Illuminate\\Pipeline\\{closure}(Object(Illuminate\\Http\\Request))
#29 C:\\laragon\\www\\vipclub\\vendor\\laravel\\framework\\src\\Illuminate\\Foundation\\Http\\Kernel.php(147): Illuminate\\Pipeline\\Pipeline->then(Object(Closure))
#30 C:\\laragon\\www\\vipclub\\vendor\\laravel\\framework\\src\\Illuminate\\Foundation\\Http\\Kernel.php(112): Illuminate\\Foundation\\Http\\Kernel->sendRequestThroughRouter(Object(Illuminate\\Http\\Request))
#31 C:\\laragon\\www\\vipclub\\index.php(52): Illuminate\\Foundation\\Http\\Kernel->handle(Object(Illuminate\\Http\\Request))
#32 {main}
"} 
[2024-08-07 04:33:30] production.ERROR: syntax error, unexpected ')' {"exception":"[object] (Symfony\\Component\\Debug\\Exception\\FatalThrowableError(code: 0): syntax error, unexpected ')' at C:\\laragon\\www\\vipclub\\app\\Http\\Controllers\\MessagesController.php:531)
[stacktrace]
#0 C:\\laragon\\www\\vipclub\\vendor\\composer\\ClassLoader.php(428): Composer\\Autoload\\includeFile('C:\\\\laragon\\\\www\\\\...')
#1 [internal function]: Composer\\Autoload\\ClassLoader->loadClass('App\\\\Http\\\\Contro...')
#2 [internal function]: spl_autoload_call('App\\\\Http\\\\Contro...')
#3 C:\\laragon\\www\\vipclub\\vendor\\laravel\\framework\\src\\Illuminate\\Container\\Container.php(803): ReflectionClass->__construct('App\\\\Http\\\\Contro...')
#4 C:\\laragon\\www\\vipclub\\vendor\\laravel\\framework\\src\\Illuminate\\Container\\Container.php(681): Illuminate\\Container\\Container->build('App\\\\Http\\\\Contro...')
#5 C:\\laragon\\www\\vipclub\\vendor\\laravel\\framework\\src\\Illuminate\\Foundation\\Application.php(785): Illuminate\\Container\\Container->resolve('App\\\\Http\\\\Contro...', Array, true)
#6 C:\\laragon\\www\\vipclub\\vendor\\laravel\\framework\\src\\Illuminate\\Container\\Container.php(629): Illuminate\\Foundation\\Application->resolve('App\\\\Http\\\\Contro...', Array)
#7 C:\\laragon\\www\\vipclub\\vendor\\laravel\\framework\\src\\Illuminate\\Foundation\\Application.php(770): Illuminate\\Container\\Container->make('App\\\\Http\\\\Contro...', Array)
#8 C:\\laragon\\www\\vipclub\\vendor\\laravel\\framework\\src\\Illuminate\\Routing\\Route.php(233): Illuminate\\Foundation\\Application->make('App\\\\Http\\\\Contro...')
#9 C:\\laragon\\www\\vipclub\\vendor\\laravel\\framework\\src\\Illuminate\\Routing\\Route.php(833): Illuminate\\Routing\\Route->getController()
#10 C:\\laragon\\www\\vipclub\\vendor\\laravel\\framework\\src\\Illuminate\\Routing\\Route.php(794): Illuminate\\Routing\\Route->controllerMiddleware()
#11 C:\\laragon\\www\\vipclub\\vendor\\laravel\\framework\\src\\Illuminate\\Routing\\Router.php(699): Illuminate\\Routing\\Route->gatherMiddleware()
#12 C:\\laragon\\www\\vipclub\\vendor\\laravel\\framework\\src\\Illuminate\\Routing\\Router.php(679): Illuminate\\Routing\\Router->gatherRouteMiddleware(Object(Illuminate\\Routing\\Route))
#13 C:\\laragon\\www\\vipclub\\vendor\\laravel\\framework\\src\\Illuminate\\Routing\\Router.php(663): Illuminate\\Routing\\Router->runRouteWithinStack(Object(Illuminate\\Routing\\Route), Object(Illuminate\\Http\\Request))
#14 C:\\laragon\\www\\vipclub\\vendor\\laravel\\framework\\src\\Illuminate\\Routing\\Router.php(629): Illuminate\\Routing\\Router->runRoute(Object(Illuminate\\Http\\Request), Object(Illuminate\\Routing\\Route))
#15 C:\\laragon\\www\\vipclub\\vendor\\laravel\\framework\\src\\Illuminate\\Routing\\Router.php(618): Illuminate\\Routing\\Router->dispatchToRoute(Object(Illuminate\\Http\\Request))
#16 C:\\laragon\\www\\vipclub\\vendor\\laravel\\framework\\src\\Illuminate\\Foundation\\Http\\Kernel.php(172): Illuminate\\Routing\\Router->dispatch(Object(Illuminate\\Http\\Request))
#17 C:\\laragon\\www\\vipclub\\vendor\\laravel\\framework\\src\\Illuminate\\Pipeline\\Pipeline.php(130): Illuminate\\Foundation\\Http\\Kernel->Illuminate\\Foundation\\Http\\{closure}(Object(Illuminate\\Http\\Request))
#18 C:\\laragon\\www\\vipclub\\vendor\\fideloper\\proxy\\src\\TrustProxies.php(57): Illuminate\\Pipeline\\Pipeline->Illuminate\\Pipeline\\{closure}(Object(Illuminate\\Http\\Request))
#19 C:\\laragon\\www\\vipclub\\vendor\\laravel\\framework\\src\\Illuminate\\Pipeline\\Pipeline.php(171): Fideloper\\Proxy\\TrustProxies->handle(Object(Illuminate\\Http\\Request), Object(Closure))
#20 C:\\laragon\\www\\vipclub\\vendor\\laravel\\framework\\src\\Illuminate\\Foundation\\Http\\Middleware\\TransformsRequest.php(21): Illuminate\\Pipeline\\Pipeline->Illuminate\\Pipeline\\{closure}(Object(Illuminate\\Http\\Request))
#21 C:\\laragon\\www\\vipclub\\vendor\\laravel\\framework\\src\\Illuminate\\Pipeline\\Pipeline.php(171): Illuminate\\Foundation\\Http\\Middleware\\TransformsRequest->handle(Object(Illuminate\\Http\\Request), Object(Closure))
#22 C:\\laragon\\www\\vipclub\\vendor\\laravel\\framework\\src\\Illuminate\\Foundation\\Http\\Middleware\\TransformsRequest.php(21): Illuminate\\Pipeline\\Pipeline->Illuminate\\Pipeline\\{closure}(Object(Illuminate\\Http\\Request))
#23 C:\\laragon\\www\\vipclub\\vendor\\laravel\\framework\\src\\Illuminate\\Pipeline\\Pipeline.php(171): Illuminate\\Foundation\\Http\\Middleware\\TransformsRequest->handle(Object(Illuminate\\Http\\Request), Object(Closure))
#24 C:\\laragon\\www\\vipclub\\vendor\\laravel\\framework\\src\\Illuminate\\Foundation\\Http\\Middleware\\ValidatePostSize.php(27): Illuminate\\Pipeline\\Pipeline->Illuminate\\Pipeline\\{closure}(Object(Illuminate\\Http\\Request))
#25 C:\\laragon\\www\\vipclub\\vendor\\laravel\\framework\\src\\Illuminate\\Pipeline\\Pipeline.php(171): Illuminate\\Foundation\\Http\\Middleware\\ValidatePostSize->handle(Object(Illuminate\\Http\\Request), Object(Closure))
#26 C:\\laragon\\www\\vipclub\\vendor\\laravel\\framework\\src\\Illuminate\\Foundation\\Http\\Middleware\\CheckForMaintenanceMode.php(63): Illuminate\\Pipeline\\Pipeline->Illuminate\\Pipeline\\{closure}(Object(Illuminate\\Http\\Request))
#27 C:\\laragon\\www\\vipclub\\vendor\\laravel\\framework\\src\\Illuminate\\Pipeline\\Pipeline.php(171): Illuminate\\Foundation\\Http\\Middleware\\CheckForMaintenanceMode->handle(Object(Illuminate\\Http\\Request), Object(Closure))
#28 C:\\laragon\\www\\vipclub\\vendor\\laravel\\framework\\src\\Illuminate\\Pipeline\\Pipeline.php(105): Illuminate\\Pipeline\\Pipeline->Illuminate\\Pipeline\\{closure}(Object(Illuminate\\Http\\Request))
#29 C:\\laragon\\www\\vipclub\\vendor\\laravel\\framework\\src\\Illuminate\\Foundation\\Http\\Kernel.php(147): Illuminate\\Pipeline\\Pipeline->then(Object(Closure))
#30 C:\\laragon\\www\\vipclub\\vendor\\laravel\\framework\\src\\Illuminate\\Foundation\\Http\\Kernel.php(112): Illuminate\\Foundation\\Http\\Kernel->sendRequestThroughRouter(Object(Illuminate\\Http\\Request))
#31 C:\\laragon\\www\\vipclub\\index.php(52): Illuminate\\Foundation\\Http\\Kernel->handle(Object(Illuminate\\Http\\Request))
#32 {main}
"} 
[2024-08-07 04:35:13] production.ERROR: syntax error, unexpected ')' {"exception":"[object] (Symfony\\Component\\Debug\\Exception\\FatalThrowableError(code: 0): syntax error, unexpected ')' at C:\\laragon\\www\\vipclub\\app\\Http\\Controllers\\MessagesController.php:531)
[stacktrace]
#0 C:\\laragon\\www\\vipclub\\vendor\\composer\\ClassLoader.php(428): Composer\\Autoload\\includeFile('C:\\\\laragon\\\\www\\\\...')
#1 [internal function]: Composer\\Autoload\\ClassLoader->loadClass('App\\\\Http\\\\Contro...')
#2 [internal function]: spl_autoload_call('App\\\\Http\\\\Contro...')
#3 C:\\laragon\\www\\vipclub\\vendor\\laravel\\framework\\src\\Illuminate\\Container\\Container.php(803): ReflectionClass->__construct('App\\\\Http\\\\Contro...')
#4 C:\\laragon\\www\\vipclub\\vendor\\laravel\\framework\\src\\Illuminate\\Container\\Container.php(681): Illuminate\\Container\\Container->build('App\\\\Http\\\\Contro...')
#5 C:\\laragon\\www\\vipclub\\vendor\\laravel\\framework\\src\\Illuminate\\Foundation\\Application.php(785): Illuminate\\Container\\Container->resolve('App\\\\Http\\\\Contro...', Array, true)
#6 C:\\laragon\\www\\vipclub\\vendor\\laravel\\framework\\src\\Illuminate\\Container\\Container.php(629): Illuminate\\Foundation\\Application->resolve('App\\\\Http\\\\Contro...', Array)
#7 C:\\laragon\\www\\vipclub\\vendor\\laravel\\framework\\src\\Illuminate\\Foundation\\Application.php(770): Illuminate\\Container\\Container->make('App\\\\Http\\\\Contro...', Array)
#8 C:\\laragon\\www\\vipclub\\vendor\\laravel\\framework\\src\\Illuminate\\Routing\\Route.php(233): Illuminate\\Foundation\\Application->make('App\\\\Http\\\\Contro...')
#9 C:\\laragon\\www\\vipclub\\vendor\\laravel\\framework\\src\\Illuminate\\Routing\\Route.php(833): Illuminate\\Routing\\Route->getController()
#10 C:\\laragon\\www\\vipclub\\vendor\\laravel\\framework\\src\\Illuminate\\Routing\\Route.php(794): Illuminate\\Routing\\Route->controllerMiddleware()
#11 C:\\laragon\\www\\vipclub\\vendor\\laravel\\framework\\src\\Illuminate\\Routing\\Router.php(699): Illuminate\\Routing\\Route->gatherMiddleware()
#12 C:\\laragon\\www\\vipclub\\vendor\\laravel\\framework\\src\\Illuminate\\Routing\\Router.php(679): Illuminate\\Routing\\Router->gatherRouteMiddleware(Object(Illuminate\\Routing\\Route))
#13 C:\\laragon\\www\\vipclub\\vendor\\laravel\\framework\\src\\Illuminate\\Routing\\Router.php(663): Illuminate\\Routing\\Router->runRouteWithinStack(Object(Illuminate\\Routing\\Route), Object(Illuminate\\Http\\Request))
#14 C:\\laragon\\www\\vipclub\\vendor\\laravel\\framework\\src\\Illuminate\\Routing\\Router.php(629): Illuminate\\Routing\\Router->runRoute(Object(Illuminate\\Http\\Request), Object(Illuminate\\Routing\\Route))
#15 C:\\laragon\\www\\vipclub\\vendor\\laravel\\framework\\src\\Illuminate\\Routing\\Router.php(618): Illuminate\\Routing\\Router->dispatchToRoute(Object(Illuminate\\Http\\Request))
#16 C:\\laragon\\www\\vipclub\\vendor\\laravel\\framework\\src\\Illuminate\\Foundation\\Http\\Kernel.php(172): Illuminate\\Routing\\Router->dispatch(Object(Illuminate\\Http\\Request))
#17 C:\\laragon\\www\\vipclub\\vendor\\laravel\\framework\\src\\Illuminate\\Pipeline\\Pipeline.php(130): Illuminate\\Foundation\\Http\\Kernel->Illuminate\\Foundation\\Http\\{closure}(Object(Illuminate\\Http\\Request))
#18 C:\\laragon\\www\\vipclub\\vendor\\fideloper\\proxy\\src\\TrustProxies.php(57): Illuminate\\Pipeline\\Pipeline->Illuminate\\Pipeline\\{closure}(Object(Illuminate\\Http\\Request))
#19 C:\\laragon\\www\\vipclub\\vendor\\laravel\\framework\\src\\Illuminate\\Pipeline\\Pipeline.php(171): Fideloper\\Proxy\\TrustProxies->handle(Object(Illuminate\\Http\\Request), Object(Closure))
#20 C:\\laragon\\www\\vipclub\\vendor\\laravel\\framework\\src\\Illuminate\\Foundation\\Http\\Middleware\\TransformsRequest.php(21): Illuminate\\Pipeline\\Pipeline->Illuminate\\Pipeline\\{closure}(Object(Illuminate\\Http\\Request))
#21 C:\\laragon\\www\\vipclub\\vendor\\laravel\\framework\\src\\Illuminate\\Pipeline\\Pipeline.php(171): Illuminate\\Foundation\\Http\\Middleware\\TransformsRequest->handle(Object(Illuminate\\Http\\Request), Object(Closure))
#22 C:\\laragon\\www\\vipclub\\vendor\\laravel\\framework\\src\\Illuminate\\Foundation\\Http\\Middleware\\TransformsRequest.php(21): Illuminate\\Pipeline\\Pipeline->Illuminate\\Pipeline\\{closure}(Object(Illuminate\\Http\\Request))
#23 C:\\laragon\\www\\vipclub\\vendor\\laravel\\framework\\src\\Illuminate\\Pipeline\\Pipeline.php(171): Illuminate\\Foundation\\Http\\Middleware\\TransformsRequest->handle(Object(Illuminate\\Http\\Request), Object(Closure))
#24 C:\\laragon\\www\\vipclub\\vendor\\laravel\\framework\\src\\Illuminate\\Foundation\\Http\\Middleware\\ValidatePostSize.php(27): Illuminate\\Pipeline\\Pipeline->Illuminate\\Pipeline\\{closure}(Object(Illuminate\\Http\\Request))
#25 C:\\laragon\\www\\vipclub\\vendor\\laravel\\framework\\src\\Illuminate\\Pipeline\\Pipeline.php(171): Illuminate\\Foundation\\Http\\Middleware\\ValidatePostSize->handle(Object(Illuminate\\Http\\Request), Object(Closure))
#26 C:\\laragon\\www\\vipclub\\vendor\\laravel\\framework\\src\\Illuminate\\Foundation\\Http\\Middleware\\CheckForMaintenanceMode.php(63): Illuminate\\Pipeline\\Pipeline->Illuminate\\Pipeline\\{closure}(Object(Illuminate\\Http\\Request))
#27 C:\\laragon\\www\\vipclub\\vendor\\laravel\\framework\\src\\Illuminate\\Pipeline\\Pipeline.php(171): Illuminate\\Foundation\\Http\\Middleware\\CheckForMaintenanceMode->handle(Object(Illuminate\\Http\\Request), Object(Closure))
#28 C:\\laragon\\www\\vipclub\\vendor\\laravel\\framework\\src\\Illuminate\\Pipeline\\Pipeline.php(105): Illuminate\\Pipeline\\Pipeline->Illuminate\\Pipeline\\{closure}(Object(Illuminate\\Http\\Request))
#29 C:\\laragon\\www\\vipclub\\vendor\\laravel\\framework\\src\\Illuminate\\Foundation\\Http\\Kernel.php(147): Illuminate\\Pipeline\\Pipeline->then(Object(Closure))
#30 C:\\laragon\\www\\vipclub\\vendor\\laravel\\framework\\src\\Illuminate\\Foundation\\Http\\Kernel.php(112): Illuminate\\Foundation\\Http\\Kernel->sendRequestThroughRouter(Object(Illuminate\\Http\\Request))
#31 C:\\laragon\\www\\vipclub\\index.php(52): Illuminate\\Foundation\\Http\\Kernel->handle(Object(Illuminate\\Http\\Request))
#32 {main}
"} 
[2024-08-07 04:36:54] production.ERROR: syntax error, unexpected ')' {"exception":"[object] (Symfony\\Component\\Debug\\Exception\\FatalThrowableError(code: 0): syntax error, unexpected ')' at C:\\laragon\\www\\vipclub\\app\\Http\\Controllers\\MessagesController.php:531)
[stacktrace]
#0 C:\\laragon\\www\\vipclub\\vendor\\composer\\ClassLoader.php(428): Composer\\Autoload\\includeFile('C:\\\\laragon\\\\www\\\\...')
#1 [internal function]: Composer\\Autoload\\ClassLoader->loadClass('App\\\\Http\\\\Contro...')
#2 [internal function]: spl_autoload_call('App\\\\Http\\\\Contro...')
#3 C:\\laragon\\www\\vipclub\\vendor\\laravel\\framework\\src\\Illuminate\\Container\\Container.php(803): ReflectionClass->__construct('App\\\\Http\\\\Contro...')
#4 C:\\laragon\\www\\vipclub\\vendor\\laravel\\framework\\src\\Illuminate\\Container\\Container.php(681): Illuminate\\Container\\Container->build('App\\\\Http\\\\Contro...')
#5 C:\\laragon\\www\\vipclub\\vendor\\laravel\\framework\\src\\Illuminate\\Foundation\\Application.php(785): Illuminate\\Container\\Container->resolve('App\\\\Http\\\\Contro...', Array, true)
#6 C:\\laragon\\www\\vipclub\\vendor\\laravel\\framework\\src\\Illuminate\\Container\\Container.php(629): Illuminate\\Foundation\\Application->resolve('App\\\\Http\\\\Contro...', Array)
#7 C:\\laragon\\www\\vipclub\\vendor\\laravel\\framework\\src\\Illuminate\\Foundation\\Application.php(770): Illuminate\\Container\\Container->make('App\\\\Http\\\\Contro...', Array)
#8 C:\\laragon\\www\\vipclub\\vendor\\laravel\\framework\\src\\Illuminate\\Routing\\Route.php(233): Illuminate\\Foundation\\Application->make('App\\\\Http\\\\Contro...')
#9 C:\\laragon\\www\\vipclub\\vendor\\laravel\\framework\\src\\Illuminate\\Routing\\Route.php(833): Illuminate\\Routing\\Route->getController()
#10 C:\\laragon\\www\\vipclub\\vendor\\laravel\\framework\\src\\Illuminate\\Routing\\Route.php(794): Illuminate\\Routing\\Route->controllerMiddleware()
#11 C:\\laragon\\www\\vipclub\\vendor\\laravel\\framework\\src\\Illuminate\\Routing\\Router.php(699): Illuminate\\Routing\\Route->gatherMiddleware()
#12 C:\\laragon\\www\\vipclub\\vendor\\laravel\\framework\\src\\Illuminate\\Routing\\Router.php(679): Illuminate\\Routing\\Router->gatherRouteMiddleware(Object(Illuminate\\Routing\\Route))
#13 C:\\laragon\\www\\vipclub\\vendor\\laravel\\framework\\src\\Illuminate\\Routing\\Router.php(663): Illuminate\\Routing\\Router->runRouteWithinStack(Object(Illuminate\\Routing\\Route), Object(Illuminate\\Http\\Request))
#14 C:\\laragon\\www\\vipclub\\vendor\\laravel\\framework\\src\\Illuminate\\Routing\\Router.php(629): Illuminate\\Routing\\Router->runRoute(Object(Illuminate\\Http\\Request), Object(Illuminate\\Routing\\Route))
#15 C:\\laragon\\www\\vipclub\\vendor\\laravel\\framework\\src\\Illuminate\\Routing\\Router.php(618): Illuminate\\Routing\\Router->dispatchToRoute(Object(Illuminate\\Http\\Request))
#16 C:\\laragon\\www\\vipclub\\vendor\\laravel\\framework\\src\\Illuminate\\Foundation\\Http\\Kernel.php(172): Illuminate\\Routing\\Router->dispatch(Object(Illuminate\\Http\\Request))
#17 C:\\laragon\\www\\vipclub\\vendor\\laravel\\framework\\src\\Illuminate\\Pipeline\\Pipeline.php(130): Illuminate\\Foundation\\Http\\Kernel->Illuminate\\Foundation\\Http\\{closure}(Object(Illuminate\\Http\\Request))
#18 C:\\laragon\\www\\vipclub\\vendor\\fideloper\\proxy\\src\\TrustProxies.php(57): Illuminate\\Pipeline\\Pipeline->Illuminate\\Pipeline\\{closure}(Object(Illuminate\\Http\\Request))
#19 C:\\laragon\\www\\vipclub\\vendor\\laravel\\framework\\src\\Illuminate\\Pipeline\\Pipeline.php(171): Fideloper\\Proxy\\TrustProxies->handle(Object(Illuminate\\Http\\Request), Object(Closure))
#20 C:\\laragon\\www\\vipclub\\vendor\\laravel\\framework\\src\\Illuminate\\Foundation\\Http\\Middleware\\TransformsRequest.php(21): Illuminate\\Pipeline\\Pipeline->Illuminate\\Pipeline\\{closure}(Object(Illuminate\\Http\\Request))
#21 C:\\laragon\\www\\vipclub\\vendor\\laravel\\framework\\src\\Illuminate\\Pipeline\\Pipeline.php(171): Illuminate\\Foundation\\Http\\Middleware\\TransformsRequest->handle(Object(Illuminate\\Http\\Request), Object(Closure))
#22 C:\\laragon\\www\\vipclub\\vendor\\laravel\\framework\\src\\Illuminate\\Foundation\\Http\\Middleware\\TransformsRequest.php(21): Illuminate\\Pipeline\\Pipeline->Illuminate\\Pipeline\\{closure}(Object(Illuminate\\Http\\Request))
#23 C:\\laragon\\www\\vipclub\\vendor\\laravel\\framework\\src\\Illuminate\\Pipeline\\Pipeline.php(171): Illuminate\\Foundation\\Http\\Middleware\\TransformsRequest->handle(Object(Illuminate\\Http\\Request), Object(Closure))
#24 C:\\laragon\\www\\vipclub\\vendor\\laravel\\framework\\src\\Illuminate\\Foundation\\Http\\Middleware\\ValidatePostSize.php(27): Illuminate\\Pipeline\\Pipeline->Illuminate\\Pipeline\\{closure}(Object(Illuminate\\Http\\Request))
#25 C:\\laragon\\www\\vipclub\\vendor\\laravel\\framework\\src\\Illuminate\\Pipeline\\Pipeline.php(171): Illuminate\\Foundation\\Http\\Middleware\\ValidatePostSize->handle(Object(Illuminate\\Http\\Request), Object(Closure))
#26 C:\\laragon\\www\\vipclub\\vendor\\laravel\\framework\\src\\Illuminate\\Foundation\\Http\\Middleware\\CheckForMaintenanceMode.php(63): Illuminate\\Pipeline\\Pipeline->Illuminate\\Pipeline\\{closure}(Object(Illuminate\\Http\\Request))
#27 C:\\laragon\\www\\vipclub\\vendor\\laravel\\framework\\src\\Illuminate\\Pipeline\\Pipeline.php(171): Illuminate\\Foundation\\Http\\Middleware\\CheckForMaintenanceMode->handle(Object(Illuminate\\Http\\Request), Object(Closure))
#28 C:\\laragon\\www\\vipclub\\vendor\\laravel\\framework\\src\\Illuminate\\Pipeline\\Pipeline.php(105): Illuminate\\Pipeline\\Pipeline->Illuminate\\Pipeline\\{closure}(Object(Illuminate\\Http\\Request))
#29 C:\\laragon\\www\\vipclub\\vendor\\laravel\\framework\\src\\Illuminate\\Foundation\\Http\\Kernel.php(147): Illuminate\\Pipeline\\Pipeline->then(Object(Closure))
#30 C:\\laragon\\www\\vipclub\\vendor\\laravel\\framework\\src\\Illuminate\\Foundation\\Http\\Kernel.php(112): Illuminate\\Foundation\\Http\\Kernel->sendRequestThroughRouter(Object(Illuminate\\Http\\Request))
#31 C:\\laragon\\www\\vipclub\\index.php(52): Illuminate\\Foundation\\Http\\Kernel->handle(Object(Illuminate\\Http\\Request))
#32 {main}
"} 
[2024-08-07 04:40:14] production.ERROR: syntax error, unexpected ')' {"exception":"[object] (Symfony\\Component\\Debug\\Exception\\FatalThrowableError(code: 0): syntax error, unexpected ')' at C:\\laragon\\www\\vipclub\\app\\Http\\Controllers\\MessagesController.php:531)
[stacktrace]
#0 C:\\laragon\\www\\vipclub\\vendor\\composer\\ClassLoader.php(428): Composer\\Autoload\\includeFile('C:\\\\laragon\\\\www\\\\...')
#1 [internal function]: Composer\\Autoload\\ClassLoader->loadClass('App\\\\Http\\\\Contro...')
#2 [internal function]: spl_autoload_call('App\\\\Http\\\\Contro...')
#3 C:\\laragon\\www\\vipclub\\vendor\\laravel\\framework\\src\\Illuminate\\Container\\Container.php(803): ReflectionClass->__construct('App\\\\Http\\\\Contro...')
#4 C:\\laragon\\www\\vipclub\\vendor\\laravel\\framework\\src\\Illuminate\\Container\\Container.php(681): Illuminate\\Container\\Container->build('App\\\\Http\\\\Contro...')
#5 C:\\laragon\\www\\vipclub\\vendor\\laravel\\framework\\src\\Illuminate\\Foundation\\Application.php(785): Illuminate\\Container\\Container->resolve('App\\\\Http\\\\Contro...', Array, true)
#6 C:\\laragon\\www\\vipclub\\vendor\\laravel\\framework\\src\\Illuminate\\Container\\Container.php(629): Illuminate\\Foundation\\Application->resolve('App\\\\Http\\\\Contro...', Array)
#7 C:\\laragon\\www\\vipclub\\vendor\\laravel\\framework\\src\\Illuminate\\Foundation\\Application.php(770): Illuminate\\Container\\Container->make('App\\\\Http\\\\Contro...', Array)
#8 C:\\laragon\\www\\vipclub\\vendor\\laravel\\framework\\src\\Illuminate\\Routing\\Route.php(233): Illuminate\\Foundation\\Application->make('App\\\\Http\\\\Contro...')
#9 C:\\laragon\\www\\vipclub\\vendor\\laravel\\framework\\src\\Illuminate\\Routing\\Route.php(833): Illuminate\\Routing\\Route->getController()
#10 C:\\laragon\\www\\vipclub\\vendor\\laravel\\framework\\src\\Illuminate\\Routing\\Route.php(794): Illuminate\\Routing\\Route->controllerMiddleware()
#11 C:\\laragon\\www\\vipclub\\vendor\\laravel\\framework\\src\\Illuminate\\Routing\\Router.php(699): Illuminate\\Routing\\Route->gatherMiddleware()
#12 C:\\laragon\\www\\vipclub\\vendor\\laravel\\framework\\src\\Illuminate\\Routing\\Router.php(679): Illuminate\\Routing\\Router->gatherRouteMiddleware(Object(Illuminate\\Routing\\Route))
#13 C:\\laragon\\www\\vipclub\\vendor\\laravel\\framework\\src\\Illuminate\\Routing\\Router.php(663): Illuminate\\Routing\\Router->runRouteWithinStack(Object(Illuminate\\Routing\\Route), Object(Illuminate\\Http\\Request))
#14 C:\\laragon\\www\\vipclub\\vendor\\laravel\\framework\\src\\Illuminate\\Routing\\Router.php(629): Illuminate\\Routing\\Router->runRoute(Object(Illuminate\\Http\\Request), Object(Illuminate\\Routing\\Route))
#15 C:\\laragon\\www\\vipclub\\vendor\\laravel\\framework\\src\\Illuminate\\Routing\\Router.php(618): Illuminate\\Routing\\Router->dispatchToRoute(Object(Illuminate\\Http\\Request))
#16 C:\\laragon\\www\\vipclub\\vendor\\laravel\\framework\\src\\Illuminate\\Foundation\\Http\\Kernel.php(172): Illuminate\\Routing\\Router->dispatch(Object(Illuminate\\Http\\Request))
#17 C:\\laragon\\www\\vipclub\\vendor\\laravel\\framework\\src\\Illuminate\\Pipeline\\Pipeline.php(130): Illuminate\\Foundation\\Http\\Kernel->Illuminate\\Foundation\\Http\\{closure}(Object(Illuminate\\Http\\Request))
#18 C:\\laragon\\www\\vipclub\\vendor\\fideloper\\proxy\\src\\TrustProxies.php(57): Illuminate\\Pipeline\\Pipeline->Illuminate\\Pipeline\\{closure}(Object(Illuminate\\Http\\Request))
#19 C:\\laragon\\www\\vipclub\\vendor\\laravel\\framework\\src\\Illuminate\\Pipeline\\Pipeline.php(171): Fideloper\\Proxy\\TrustProxies->handle(Object(Illuminate\\Http\\Request), Object(Closure))
#20 C:\\laragon\\www\\vipclub\\vendor\\laravel\\framework\\src\\Illuminate\\Foundation\\Http\\Middleware\\TransformsRequest.php(21): Illuminate\\Pipeline\\Pipeline->Illuminate\\Pipeline\\{closure}(Object(Illuminate\\Http\\Request))
#21 C:\\laragon\\www\\vipclub\\vendor\\laravel\\framework\\src\\Illuminate\\Pipeline\\Pipeline.php(171): Illuminate\\Foundation\\Http\\Middleware\\TransformsRequest->handle(Object(Illuminate\\Http\\Request), Object(Closure))
#22 C:\\laragon\\www\\vipclub\\vendor\\laravel\\framework\\src\\Illuminate\\Foundation\\Http\\Middleware\\TransformsRequest.php(21): Illuminate\\Pipeline\\Pipeline->Illuminate\\Pipeline\\{closure}(Object(Illuminate\\Http\\Request))
#23 C:\\laragon\\www\\vipclub\\vendor\\laravel\\framework\\src\\Illuminate\\Pipeline\\Pipeline.php(171): Illuminate\\Foundation\\Http\\Middleware\\TransformsRequest->handle(Object(Illuminate\\Http\\Request), Object(Closure))
#24 C:\\laragon\\www\\vipclub\\vendor\\laravel\\framework\\src\\Illuminate\\Foundation\\Http\\Middleware\\ValidatePostSize.php(27): Illuminate\\Pipeline\\Pipeline->Illuminate\\Pipeline\\{closure}(Object(Illuminate\\Http\\Request))
#25 C:\\laragon\\www\\vipclub\\vendor\\laravel\\framework\\src\\Illuminate\\Pipeline\\Pipeline.php(171): Illuminate\\Foundation\\Http\\Middleware\\ValidatePostSize->handle(Object(Illuminate\\Http\\Request), Object(Closure))
#26 C:\\laragon\\www\\vipclub\\vendor\\laravel\\framework\\src\\Illuminate\\Foundation\\Http\\Middleware\\CheckForMaintenanceMode.php(63): Illuminate\\Pipeline\\Pipeline->Illuminate\\Pipeline\\{closure}(Object(Illuminate\\Http\\Request))
#27 C:\\laragon\\www\\vipclub\\vendor\\laravel\\framework\\src\\Illuminate\\Pipeline\\Pipeline.php(171): Illuminate\\Foundation\\Http\\Middleware\\CheckForMaintenanceMode->handle(Object(Illuminate\\Http\\Request), Object(Closure))
#28 C:\\laragon\\www\\vipclub\\vendor\\laravel\\framework\\src\\Illuminate\\Pipeline\\Pipeline.php(105): Illuminate\\Pipeline\\Pipeline->Illuminate\\Pipeline\\{closure}(Object(Illuminate\\Http\\Request))
#29 C:\\laragon\\www\\vipclub\\vendor\\laravel\\framework\\src\\Illuminate\\Foundation\\Http\\Kernel.php(147): Illuminate\\Pipeline\\Pipeline->then(Object(Closure))
#30 C:\\laragon\\www\\vipclub\\vendor\\laravel\\framework\\src\\Illuminate\\Foundation\\Http\\Kernel.php(112): Illuminate\\Foundation\\Http\\Kernel->sendRequestThroughRouter(Object(Illuminate\\Http\\Request))
#31 C:\\laragon\\www\\vipclub\\index.php(52): Illuminate\\Foundation\\Http\\Kernel->handle(Object(Illuminate\\Http\\Request))
#32 {main}
"} 
[2024-08-07 04:44:56] production.ERROR: syntax error, unexpected ')' {"exception":"[object] (Symfony\\Component\\Debug\\Exception\\FatalThrowableError(code: 0): syntax error, unexpected ')' at C:\\laragon\\www\\vipclub\\app\\Http\\Controllers\\MessagesController.php:531)
[stacktrace]
#0 C:\\laragon\\www\\vipclub\\vendor\\composer\\ClassLoader.php(428): Composer\\Autoload\\includeFile('C:\\\\laragon\\\\www\\\\...')
#1 [internal function]: Composer\\Autoload\\ClassLoader->loadClass('App\\\\Http\\\\Contro...')
#2 [internal function]: spl_autoload_call('App\\\\Http\\\\Contro...')
#3 C:\\laragon\\www\\vipclub\\vendor\\laravel\\framework\\src\\Illuminate\\Container\\Container.php(803): ReflectionClass->__construct('App\\\\Http\\\\Contro...')
#4 C:\\laragon\\www\\vipclub\\vendor\\laravel\\framework\\src\\Illuminate\\Container\\Container.php(681): Illuminate\\Container\\Container->build('App\\\\Http\\\\Contro...')
#5 C:\\laragon\\www\\vipclub\\vendor\\laravel\\framework\\src\\Illuminate\\Foundation\\Application.php(785): Illuminate\\Container\\Container->resolve('App\\\\Http\\\\Contro...', Array, true)
#6 C:\\laragon\\www\\vipclub\\vendor\\laravel\\framework\\src\\Illuminate\\Container\\Container.php(629): Illuminate\\Foundation\\Application->resolve('App\\\\Http\\\\Contro...', Array)
#7 C:\\laragon\\www\\vipclub\\vendor\\laravel\\framework\\src\\Illuminate\\Foundation\\Application.php(770): Illuminate\\Container\\Container->make('App\\\\Http\\\\Contro...', Array)
#8 C:\\laragon\\www\\vipclub\\vendor\\laravel\\framework\\src\\Illuminate\\Routing\\Route.php(233): Illuminate\\Foundation\\Application->make('App\\\\Http\\\\Contro...')
#9 C:\\laragon\\www\\vipclub\\vendor\\laravel\\framework\\src\\Illuminate\\Routing\\Route.php(833): Illuminate\\Routing\\Route->getController()
#10 C:\\laragon\\www\\vipclub\\vendor\\laravel\\framework\\src\\Illuminate\\Routing\\Route.php(794): Illuminate\\Routing\\Route->controllerMiddleware()
#11 C:\\laragon\\www\\vipclub\\vendor\\laravel\\framework\\src\\Illuminate\\Routing\\Router.php(699): Illuminate\\Routing\\Route->gatherMiddleware()
#12 C:\\laragon\\www\\vipclub\\vendor\\laravel\\framework\\src\\Illuminate\\Routing\\Router.php(679): Illuminate\\Routing\\Router->gatherRouteMiddleware(Object(Illuminate\\Routing\\Route))
#13 C:\\laragon\\www\\vipclub\\vendor\\laravel\\framework\\src\\Illuminate\\Routing\\Router.php(663): Illuminate\\Routing\\Router->runRouteWithinStack(Object(Illuminate\\Routing\\Route), Object(Illuminate\\Http\\Request))
#14 C:\\laragon\\www\\vipclub\\vendor\\laravel\\framework\\src\\Illuminate\\Routing\\Router.php(629): Illuminate\\Routing\\Router->runRoute(Object(Illuminate\\Http\\Request), Object(Illuminate\\Routing\\Route))
#15 C:\\laragon\\www\\vipclub\\vendor\\laravel\\framework\\src\\Illuminate\\Routing\\Router.php(618): Illuminate\\Routing\\Router->dispatchToRoute(Object(Illuminate\\Http\\Request))
#16 C:\\laragon\\www\\vipclub\\vendor\\laravel\\framework\\src\\Illuminate\\Foundation\\Http\\Kernel.php(172): Illuminate\\Routing\\Router->dispatch(Object(Illuminate\\Http\\Request))
#17 C:\\laragon\\www\\vipclub\\vendor\\laravel\\framework\\src\\Illuminate\\Pipeline\\Pipeline.php(130): Illuminate\\Foundation\\Http\\Kernel->Illuminate\\Foundation\\Http\\{closure}(Object(Illuminate\\Http\\Request))
#18 C:\\laragon\\www\\vipclub\\vendor\\fideloper\\proxy\\src\\TrustProxies.php(57): Illuminate\\Pipeline\\Pipeline->Illuminate\\Pipeline\\{closure}(Object(Illuminate\\Http\\Request))
#19 C:\\laragon\\www\\vipclub\\vendor\\laravel\\framework\\src\\Illuminate\\Pipeline\\Pipeline.php(171): Fideloper\\Proxy\\TrustProxies->handle(Object(Illuminate\\Http\\Request), Object(Closure))
#20 C:\\laragon\\www\\vipclub\\vendor\\laravel\\framework\\src\\Illuminate\\Foundation\\Http\\Middleware\\TransformsRequest.php(21): Illuminate\\Pipeline\\Pipeline->Illuminate\\Pipeline\\{closure}(Object(Illuminate\\Http\\Request))
#21 C:\\laragon\\www\\vipclub\\vendor\\laravel\\framework\\src\\Illuminate\\Pipeline\\Pipeline.php(171): Illuminate\\Foundation\\Http\\Middleware\\TransformsRequest->handle(Object(Illuminate\\Http\\Request), Object(Closure))
#22 C:\\laragon\\www\\vipclub\\vendor\\laravel\\framework\\src\\Illuminate\\Foundation\\Http\\Middleware\\TransformsRequest.php(21): Illuminate\\Pipeline\\Pipeline->Illuminate\\Pipeline\\{closure}(Object(Illuminate\\Http\\Request))
#23 C:\\laragon\\www\\vipclub\\vendor\\laravel\\framework\\src\\Illuminate\\Pipeline\\Pipeline.php(171): Illuminate\\Foundation\\Http\\Middleware\\TransformsRequest->handle(Object(Illuminate\\Http\\Request), Object(Closure))
#24 C:\\laragon\\www\\vipclub\\vendor\\laravel\\framework\\src\\Illuminate\\Foundation\\Http\\Middleware\\ValidatePostSize.php(27): Illuminate\\Pipeline\\Pipeline->Illuminate\\Pipeline\\{closure}(Object(Illuminate\\Http\\Request))
#25 C:\\laragon\\www\\vipclub\\vendor\\laravel\\framework\\src\\Illuminate\\Pipeline\\Pipeline.php(171): Illuminate\\Foundation\\Http\\Middleware\\ValidatePostSize->handle(Object(Illuminate\\Http\\Request), Object(Closure))
#26 C:\\laragon\\www\\vipclub\\vendor\\laravel\\framework\\src\\Illuminate\\Foundation\\Http\\Middleware\\CheckForMaintenanceMode.php(63): Illuminate\\Pipeline\\Pipeline->Illuminate\\Pipeline\\{closure}(Object(Illuminate\\Http\\Request))
#27 C:\\laragon\\www\\vipclub\\vendor\\laravel\\framework\\src\\Illuminate\\Pipeline\\Pipeline.php(171): Illuminate\\Foundation\\Http\\Middleware\\CheckForMaintenanceMode->handle(Object(Illuminate\\Http\\Request), Object(Closure))
#28 C:\\laragon\\www\\vipclub\\vendor\\laravel\\framework\\src\\Illuminate\\Pipeline\\Pipeline.php(105): Illuminate\\Pipeline\\Pipeline->Illuminate\\Pipeline\\{closure}(Object(Illuminate\\Http\\Request))
#29 C:\\laragon\\www\\vipclub\\vendor\\laravel\\framework\\src\\Illuminate\\Foundation\\Http\\Kernel.php(147): Illuminate\\Pipeline\\Pipeline->then(Object(Closure))
#30 C:\\laragon\\www\\vipclub\\vendor\\laravel\\framework\\src\\Illuminate\\Foundation\\Http\\Kernel.php(112): Illuminate\\Foundation\\Http\\Kernel->sendRequestThroughRouter(Object(Illuminate\\Http\\Request))
#31 C:\\laragon\\www\\vipclub\\index.php(52): Illuminate\\Foundation\\Http\\Kernel->handle(Object(Illuminate\\Http\\Request))
#32 {main}
"} 
[2024-08-07 04:52:18] production.ERROR: syntax error, unexpected ')' {"exception":"[object] (Symfony\\Component\\Debug\\Exception\\FatalThrowableError(code: 0): syntax error, unexpected ')' at C:\\laragon\\www\\vipclub\\app\\Http\\Controllers\\MessagesController.php:531)
[stacktrace]
#0 C:\\laragon\\www\\vipclub\\vendor\\composer\\ClassLoader.php(428): Composer\\Autoload\\includeFile('C:\\\\laragon\\\\www\\\\...')
#1 [internal function]: Composer\\Autoload\\ClassLoader->loadClass('App\\\\Http\\\\Contro...')
#2 [internal function]: spl_autoload_call('App\\\\Http\\\\Contro...')
#3 C:\\laragon\\www\\vipclub\\vendor\\laravel\\framework\\src\\Illuminate\\Container\\Container.php(803): ReflectionClass->__construct('App\\\\Http\\\\Contro...')
#4 C:\\laragon\\www\\vipclub\\vendor\\laravel\\framework\\src\\Illuminate\\Container\\Container.php(681): Illuminate\\Container\\Container->build('App\\\\Http\\\\Contro...')
#5 C:\\laragon\\www\\vipclub\\vendor\\laravel\\framework\\src\\Illuminate\\Foundation\\Application.php(785): Illuminate\\Container\\Container->resolve('App\\\\Http\\\\Contro...', Array, true)
#6 C:\\laragon\\www\\vipclub\\vendor\\laravel\\framework\\src\\Illuminate\\Container\\Container.php(629): Illuminate\\Foundation\\Application->resolve('App\\\\Http\\\\Contro...', Array)
#7 C:\\laragon\\www\\vipclub\\vendor\\laravel\\framework\\src\\Illuminate\\Foundation\\Application.php(770): Illuminate\\Container\\Container->make('App\\\\Http\\\\Contro...', Array)
#8 C:\\laragon\\www\\vipclub\\vendor\\laravel\\framework\\src\\Illuminate\\Routing\\Route.php(233): Illuminate\\Foundation\\Application->make('App\\\\Http\\\\Contro...')
#9 C:\\laragon\\www\\vipclub\\vendor\\laravel\\framework\\src\\Illuminate\\Routing\\Route.php(833): Illuminate\\Routing\\Route->getController()
#10 C:\\laragon\\www\\vipclub\\vendor\\laravel\\framework\\src\\Illuminate\\Routing\\Route.php(794): Illuminate\\Routing\\Route->controllerMiddleware()
#11 C:\\laragon\\www\\vipclub\\vendor\\laravel\\framework\\src\\Illuminate\\Routing\\Router.php(699): Illuminate\\Routing\\Route->gatherMiddleware()
#12 C:\\laragon\\www\\vipclub\\vendor\\laravel\\framework\\src\\Illuminate\\Routing\\Router.php(679): Illuminate\\Routing\\Router->gatherRouteMiddleware(Object(Illuminate\\Routing\\Route))
#13 C:\\laragon\\www\\vipclub\\vendor\\laravel\\framework\\src\\Illuminate\\Routing\\Router.php(663): Illuminate\\Routing\\Router->runRouteWithinStack(Object(Illuminate\\Routing\\Route), Object(Illuminate\\Http\\Request))
#14 C:\\laragon\\www\\vipclub\\vendor\\laravel\\framework\\src\\Illuminate\\Routing\\Router.php(629): Illuminate\\Routing\\Router->runRoute(Object(Illuminate\\Http\\Request), Object(Illuminate\\Routing\\Route))
#15 C:\\laragon\\www\\vipclub\\vendor\\laravel\\framework\\src\\Illuminate\\Routing\\Router.php(618): Illuminate\\Routing\\Router->dispatchToRoute(Object(Illuminate\\Http\\Request))
#16 C:\\laragon\\www\\vipclub\\vendor\\laravel\\framework\\src\\Illuminate\\Foundation\\Http\\Kernel.php(172): Illuminate\\Routing\\Router->dispatch(Object(Illuminate\\Http\\Request))
#17 C:\\laragon\\www\\vipclub\\vendor\\laravel\\framework\\src\\Illuminate\\Pipeline\\Pipeline.php(130): Illuminate\\Foundation\\Http\\Kernel->Illuminate\\Foundation\\Http\\{closure}(Object(Illuminate\\Http\\Request))
#18 C:\\laragon\\www\\vipclub\\vendor\\fideloper\\proxy\\src\\TrustProxies.php(57): Illuminate\\Pipeline\\Pipeline->Illuminate\\Pipeline\\{closure}(Object(Illuminate\\Http\\Request))
#19 C:\\laragon\\www\\vipclub\\vendor\\laravel\\framework\\src\\Illuminate\\Pipeline\\Pipeline.php(171): Fideloper\\Proxy\\TrustProxies->handle(Object(Illuminate\\Http\\Request), Object(Closure))
#20 C:\\laragon\\www\\vipclub\\vendor\\laravel\\framework\\src\\Illuminate\\Foundation\\Http\\Middleware\\TransformsRequest.php(21): Illuminate\\Pipeline\\Pipeline->Illuminate\\Pipeline\\{closure}(Object(Illuminate\\Http\\Request))
#21 C:\\laragon\\www\\vipclub\\vendor\\laravel\\framework\\src\\Illuminate\\Pipeline\\Pipeline.php(171): Illuminate\\Foundation\\Http\\Middleware\\TransformsRequest->handle(Object(Illuminate\\Http\\Request), Object(Closure))
#22 C:\\laragon\\www\\vipclub\\vendor\\laravel\\framework\\src\\Illuminate\\Foundation\\Http\\Middleware\\TransformsRequest.php(21): Illuminate\\Pipeline\\Pipeline->Illuminate\\Pipeline\\{closure}(Object(Illuminate\\Http\\Request))
#23 C:\\laragon\\www\\vipclub\\vendor\\laravel\\framework\\src\\Illuminate\\Pipeline\\Pipeline.php(171): Illuminate\\Foundation\\Http\\Middleware\\TransformsRequest->handle(Object(Illuminate\\Http\\Request), Object(Closure))
#24 C:\\laragon\\www\\vipclub\\vendor\\laravel\\framework\\src\\Illuminate\\Foundation\\Http\\Middleware\\ValidatePostSize.php(27): Illuminate\\Pipeline\\Pipeline->Illuminate\\Pipeline\\{closure}(Object(Illuminate\\Http\\Request))
#25 C:\\laragon\\www\\vipclub\\vendor\\laravel\\framework\\src\\Illuminate\\Pipeline\\Pipeline.php(171): Illuminate\\Foundation\\Http\\Middleware\\ValidatePostSize->handle(Object(Illuminate\\Http\\Request), Object(Closure))
#26 C:\\laragon\\www\\vipclub\\vendor\\laravel\\framework\\src\\Illuminate\\Foundation\\Http\\Middleware\\CheckForMaintenanceMode.php(63): Illuminate\\Pipeline\\Pipeline->Illuminate\\Pipeline\\{closure}(Object(Illuminate\\Http\\Request))
#27 C:\\laragon\\www\\vipclub\\vendor\\laravel\\framework\\src\\Illuminate\\Pipeline\\Pipeline.php(171): Illuminate\\Foundation\\Http\\Middleware\\CheckForMaintenanceMode->handle(Object(Illuminate\\Http\\Request), Object(Closure))
#28 C:\\laragon\\www\\vipclub\\vendor\\laravel\\framework\\src\\Illuminate\\Pipeline\\Pipeline.php(105): Illuminate\\Pipeline\\Pipeline->Illuminate\\Pipeline\\{closure}(Object(Illuminate\\Http\\Request))
#29 C:\\laragon\\www\\vipclub\\vendor\\laravel\\framework\\src\\Illuminate\\Foundation\\Http\\Kernel.php(147): Illuminate\\Pipeline\\Pipeline->then(Object(Closure))
#30 C:\\laragon\\www\\vipclub\\vendor\\laravel\\framework\\src\\Illuminate\\Foundation\\Http\\Kernel.php(112): Illuminate\\Foundation\\Http\\Kernel->sendRequestThroughRouter(Object(Illuminate\\Http\\Request))
#31 C:\\laragon\\www\\vipclub\\index.php(52): Illuminate\\Foundation\\Http\\Kernel->handle(Object(Illuminate\\Http\\Request))
#32 {main}
"} 
[2024-08-07 04:55:31] production.ERROR: syntax error, unexpected ')' {"exception":"[object] (Symfony\\Component\\Debug\\Exception\\FatalThrowableError(code: 0): syntax error, unexpected ')' at C:\\laragon\\www\\vipclub\\app\\Http\\Controllers\\MessagesController.php:531)
[stacktrace]
#0 C:\\laragon\\www\\vipclub\\vendor\\composer\\ClassLoader.php(428): Composer\\Autoload\\includeFile('C:\\\\laragon\\\\www\\\\...')
#1 [internal function]: Composer\\Autoload\\ClassLoader->loadClass('App\\\\Http\\\\Contro...')
#2 [internal function]: spl_autoload_call('App\\\\Http\\\\Contro...')
#3 C:\\laragon\\www\\vipclub\\vendor\\laravel\\framework\\src\\Illuminate\\Container\\Container.php(803): ReflectionClass->__construct('App\\\\Http\\\\Contro...')
#4 C:\\laragon\\www\\vipclub\\vendor\\laravel\\framework\\src\\Illuminate\\Container\\Container.php(681): Illuminate\\Container\\Container->build('App\\\\Http\\\\Contro...')
#5 C:\\laragon\\www\\vipclub\\vendor\\laravel\\framework\\src\\Illuminate\\Foundation\\Application.php(785): Illuminate\\Container\\Container->resolve('App\\\\Http\\\\Contro...', Array, true)
#6 C:\\laragon\\www\\vipclub\\vendor\\laravel\\framework\\src\\Illuminate\\Container\\Container.php(629): Illuminate\\Foundation\\Application->resolve('App\\\\Http\\\\Contro...', Array)
#7 C:\\laragon\\www\\vipclub\\vendor\\laravel\\framework\\src\\Illuminate\\Foundation\\Application.php(770): Illuminate\\Container\\Container->make('App\\\\Http\\\\Contro...', Array)
#8 C:\\laragon\\www\\vipclub\\vendor\\laravel\\framework\\src\\Illuminate\\Routing\\Route.php(233): Illuminate\\Foundation\\Application->make('App\\\\Http\\\\Contro...')
#9 C:\\laragon\\www\\vipclub\\vendor\\laravel\\framework\\src\\Illuminate\\Routing\\Route.php(833): Illuminate\\Routing\\Route->getController()
#10 C:\\laragon\\www\\vipclub\\vendor\\laravel\\framework\\src\\Illuminate\\Routing\\Route.php(794): Illuminate\\Routing\\Route->controllerMiddleware()
#11 C:\\laragon\\www\\vipclub\\vendor\\laravel\\framework\\src\\Illuminate\\Routing\\Router.php(699): Illuminate\\Routing\\Route->gatherMiddleware()
#12 C:\\laragon\\www\\vipclub\\vendor\\laravel\\framework\\src\\Illuminate\\Routing\\Router.php(679): Illuminate\\Routing\\Router->gatherRouteMiddleware(Object(Illuminate\\Routing\\Route))
#13 C:\\laragon\\www\\vipclub\\vendor\\laravel\\framework\\src\\Illuminate\\Routing\\Router.php(663): Illuminate\\Routing\\Router->runRouteWithinStack(Object(Illuminate\\Routing\\Route), Object(Illuminate\\Http\\Request))
#14 C:\\laragon\\www\\vipclub\\vendor\\laravel\\framework\\src\\Illuminate\\Routing\\Router.php(629): Illuminate\\Routing\\Router->runRoute(Object(Illuminate\\Http\\Request), Object(Illuminate\\Routing\\Route))
#15 C:\\laragon\\www\\vipclub\\vendor\\laravel\\framework\\src\\Illuminate\\Routing\\Router.php(618): Illuminate\\Routing\\Router->dispatchToRoute(Object(Illuminate\\Http\\Request))
#16 C:\\laragon\\www\\vipclub\\vendor\\laravel\\framework\\src\\Illuminate\\Foundation\\Http\\Kernel.php(172): Illuminate\\Routing\\Router->dispatch(Object(Illuminate\\Http\\Request))
#17 C:\\laragon\\www\\vipclub\\vendor\\laravel\\framework\\src\\Illuminate\\Pipeline\\Pipeline.php(130): Illuminate\\Foundation\\Http\\Kernel->Illuminate\\Foundation\\Http\\{closure}(Object(Illuminate\\Http\\Request))
#18 C:\\laragon\\www\\vipclub\\vendor\\fideloper\\proxy\\src\\TrustProxies.php(57): Illuminate\\Pipeline\\Pipeline->Illuminate\\Pipeline\\{closure}(Object(Illuminate\\Http\\Request))
#19 C:\\laragon\\www\\vipclub\\vendor\\laravel\\framework\\src\\Illuminate\\Pipeline\\Pipeline.php(171): Fideloper\\Proxy\\TrustProxies->handle(Object(Illuminate\\Http\\Request), Object(Closure))
#20 C:\\laragon\\www\\vipclub\\vendor\\laravel\\framework\\src\\Illuminate\\Foundation\\Http\\Middleware\\TransformsRequest.php(21): Illuminate\\Pipeline\\Pipeline->Illuminate\\Pipeline\\{closure}(Object(Illuminate\\Http\\Request))
#21 C:\\laragon\\www\\vipclub\\vendor\\laravel\\framework\\src\\Illuminate\\Pipeline\\Pipeline.php(171): Illuminate\\Foundation\\Http\\Middleware\\TransformsRequest->handle(Object(Illuminate\\Http\\Request), Object(Closure))
#22 C:\\laragon\\www\\vipclub\\vendor\\laravel\\framework\\src\\Illuminate\\Foundation\\Http\\Middleware\\TransformsRequest.php(21): Illuminate\\Pipeline\\Pipeline->Illuminate\\Pipeline\\{closure}(Object(Illuminate\\Http\\Request))
#23 C:\\laragon\\www\\vipclub\\vendor\\laravel\\framework\\src\\Illuminate\\Pipeline\\Pipeline.php(171): Illuminate\\Foundation\\Http\\Middleware\\TransformsRequest->handle(Object(Illuminate\\Http\\Request), Object(Closure))
#24 C:\\laragon\\www\\vipclub\\vendor\\laravel\\framework\\src\\Illuminate\\Foundation\\Http\\Middleware\\ValidatePostSize.php(27): Illuminate\\Pipeline\\Pipeline->Illuminate\\Pipeline\\{closure}(Object(Illuminate\\Http\\Request))
#25 C:\\laragon\\www\\vipclub\\vendor\\laravel\\framework\\src\\Illuminate\\Pipeline\\Pipeline.php(171): Illuminate\\Foundation\\Http\\Middleware\\ValidatePostSize->handle(Object(Illuminate\\Http\\Request), Object(Closure))
#26 C:\\laragon\\www\\vipclub\\vendor\\laravel\\framework\\src\\Illuminate\\Foundation\\Http\\Middleware\\CheckForMaintenanceMode.php(63): Illuminate\\Pipeline\\Pipeline->Illuminate\\Pipeline\\{closure}(Object(Illuminate\\Http\\Request))
#27 C:\\laragon\\www\\vipclub\\vendor\\laravel\\framework\\src\\Illuminate\\Pipeline\\Pipeline.php(171): Illuminate\\Foundation\\Http\\Middleware\\CheckForMaintenanceMode->handle(Object(Illuminate\\Http\\Request), Object(Closure))
#28 C:\\laragon\\www\\vipclub\\vendor\\laravel\\framework\\src\\Illuminate\\Pipeline\\Pipeline.php(105): Illuminate\\Pipeline\\Pipeline->Illuminate\\Pipeline\\{closure}(Object(Illuminate\\Http\\Request))
#29 C:\\laragon\\www\\vipclub\\vendor\\laravel\\framework\\src\\Illuminate\\Foundation\\Http\\Kernel.php(147): Illuminate\\Pipeline\\Pipeline->then(Object(Closure))
#30 C:\\laragon\\www\\vipclub\\vendor\\laravel\\framework\\src\\Illuminate\\Foundation\\Http\\Kernel.php(112): Illuminate\\Foundation\\Http\\Kernel->sendRequestThroughRouter(Object(Illuminate\\Http\\Request))
#31 C:\\laragon\\www\\vipclub\\index.php(52): Illuminate\\Foundation\\Http\\Kernel->handle(Object(Illuminate\\Http\\Request))
#32 {main}
"} 
[2024-08-07 04:59:48] production.ERROR: syntax error, unexpected ')' {"exception":"[object] (Symfony\\Component\\Debug\\Exception\\FatalThrowableError(code: 0): syntax error, unexpected ')' at C:\\laragon\\www\\vipclub\\app\\Http\\Controllers\\MessagesController.php:531)
[stacktrace]
#0 C:\\laragon\\www\\vipclub\\vendor\\composer\\ClassLoader.php(428): Composer\\Autoload\\includeFile('C:\\\\laragon\\\\www\\\\...')
#1 [internal function]: Composer\\Autoload\\ClassLoader->loadClass('App\\\\Http\\\\Contro...')
#2 [internal function]: spl_autoload_call('App\\\\Http\\\\Contro...')
#3 C:\\laragon\\www\\vipclub\\vendor\\laravel\\framework\\src\\Illuminate\\Container\\Container.php(803): ReflectionClass->__construct('App\\\\Http\\\\Contro...')
#4 C:\\laragon\\www\\vipclub\\vendor\\laravel\\framework\\src\\Illuminate\\Container\\Container.php(681): Illuminate\\Container\\Container->build('App\\\\Http\\\\Contro...')
#5 C:\\laragon\\www\\vipclub\\vendor\\laravel\\framework\\src\\Illuminate\\Foundation\\Application.php(785): Illuminate\\Container\\Container->resolve('App\\\\Http\\\\Contro...', Array, true)
#6 C:\\laragon\\www\\vipclub\\vendor\\laravel\\framework\\src\\Illuminate\\Container\\Container.php(629): Illuminate\\Foundation\\Application->resolve('App\\\\Http\\\\Contro...', Array)
#7 C:\\laragon\\www\\vipclub\\vendor\\laravel\\framework\\src\\Illuminate\\Foundation\\Application.php(770): Illuminate\\Container\\Container->make('App\\\\Http\\\\Contro...', Array)
#8 C:\\laragon\\www\\vipclub\\vendor\\laravel\\framework\\src\\Illuminate\\Routing\\Route.php(233): Illuminate\\Foundation\\Application->make('App\\\\Http\\\\Contro...')
#9 C:\\laragon\\www\\vipclub\\vendor\\laravel\\framework\\src\\Illuminate\\Routing\\Route.php(833): Illuminate\\Routing\\Route->getController()
#10 C:\\laragon\\www\\vipclub\\vendor\\laravel\\framework\\src\\Illuminate\\Routing\\Route.php(794): Illuminate\\Routing\\Route->controllerMiddleware()
#11 C:\\laragon\\www\\vipclub\\vendor\\laravel\\framework\\src\\Illuminate\\Routing\\Router.php(699): Illuminate\\Routing\\Route->gatherMiddleware()
#12 C:\\laragon\\www\\vipclub\\vendor\\laravel\\framework\\src\\Illuminate\\Routing\\Router.php(679): Illuminate\\Routing\\Router->gatherRouteMiddleware(Object(Illuminate\\Routing\\Route))
#13 C:\\laragon\\www\\vipclub\\vendor\\laravel\\framework\\src\\Illuminate\\Routing\\Router.php(663): Illuminate\\Routing\\Router->runRouteWithinStack(Object(Illuminate\\Routing\\Route), Object(Illuminate\\Http\\Request))
#14 C:\\laragon\\www\\vipclub\\vendor\\laravel\\framework\\src\\Illuminate\\Routing\\Router.php(629): Illuminate\\Routing\\Router->runRoute(Object(Illuminate\\Http\\Request), Object(Illuminate\\Routing\\Route))
#15 C:\\laragon\\www\\vipclub\\vendor\\laravel\\framework\\src\\Illuminate\\Routing\\Router.php(618): Illuminate\\Routing\\Router->dispatchToRoute(Object(Illuminate\\Http\\Request))
#16 C:\\laragon\\www\\vipclub\\vendor\\laravel\\framework\\src\\Illuminate\\Foundation\\Http\\Kernel.php(172): Illuminate\\Routing\\Router->dispatch(Object(Illuminate\\Http\\Request))
#17 C:\\laragon\\www\\vipclub\\vendor\\laravel\\framework\\src\\Illuminate\\Pipeline\\Pipeline.php(130): Illuminate\\Foundation\\Http\\Kernel->Illuminate\\Foundation\\Http\\{closure}(Object(Illuminate\\Http\\Request))
#18 C:\\laragon\\www\\vipclub\\vendor\\fideloper\\proxy\\src\\TrustProxies.php(57): Illuminate\\Pipeline\\Pipeline->Illuminate\\Pipeline\\{closure}(Object(Illuminate\\Http\\Request))
#19 C:\\laragon\\www\\vipclub\\vendor\\laravel\\framework\\src\\Illuminate\\Pipeline\\Pipeline.php(171): Fideloper\\Proxy\\TrustProxies->handle(Object(Illuminate\\Http\\Request), Object(Closure))
#20 C:\\laragon\\www\\vipclub\\vendor\\laravel\\framework\\src\\Illuminate\\Foundation\\Http\\Middleware\\TransformsRequest.php(21): Illuminate\\Pipeline\\Pipeline->Illuminate\\Pipeline\\{closure}(Object(Illuminate\\Http\\Request))
#21 C:\\laragon\\www\\vipclub\\vendor\\laravel\\framework\\src\\Illuminate\\Pipeline\\Pipeline.php(171): Illuminate\\Foundation\\Http\\Middleware\\TransformsRequest->handle(Object(Illuminate\\Http\\Request), Object(Closure))
#22 C:\\laragon\\www\\vipclub\\vendor\\laravel\\framework\\src\\Illuminate\\Foundation\\Http\\Middleware\\TransformsRequest.php(21): Illuminate\\Pipeline\\Pipeline->Illuminate\\Pipeline\\{closure}(Object(Illuminate\\Http\\Request))
#23 C:\\laragon\\www\\vipclub\\vendor\\laravel\\framework\\src\\Illuminate\\Pipeline\\Pipeline.php(171): Illuminate\\Foundation\\Http\\Middleware\\TransformsRequest->handle(Object(Illuminate\\Http\\Request), Object(Closure))
#24 C:\\laragon\\www\\vipclub\\vendor\\laravel\\framework\\src\\Illuminate\\Foundation\\Http\\Middleware\\ValidatePostSize.php(27): Illuminate\\Pipeline\\Pipeline->Illuminate\\Pipeline\\{closure}(Object(Illuminate\\Http\\Request))
#25 C:\\laragon\\www\\vipclub\\vendor\\laravel\\framework\\src\\Illuminate\\Pipeline\\Pipeline.php(171): Illuminate\\Foundation\\Http\\Middleware\\ValidatePostSize->handle(Object(Illuminate\\Http\\Request), Object(Closure))
#26 C:\\laragon\\www\\vipclub\\vendor\\laravel\\framework\\src\\Illuminate\\Foundation\\Http\\Middleware\\CheckForMaintenanceMode.php(63): Illuminate\\Pipeline\\Pipeline->Illuminate\\Pipeline\\{closure}(Object(Illuminate\\Http\\Request))
#27 C:\\laragon\\www\\vipclub\\vendor\\laravel\\framework\\src\\Illuminate\\Pipeline\\Pipeline.php(171): Illuminate\\Foundation\\Http\\Middleware\\CheckForMaintenanceMode->handle(Object(Illuminate\\Http\\Request), Object(Closure))
#28 C:\\laragon\\www\\vipclub\\vendor\\laravel\\framework\\src\\Illuminate\\Pipeline\\Pipeline.php(105): Illuminate\\Pipeline\\Pipeline->Illuminate\\Pipeline\\{closure}(Object(Illuminate\\Http\\Request))
#29 C:\\laragon\\www\\vipclub\\vendor\\laravel\\framework\\src\\Illuminate\\Foundation\\Http\\Kernel.php(147): Illuminate\\Pipeline\\Pipeline->then(Object(Closure))
#30 C:\\laragon\\www\\vipclub\\vendor\\laravel\\framework\\src\\Illuminate\\Foundation\\Http\\Kernel.php(112): Illuminate\\Foundation\\Http\\Kernel->sendRequestThroughRouter(Object(Illuminate\\Http\\Request))
#31 C:\\laragon\\www\\vipclub\\index.php(52): Illuminate\\Foundation\\Http\\Kernel->handle(Object(Illuminate\\Http\\Request))
#32 {main}
"} 
[2024-08-07 11:13:54] production.ERROR: syntax error, unexpected ')' {"exception":"[object] (Symfony\\Component\\Debug\\Exception\\FatalThrowableError(code: 0): syntax error, unexpected ')' at C:\\laragon\\www\\vipclub\\app\\Http\\Controllers\\MessagesController.php:531)
[stacktrace]
#0 C:\\laragon\\www\\vipclub\\vendor\\composer\\ClassLoader.php(428): Composer\\Autoload\\includeFile('C:\\\\laragon\\\\www\\\\...')
#1 [internal function]: Composer\\Autoload\\ClassLoader->loadClass('App\\\\Http\\\\Contro...')
#2 [internal function]: spl_autoload_call('App\\\\Http\\\\Contro...')
#3 C:\\laragon\\www\\vipclub\\vendor\\laravel\\framework\\src\\Illuminate\\Container\\Container.php(803): ReflectionClass->__construct('App\\\\Http\\\\Contro...')
#4 C:\\laragon\\www\\vipclub\\vendor\\laravel\\framework\\src\\Illuminate\\Container\\Container.php(681): Illuminate\\Container\\Container->build('App\\\\Http\\\\Contro...')
#5 C:\\laragon\\www\\vipclub\\vendor\\laravel\\framework\\src\\Illuminate\\Foundation\\Application.php(785): Illuminate\\Container\\Container->resolve('App\\\\Http\\\\Contro...', Array, true)
#6 C:\\laragon\\www\\vipclub\\vendor\\laravel\\framework\\src\\Illuminate\\Container\\Container.php(629): Illuminate\\Foundation\\Application->resolve('App\\\\Http\\\\Contro...', Array)
#7 C:\\laragon\\www\\vipclub\\vendor\\laravel\\framework\\src\\Illuminate\\Foundation\\Application.php(770): Illuminate\\Container\\Container->make('App\\\\Http\\\\Contro...', Array)
#8 C:\\laragon\\www\\vipclub\\vendor\\laravel\\framework\\src\\Illuminate\\Routing\\Route.php(233): Illuminate\\Foundation\\Application->make('App\\\\Http\\\\Contro...')
#9 C:\\laragon\\www\\vipclub\\vendor\\laravel\\framework\\src\\Illuminate\\Routing\\Route.php(833): Illuminate\\Routing\\Route->getController()
#10 C:\\laragon\\www\\vipclub\\vendor\\laravel\\framework\\src\\Illuminate\\Routing\\Route.php(794): Illuminate\\Routing\\Route->controllerMiddleware()
#11 C:\\laragon\\www\\vipclub\\vendor\\laravel\\framework\\src\\Illuminate\\Routing\\Router.php(699): Illuminate\\Routing\\Route->gatherMiddleware()
#12 C:\\laragon\\www\\vipclub\\vendor\\laravel\\framework\\src\\Illuminate\\Routing\\Router.php(679): Illuminate\\Routing\\Router->gatherRouteMiddleware(Object(Illuminate\\Routing\\Route))
#13 C:\\laragon\\www\\vipclub\\vendor\\laravel\\framework\\src\\Illuminate\\Routing\\Router.php(663): Illuminate\\Routing\\Router->runRouteWithinStack(Object(Illuminate\\Routing\\Route), Object(Illuminate\\Http\\Request))
#14 C:\\laragon\\www\\vipclub\\vendor\\laravel\\framework\\src\\Illuminate\\Routing\\Router.php(629): Illuminate\\Routing\\Router->runRoute(Object(Illuminate\\Http\\Request), Object(Illuminate\\Routing\\Route))
#15 C:\\laragon\\www\\vipclub\\vendor\\laravel\\framework\\src\\Illuminate\\Routing\\Router.php(618): Illuminate\\Routing\\Router->dispatchToRoute(Object(Illuminate\\Http\\Request))
#16 C:\\laragon\\www\\vipclub\\vendor\\laravel\\framework\\src\\Illuminate\\Foundation\\Http\\Kernel.php(172): Illuminate\\Routing\\Router->dispatch(Object(Illuminate\\Http\\Request))
#17 C:\\laragon\\www\\vipclub\\vendor\\laravel\\framework\\src\\Illuminate\\Pipeline\\Pipeline.php(130): Illuminate\\Foundation\\Http\\Kernel->Illuminate\\Foundation\\Http\\{closure}(Object(Illuminate\\Http\\Request))
#18 C:\\laragon\\www\\vipclub\\vendor\\fideloper\\proxy\\src\\TrustProxies.php(57): Illuminate\\Pipeline\\Pipeline->Illuminate\\Pipeline\\{closure}(Object(Illuminate\\Http\\Request))
#19 C:\\laragon\\www\\vipclub\\vendor\\laravel\\framework\\src\\Illuminate\\Pipeline\\Pipeline.php(171): Fideloper\\Proxy\\TrustProxies->handle(Object(Illuminate\\Http\\Request), Object(Closure))
#20 C:\\laragon\\www\\vipclub\\vendor\\laravel\\framework\\src\\Illuminate\\Foundation\\Http\\Middleware\\TransformsRequest.php(21): Illuminate\\Pipeline\\Pipeline->Illuminate\\Pipeline\\{closure}(Object(Illuminate\\Http\\Request))
#21 C:\\laragon\\www\\vipclub\\vendor\\laravel\\framework\\src\\Illuminate\\Pipeline\\Pipeline.php(171): Illuminate\\Foundation\\Http\\Middleware\\TransformsRequest->handle(Object(Illuminate\\Http\\Request), Object(Closure))
#22 C:\\laragon\\www\\vipclub\\vendor\\laravel\\framework\\src\\Illuminate\\Foundation\\Http\\Middleware\\TransformsRequest.php(21): Illuminate\\Pipeline\\Pipeline->Illuminate\\Pipeline\\{closure}(Object(Illuminate\\Http\\Request))
#23 C:\\laragon\\www\\vipclub\\vendor\\laravel\\framework\\src\\Illuminate\\Pipeline\\Pipeline.php(171): Illuminate\\Foundation\\Http\\Middleware\\TransformsRequest->handle(Object(Illuminate\\Http\\Request), Object(Closure))
#24 C:\\laragon\\www\\vipclub\\vendor\\laravel\\framework\\src\\Illuminate\\Foundation\\Http\\Middleware\\ValidatePostSize.php(27): Illuminate\\Pipeline\\Pipeline->Illuminate\\Pipeline\\{closure}(Object(Illuminate\\Http\\Request))
#25 C:\\laragon\\www\\vipclub\\vendor\\laravel\\framework\\src\\Illuminate\\Pipeline\\Pipeline.php(171): Illuminate\\Foundation\\Http\\Middleware\\ValidatePostSize->handle(Object(Illuminate\\Http\\Request), Object(Closure))
#26 C:\\laragon\\www\\vipclub\\vendor\\laravel\\framework\\src\\Illuminate\\Foundation\\Http\\Middleware\\CheckForMaintenanceMode.php(63): Illuminate\\Pipeline\\Pipeline->Illuminate\\Pipeline\\{closure}(Object(Illuminate\\Http\\Request))
#27 C:\\laragon\\www\\vipclub\\vendor\\laravel\\framework\\src\\Illuminate\\Pipeline\\Pipeline.php(171): Illuminate\\Foundation\\Http\\Middleware\\CheckForMaintenanceMode->handle(Object(Illuminate\\Http\\Request), Object(Closure))
#28 C:\\laragon\\www\\vipclub\\vendor\\laravel\\framework\\src\\Illuminate\\Pipeline\\Pipeline.php(105): Illuminate\\Pipeline\\Pipeline->Illuminate\\Pipeline\\{closure}(Object(Illuminate\\Http\\Request))
#29 C:\\laragon\\www\\vipclub\\vendor\\laravel\\framework\\src\\Illuminate\\Foundation\\Http\\Kernel.php(147): Illuminate\\Pipeline\\Pipeline->then(Object(Closure))
#30 C:\\laragon\\www\\vipclub\\vendor\\laravel\\framework\\src\\Illuminate\\Foundation\\Http\\Kernel.php(112): Illuminate\\Foundation\\Http\\Kernel->sendRequestThroughRouter(Object(Illuminate\\Http\\Request))
#31 C:\\laragon\\www\\vipclub\\index.php(52): Illuminate\\Foundation\\Http\\Kernel->handle(Object(Illuminate\\Http\\Request))
#32 {main}
"} 
[2024-08-07 11:26:46] production.ERROR: syntax error, unexpected ')' {"exception":"[object] (Symfony\\Component\\Debug\\Exception\\FatalThrowableError(code: 0): syntax error, unexpected ')' at C:\\laragon\\www\\vipclub\\app\\Http\\Controllers\\MessagesController.php:531)
[stacktrace]
#0 C:\\laragon\\www\\vipclub\\vendor\\composer\\ClassLoader.php(428): Composer\\Autoload\\includeFile('C:\\\\laragon\\\\www\\\\...')
#1 [internal function]: Composer\\Autoload\\ClassLoader->loadClass('App\\\\Http\\\\Contro...')
#2 [internal function]: spl_autoload_call('App\\\\Http\\\\Contro...')
#3 C:\\laragon\\www\\vipclub\\vendor\\laravel\\framework\\src\\Illuminate\\Container\\Container.php(803): ReflectionClass->__construct('App\\\\Http\\\\Contro...')
#4 C:\\laragon\\www\\vipclub\\vendor\\laravel\\framework\\src\\Illuminate\\Container\\Container.php(681): Illuminate\\Container\\Container->build('App\\\\Http\\\\Contro...')
#5 C:\\laragon\\www\\vipclub\\vendor\\laravel\\framework\\src\\Illuminate\\Foundation\\Application.php(785): Illuminate\\Container\\Container->resolve('App\\\\Http\\\\Contro...', Array, true)
#6 C:\\laragon\\www\\vipclub\\vendor\\laravel\\framework\\src\\Illuminate\\Container\\Container.php(629): Illuminate\\Foundation\\Application->resolve('App\\\\Http\\\\Contro...', Array)
#7 C:\\laragon\\www\\vipclub\\vendor\\laravel\\framework\\src\\Illuminate\\Foundation\\Application.php(770): Illuminate\\Container\\Container->make('App\\\\Http\\\\Contro...', Array)
#8 C:\\laragon\\www\\vipclub\\vendor\\laravel\\framework\\src\\Illuminate\\Routing\\Route.php(233): Illuminate\\Foundation\\Application->make('App\\\\Http\\\\Contro...')
#9 C:\\laragon\\www\\vipclub\\vendor\\laravel\\framework\\src\\Illuminate\\Routing\\Route.php(833): Illuminate\\Routing\\Route->getController()
#10 C:\\laragon\\www\\vipclub\\vendor\\laravel\\framework\\src\\Illuminate\\Routing\\Route.php(794): Illuminate\\Routing\\Route->controllerMiddleware()
#11 C:\\laragon\\www\\vipclub\\vendor\\laravel\\framework\\src\\Illuminate\\Routing\\Router.php(699): Illuminate\\Routing\\Route->gatherMiddleware()
#12 C:\\laragon\\www\\vipclub\\vendor\\laravel\\framework\\src\\Illuminate\\Routing\\Router.php(679): Illuminate\\Routing\\Router->gatherRouteMiddleware(Object(Illuminate\\Routing\\Route))
#13 C:\\laragon\\www\\vipclub\\vendor\\laravel\\framework\\src\\Illuminate\\Routing\\Router.php(663): Illuminate\\Routing\\Router->runRouteWithinStack(Object(Illuminate\\Routing\\Route), Object(Illuminate\\Http\\Request))
#14 C:\\laragon\\www\\vipclub\\vendor\\laravel\\framework\\src\\Illuminate\\Routing\\Router.php(629): Illuminate\\Routing\\Router->runRoute(Object(Illuminate\\Http\\Request), Object(Illuminate\\Routing\\Route))
#15 C:\\laragon\\www\\vipclub\\vendor\\laravel\\framework\\src\\Illuminate\\Routing\\Router.php(618): Illuminate\\Routing\\Router->dispatchToRoute(Object(Illuminate\\Http\\Request))
#16 C:\\laragon\\www\\vipclub\\vendor\\laravel\\framework\\src\\Illuminate\\Foundation\\Http\\Kernel.php(172): Illuminate\\Routing\\Router->dispatch(Object(Illuminate\\Http\\Request))
#17 C:\\laragon\\www\\vipclub\\vendor\\laravel\\framework\\src\\Illuminate\\Pipeline\\Pipeline.php(130): Illuminate\\Foundation\\Http\\Kernel->Illuminate\\Foundation\\Http\\{closure}(Object(Illuminate\\Http\\Request))
#18 C:\\laragon\\www\\vipclub\\vendor\\fideloper\\proxy\\src\\TrustProxies.php(57): Illuminate\\Pipeline\\Pipeline->Illuminate\\Pipeline\\{closure}(Object(Illuminate\\Http\\Request))
#19 C:\\laragon\\www\\vipclub\\vendor\\laravel\\framework\\src\\Illuminate\\Pipeline\\Pipeline.php(171): Fideloper\\Proxy\\TrustProxies->handle(Object(Illuminate\\Http\\Request), Object(Closure))
#20 C:\\laragon\\www\\vipclub\\vendor\\laravel\\framework\\src\\Illuminate\\Foundation\\Http\\Middleware\\TransformsRequest.php(21): Illuminate\\Pipeline\\Pipeline->Illuminate\\Pipeline\\{closure}(Object(Illuminate\\Http\\Request))
#21 C:\\laragon\\www\\vipclub\\vendor\\laravel\\framework\\src\\Illuminate\\Pipeline\\Pipeline.php(171): Illuminate\\Foundation\\Http\\Middleware\\TransformsRequest->handle(Object(Illuminate\\Http\\Request), Object(Closure))
#22 C:\\laragon\\www\\vipclub\\vendor\\laravel\\framework\\src\\Illuminate\\Foundation\\Http\\Middleware\\TransformsRequest.php(21): Illuminate\\Pipeline\\Pipeline->Illuminate\\Pipeline\\{closure}(Object(Illuminate\\Http\\Request))
#23 C:\\laragon\\www\\vipclub\\vendor\\laravel\\framework\\src\\Illuminate\\Pipeline\\Pipeline.php(171): Illuminate\\Foundation\\Http\\Middleware\\TransformsRequest->handle(Object(Illuminate\\Http\\Request), Object(Closure))
#24 C:\\laragon\\www\\vipclub\\vendor\\laravel\\framework\\src\\Illuminate\\Foundation\\Http\\Middleware\\ValidatePostSize.php(27): Illuminate\\Pipeline\\Pipeline->Illuminate\\Pipeline\\{closure}(Object(Illuminate\\Http\\Request))
#25 C:\\laragon\\www\\vipclub\\vendor\\laravel\\framework\\src\\Illuminate\\Pipeline\\Pipeline.php(171): Illuminate\\Foundation\\Http\\Middleware\\ValidatePostSize->handle(Object(Illuminate\\Http\\Request), Object(Closure))
#26 C:\\laragon\\www\\vipclub\\vendor\\laravel\\framework\\src\\Illuminate\\Foundation\\Http\\Middleware\\CheckForMaintenanceMode.php(63): Illuminate\\Pipeline\\Pipeline->Illuminate\\Pipeline\\{closure}(Object(Illuminate\\Http\\Request))
#27 C:\\laragon\\www\\vipclub\\vendor\\laravel\\framework\\src\\Illuminate\\Pipeline\\Pipeline.php(171): Illuminate\\Foundation\\Http\\Middleware\\CheckForMaintenanceMode->handle(Object(Illuminate\\Http\\Request), Object(Closure))
#28 C:\\laragon\\www\\vipclub\\vendor\\laravel\\framework\\src\\Illuminate\\Pipeline\\Pipeline.php(105): Illuminate\\Pipeline\\Pipeline->Illuminate\\Pipeline\\{closure}(Object(Illuminate\\Http\\Request))
#29 C:\\laragon\\www\\vipclub\\vendor\\laravel\\framework\\src\\Illuminate\\Foundation\\Http\\Kernel.php(147): Illuminate\\Pipeline\\Pipeline->then(Object(Closure))
#30 C:\\laragon\\www\\vipclub\\vendor\\laravel\\framework\\src\\Illuminate\\Foundation\\Http\\Kernel.php(112): Illuminate\\Foundation\\Http\\Kernel->sendRequestThroughRouter(Object(Illuminate\\Http\\Request))
#31 C:\\laragon\\www\\vipclub\\index.php(52): Illuminate\\Foundation\\Http\\Kernel->handle(Object(Illuminate\\Http\\Request))
#32 {main}
"} 
[2024-08-07 11:30:41] production.ERROR: syntax error, unexpected ')' {"exception":"[object] (Symfony\\Component\\Debug\\Exception\\FatalThrowableError(code: 0): syntax error, unexpected ')' at C:\\laragon\\www\\vipclub\\app\\Http\\Controllers\\MessagesController.php:531)
[stacktrace]
#0 C:\\laragon\\www\\vipclub\\vendor\\composer\\ClassLoader.php(428): Composer\\Autoload\\includeFile('C:\\\\laragon\\\\www\\\\...')
#1 [internal function]: Composer\\Autoload\\ClassLoader->loadClass('App\\\\Http\\\\Contro...')
#2 [internal function]: spl_autoload_call('App\\\\Http\\\\Contro...')
#3 C:\\laragon\\www\\vipclub\\vendor\\laravel\\framework\\src\\Illuminate\\Container\\Container.php(803): ReflectionClass->__construct('App\\\\Http\\\\Contro...')
#4 C:\\laragon\\www\\vipclub\\vendor\\laravel\\framework\\src\\Illuminate\\Container\\Container.php(681): Illuminate\\Container\\Container->build('App\\\\Http\\\\Contro...')
#5 C:\\laragon\\www\\vipclub\\vendor\\laravel\\framework\\src\\Illuminate\\Foundation\\Application.php(785): Illuminate\\Container\\Container->resolve('App\\\\Http\\\\Contro...', Array, true)
#6 C:\\laragon\\www\\vipclub\\vendor\\laravel\\framework\\src\\Illuminate\\Container\\Container.php(629): Illuminate\\Foundation\\Application->resolve('App\\\\Http\\\\Contro...', Array)
#7 C:\\laragon\\www\\vipclub\\vendor\\laravel\\framework\\src\\Illuminate\\Foundation\\Application.php(770): Illuminate\\Container\\Container->make('App\\\\Http\\\\Contro...', Array)
#8 C:\\laragon\\www\\vipclub\\vendor\\laravel\\framework\\src\\Illuminate\\Routing\\Route.php(233): Illuminate\\Foundation\\Application->make('App\\\\Http\\\\Contro...')
#9 C:\\laragon\\www\\vipclub\\vendor\\laravel\\framework\\src\\Illuminate\\Routing\\Route.php(833): Illuminate\\Routing\\Route->getController()
#10 C:\\laragon\\www\\vipclub\\vendor\\laravel\\framework\\src\\Illuminate\\Routing\\Route.php(794): Illuminate\\Routing\\Route->controllerMiddleware()
#11 C:\\laragon\\www\\vipclub\\vendor\\laravel\\framework\\src\\Illuminate\\Routing\\Router.php(699): Illuminate\\Routing\\Route->gatherMiddleware()
#12 C:\\laragon\\www\\vipclub\\vendor\\laravel\\framework\\src\\Illuminate\\Routing\\Router.php(679): Illuminate\\Routing\\Router->gatherRouteMiddleware(Object(Illuminate\\Routing\\Route))
#13 C:\\laragon\\www\\vipclub\\vendor\\laravel\\framework\\src\\Illuminate\\Routing\\Router.php(663): Illuminate\\Routing\\Router->runRouteWithinStack(Object(Illuminate\\Routing\\Route), Object(Illuminate\\Http\\Request))
#14 C:\\laragon\\www\\vipclub\\vendor\\laravel\\framework\\src\\Illuminate\\Routing\\Router.php(629): Illuminate\\Routing\\Router->runRoute(Object(Illuminate\\Http\\Request), Object(Illuminate\\Routing\\Route))
#15 C:\\laragon\\www\\vipclub\\vendor\\laravel\\framework\\src\\Illuminate\\Routing\\Router.php(618): Illuminate\\Routing\\Router->dispatchToRoute(Object(Illuminate\\Http\\Request))
#16 C:\\laragon\\www\\vipclub\\vendor\\laravel\\framework\\src\\Illuminate\\Foundation\\Http\\Kernel.php(172): Illuminate\\Routing\\Router->dispatch(Object(Illuminate\\Http\\Request))
#17 C:\\laragon\\www\\vipclub\\vendor\\laravel\\framework\\src\\Illuminate\\Pipeline\\Pipeline.php(130): Illuminate\\Foundation\\Http\\Kernel->Illuminate\\Foundation\\Http\\{closure}(Object(Illuminate\\Http\\Request))
#18 C:\\laragon\\www\\vipclub\\vendor\\fideloper\\proxy\\src\\TrustProxies.php(57): Illuminate\\Pipeline\\Pipeline->Illuminate\\Pipeline\\{closure}(Object(Illuminate\\Http\\Request))
#19 C:\\laragon\\www\\vipclub\\vendor\\laravel\\framework\\src\\Illuminate\\Pipeline\\Pipeline.php(171): Fideloper\\Proxy\\TrustProxies->handle(Object(Illuminate\\Http\\Request), Object(Closure))
#20 C:\\laragon\\www\\vipclub\\vendor\\laravel\\framework\\src\\Illuminate\\Foundation\\Http\\Middleware\\TransformsRequest.php(21): Illuminate\\Pipeline\\Pipeline->Illuminate\\Pipeline\\{closure}(Object(Illuminate\\Http\\Request))
#21 C:\\laragon\\www\\vipclub\\vendor\\laravel\\framework\\src\\Illuminate\\Pipeline\\Pipeline.php(171): Illuminate\\Foundation\\Http\\Middleware\\TransformsRequest->handle(Object(Illuminate\\Http\\Request), Object(Closure))
#22 C:\\laragon\\www\\vipclub\\vendor\\laravel\\framework\\src\\Illuminate\\Foundation\\Http\\Middleware\\TransformsRequest.php(21): Illuminate\\Pipeline\\Pipeline->Illuminate\\Pipeline\\{closure}(Object(Illuminate\\Http\\Request))
#23 C:\\laragon\\www\\vipclub\\vendor\\laravel\\framework\\src\\Illuminate\\Pipeline\\Pipeline.php(171): Illuminate\\Foundation\\Http\\Middleware\\TransformsRequest->handle(Object(Illuminate\\Http\\Request), Object(Closure))
#24 C:\\laragon\\www\\vipclub\\vendor\\laravel\\framework\\src\\Illuminate\\Foundation\\Http\\Middleware\\ValidatePostSize.php(27): Illuminate\\Pipeline\\Pipeline->Illuminate\\Pipeline\\{closure}(Object(Illuminate\\Http\\Request))
#25 C:\\laragon\\www\\vipclub\\vendor\\laravel\\framework\\src\\Illuminate\\Pipeline\\Pipeline.php(171): Illuminate\\Foundation\\Http\\Middleware\\ValidatePostSize->handle(Object(Illuminate\\Http\\Request), Object(Closure))
#26 C:\\laragon\\www\\vipclub\\vendor\\laravel\\framework\\src\\Illuminate\\Foundation\\Http\\Middleware\\CheckForMaintenanceMode.php(63): Illuminate\\Pipeline\\Pipeline->Illuminate\\Pipeline\\{closure}(Object(Illuminate\\Http\\Request))
#27 C:\\laragon\\www\\vipclub\\vendor\\laravel\\framework\\src\\Illuminate\\Pipeline\\Pipeline.php(171): Illuminate\\Foundation\\Http\\Middleware\\CheckForMaintenanceMode->handle(Object(Illuminate\\Http\\Request), Object(Closure))
#28 C:\\laragon\\www\\vipclub\\vendor\\laravel\\framework\\src\\Illuminate\\Pipeline\\Pipeline.php(105): Illuminate\\Pipeline\\Pipeline->Illuminate\\Pipeline\\{closure}(Object(Illuminate\\Http\\Request))
#29 C:\\laragon\\www\\vipclub\\vendor\\laravel\\framework\\src\\Illuminate\\Foundation\\Http\\Kernel.php(147): Illuminate\\Pipeline\\Pipeline->then(Object(Closure))
#30 C:\\laragon\\www\\vipclub\\vendor\\laravel\\framework\\src\\Illuminate\\Foundation\\Http\\Kernel.php(112): Illuminate\\Foundation\\Http\\Kernel->sendRequestThroughRouter(Object(Illuminate\\Http\\Request))
#31 C:\\laragon\\www\\vipclub\\index.php(52): Illuminate\\Foundation\\Http\\Kernel->handle(Object(Illuminate\\Http\\Request))
#32 {main}
"} 
[2024-08-07 11:51:19] production.ERROR: syntax error, unexpected ')' {"exception":"[object] (Symfony\\Component\\Debug\\Exception\\FatalThrowableError(code: 0): syntax error, unexpected ')' at C:\\laragon\\www\\vipclub\\app\\Http\\Controllers\\MessagesController.php:531)
[stacktrace]
#0 C:\\laragon\\www\\vipclub\\vendor\\composer\\ClassLoader.php(428): Composer\\Autoload\\includeFile('C:\\\\laragon\\\\www\\\\...')
#1 [internal function]: Composer\\Autoload\\ClassLoader->loadClass('App\\\\Http\\\\Contro...')
#2 [internal function]: spl_autoload_call('App\\\\Http\\\\Contro...')
#3 C:\\laragon\\www\\vipclub\\vendor\\laravel\\framework\\src\\Illuminate\\Container\\Container.php(803): ReflectionClass->__construct('App\\\\Http\\\\Contro...')
#4 C:\\laragon\\www\\vipclub\\vendor\\laravel\\framework\\src\\Illuminate\\Container\\Container.php(681): Illuminate\\Container\\Container->build('App\\\\Http\\\\Contro...')
#5 C:\\laragon\\www\\vipclub\\vendor\\laravel\\framework\\src\\Illuminate\\Foundation\\Application.php(785): Illuminate\\Container\\Container->resolve('App\\\\Http\\\\Contro...', Array, true)
#6 C:\\laragon\\www\\vipclub\\vendor\\laravel\\framework\\src\\Illuminate\\Container\\Container.php(629): Illuminate\\Foundation\\Application->resolve('App\\\\Http\\\\Contro...', Array)
#7 C:\\laragon\\www\\vipclub\\vendor\\laravel\\framework\\src\\Illuminate\\Foundation\\Application.php(770): Illuminate\\Container\\Container->make('App\\\\Http\\\\Contro...', Array)
#8 C:\\laragon\\www\\vipclub\\vendor\\laravel\\framework\\src\\Illuminate\\Routing\\Route.php(233): Illuminate\\Foundation\\Application->make('App\\\\Http\\\\Contro...')
#9 C:\\laragon\\www\\vipclub\\vendor\\laravel\\framework\\src\\Illuminate\\Routing\\Route.php(833): Illuminate\\Routing\\Route->getController()
#10 C:\\laragon\\www\\vipclub\\vendor\\laravel\\framework\\src\\Illuminate\\Routing\\Route.php(794): Illuminate\\Routing\\Route->controllerMiddleware()
#11 C:\\laragon\\www\\vipclub\\vendor\\laravel\\framework\\src\\Illuminate\\Routing\\Router.php(699): Illuminate\\Routing\\Route->gatherMiddleware()
#12 C:\\laragon\\www\\vipclub\\vendor\\laravel\\framework\\src\\Illuminate\\Routing\\Router.php(679): Illuminate\\Routing\\Router->gatherRouteMiddleware(Object(Illuminate\\Routing\\Route))
#13 C:\\laragon\\www\\vipclub\\vendor\\laravel\\framework\\src\\Illuminate\\Routing\\Router.php(663): Illuminate\\Routing\\Router->runRouteWithinStack(Object(Illuminate\\Routing\\Route), Object(Illuminate\\Http\\Request))
#14 C:\\laragon\\www\\vipclub\\vendor\\laravel\\framework\\src\\Illuminate\\Routing\\Router.php(629): Illuminate\\Routing\\Router->runRoute(Object(Illuminate\\Http\\Request), Object(Illuminate\\Routing\\Route))
#15 C:\\laragon\\www\\vipclub\\vendor\\laravel\\framework\\src\\Illuminate\\Routing\\Router.php(618): Illuminate\\Routing\\Router->dispatchToRoute(Object(Illuminate\\Http\\Request))
#16 C:\\laragon\\www\\vipclub\\vendor\\laravel\\framework\\src\\Illuminate\\Foundation\\Http\\Kernel.php(172): Illuminate\\Routing\\Router->dispatch(Object(Illuminate\\Http\\Request))
#17 C:\\laragon\\www\\vipclub\\vendor\\laravel\\framework\\src\\Illuminate\\Pipeline\\Pipeline.php(130): Illuminate\\Foundation\\Http\\Kernel->Illuminate\\Foundation\\Http\\{closure}(Object(Illuminate\\Http\\Request))
#18 C:\\laragon\\www\\vipclub\\vendor\\fideloper\\proxy\\src\\TrustProxies.php(57): Illuminate\\Pipeline\\Pipeline->Illuminate\\Pipeline\\{closure}(Object(Illuminate\\Http\\Request))
#19 C:\\laragon\\www\\vipclub\\vendor\\laravel\\framework\\src\\Illuminate\\Pipeline\\Pipeline.php(171): Fideloper\\Proxy\\TrustProxies->handle(Object(Illuminate\\Http\\Request), Object(Closure))
#20 C:\\laragon\\www\\vipclub\\vendor\\laravel\\framework\\src\\Illuminate\\Foundation\\Http\\Middleware\\TransformsRequest.php(21): Illuminate\\Pipeline\\Pipeline->Illuminate\\Pipeline\\{closure}(Object(Illuminate\\Http\\Request))
#21 C:\\laragon\\www\\vipclub\\vendor\\laravel\\framework\\src\\Illuminate\\Pipeline\\Pipeline.php(171): Illuminate\\Foundation\\Http\\Middleware\\TransformsRequest->handle(Object(Illuminate\\Http\\Request), Object(Closure))
#22 C:\\laragon\\www\\vipclub\\vendor\\laravel\\framework\\src\\Illuminate\\Foundation\\Http\\Middleware\\TransformsRequest.php(21): Illuminate\\Pipeline\\Pipeline->Illuminate\\Pipeline\\{closure}(Object(Illuminate\\Http\\Request))
#23 C:\\laragon\\www\\vipclub\\vendor\\laravel\\framework\\src\\Illuminate\\Pipeline\\Pipeline.php(171): Illuminate\\Foundation\\Http\\Middleware\\TransformsRequest->handle(Object(Illuminate\\Http\\Request), Object(Closure))
#24 C:\\laragon\\www\\vipclub\\vendor\\laravel\\framework\\src\\Illuminate\\Foundation\\Http\\Middleware\\ValidatePostSize.php(27): Illuminate\\Pipeline\\Pipeline->Illuminate\\Pipeline\\{closure}(Object(Illuminate\\Http\\Request))
#25 C:\\laragon\\www\\vipclub\\vendor\\laravel\\framework\\src\\Illuminate\\Pipeline\\Pipeline.php(171): Illuminate\\Foundation\\Http\\Middleware\\ValidatePostSize->handle(Object(Illuminate\\Http\\Request), Object(Closure))
#26 C:\\laragon\\www\\vipclub\\vendor\\laravel\\framework\\src\\Illuminate\\Foundation\\Http\\Middleware\\CheckForMaintenanceMode.php(63): Illuminate\\Pipeline\\Pipeline->Illuminate\\Pipeline\\{closure}(Object(Illuminate\\Http\\Request))
#27 C:\\laragon\\www\\vipclub\\vendor\\laravel\\framework\\src\\Illuminate\\Pipeline\\Pipeline.php(171): Illuminate\\Foundation\\Http\\Middleware\\CheckForMaintenanceMode->handle(Object(Illuminate\\Http\\Request), Object(Closure))
#28 C:\\laragon\\www\\vipclub\\vendor\\laravel\\framework\\src\\Illuminate\\Pipeline\\Pipeline.php(105): Illuminate\\Pipeline\\Pipeline->Illuminate\\Pipeline\\{closure}(Object(Illuminate\\Http\\Request))
#29 C:\\laragon\\www\\vipclub\\vendor\\laravel\\framework\\src\\Illuminate\\Foundation\\Http\\Kernel.php(147): Illuminate\\Pipeline\\Pipeline->then(Object(Closure))
#30 C:\\laragon\\www\\vipclub\\vendor\\laravel\\framework\\src\\Illuminate\\Foundation\\Http\\Kernel.php(112): Illuminate\\Foundation\\Http\\Kernel->sendRequestThroughRouter(Object(Illuminate\\Http\\Request))
#31 C:\\laragon\\www\\vipclub\\index.php(52): Illuminate\\Foundation\\Http\\Kernel->handle(Object(Illuminate\\Http\\Request))
#32 {main}
"} 
[2024-08-07 12:10:25] production.ERROR: syntax error, unexpected ')' {"exception":"[object] (Symfony\\Component\\Debug\\Exception\\FatalThrowableError(code: 0): syntax error, unexpected ')' at C:\\laragon\\www\\vipclub\\app\\Http\\Controllers\\MessagesController.php:531)
[stacktrace]
#0 C:\\laragon\\www\\vipclub\\vendor\\composer\\ClassLoader.php(428): Composer\\Autoload\\includeFile('C:\\\\laragon\\\\www\\\\...')
#1 [internal function]: Composer\\Autoload\\ClassLoader->loadClass('App\\\\Http\\\\Contro...')
#2 [internal function]: spl_autoload_call('App\\\\Http\\\\Contro...')
#3 C:\\laragon\\www\\vipclub\\vendor\\laravel\\framework\\src\\Illuminate\\Container\\Container.php(803): ReflectionClass->__construct('App\\\\Http\\\\Contro...')
#4 C:\\laragon\\www\\vipclub\\vendor\\laravel\\framework\\src\\Illuminate\\Container\\Container.php(681): Illuminate\\Container\\Container->build('App\\\\Http\\\\Contro...')
#5 C:\\laragon\\www\\vipclub\\vendor\\laravel\\framework\\src\\Illuminate\\Foundation\\Application.php(785): Illuminate\\Container\\Container->resolve('App\\\\Http\\\\Contro...', Array, true)
#6 C:\\laragon\\www\\vipclub\\vendor\\laravel\\framework\\src\\Illuminate\\Container\\Container.php(629): Illuminate\\Foundation\\Application->resolve('App\\\\Http\\\\Contro...', Array)
#7 C:\\laragon\\www\\vipclub\\vendor\\laravel\\framework\\src\\Illuminate\\Foundation\\Application.php(770): Illuminate\\Container\\Container->make('App\\\\Http\\\\Contro...', Array)
#8 C:\\laragon\\www\\vipclub\\vendor\\laravel\\framework\\src\\Illuminate\\Routing\\Route.php(233): Illuminate\\Foundation\\Application->make('App\\\\Http\\\\Contro...')
#9 C:\\laragon\\www\\vipclub\\vendor\\laravel\\framework\\src\\Illuminate\\Routing\\Route.php(833): Illuminate\\Routing\\Route->getController()
#10 C:\\laragon\\www\\vipclub\\vendor\\laravel\\framework\\src\\Illuminate\\Routing\\Route.php(794): Illuminate\\Routing\\Route->controllerMiddleware()
#11 C:\\laragon\\www\\vipclub\\vendor\\laravel\\framework\\src\\Illuminate\\Routing\\Router.php(699): Illuminate\\Routing\\Route->gatherMiddleware()
#12 C:\\laragon\\www\\vipclub\\vendor\\laravel\\framework\\src\\Illuminate\\Routing\\Router.php(679): Illuminate\\Routing\\Router->gatherRouteMiddleware(Object(Illuminate\\Routing\\Route))
#13 C:\\laragon\\www\\vipclub\\vendor\\laravel\\framework\\src\\Illuminate\\Routing\\Router.php(663): Illuminate\\Routing\\Router->runRouteWithinStack(Object(Illuminate\\Routing\\Route), Object(Illuminate\\Http\\Request))
#14 C:\\laragon\\www\\vipclub\\vendor\\laravel\\framework\\src\\Illuminate\\Routing\\Router.php(629): Illuminate\\Routing\\Router->runRoute(Object(Illuminate\\Http\\Request), Object(Illuminate\\Routing\\Route))
#15 C:\\laragon\\www\\vipclub\\vendor\\laravel\\framework\\src\\Illuminate\\Routing\\Router.php(618): Illuminate\\Routing\\Router->dispatchToRoute(Object(Illuminate\\Http\\Request))
#16 C:\\laragon\\www\\vipclub\\vendor\\laravel\\framework\\src\\Illuminate\\Foundation\\Http\\Kernel.php(172): Illuminate\\Routing\\Router->dispatch(Object(Illuminate\\Http\\Request))
#17 C:\\laragon\\www\\vipclub\\vendor\\laravel\\framework\\src\\Illuminate\\Pipeline\\Pipeline.php(130): Illuminate\\Foundation\\Http\\Kernel->Illuminate\\Foundation\\Http\\{closure}(Object(Illuminate\\Http\\Request))
#18 C:\\laragon\\www\\vipclub\\vendor\\fideloper\\proxy\\src\\TrustProxies.php(57): Illuminate\\Pipeline\\Pipeline->Illuminate\\Pipeline\\{closure}(Object(Illuminate\\Http\\Request))
#19 C:\\laragon\\www\\vipclub\\vendor\\laravel\\framework\\src\\Illuminate\\Pipeline\\Pipeline.php(171): Fideloper\\Proxy\\TrustProxies->handle(Object(Illuminate\\Http\\Request), Object(Closure))
#20 C:\\laragon\\www\\vipclub\\vendor\\laravel\\framework\\src\\Illuminate\\Foundation\\Http\\Middleware\\TransformsRequest.php(21): Illuminate\\Pipeline\\Pipeline->Illuminate\\Pipeline\\{closure}(Object(Illuminate\\Http\\Request))
#21 C:\\laragon\\www\\vipclub\\vendor\\laravel\\framework\\src\\Illuminate\\Pipeline\\Pipeline.php(171): Illuminate\\Foundation\\Http\\Middleware\\TransformsRequest->handle(Object(Illuminate\\Http\\Request), Object(Closure))
#22 C:\\laragon\\www\\vipclub\\vendor\\laravel\\framework\\src\\Illuminate\\Foundation\\Http\\Middleware\\TransformsRequest.php(21): Illuminate\\Pipeline\\Pipeline->Illuminate\\Pipeline\\{closure}(Object(Illuminate\\Http\\Request))
#23 C:\\laragon\\www\\vipclub\\vendor\\laravel\\framework\\src\\Illuminate\\Pipeline\\Pipeline.php(171): Illuminate\\Foundation\\Http\\Middleware\\TransformsRequest->handle(Object(Illuminate\\Http\\Request), Object(Closure))
#24 C:\\laragon\\www\\vipclub\\vendor\\laravel\\framework\\src\\Illuminate\\Foundation\\Http\\Middleware\\ValidatePostSize.php(27): Illuminate\\Pipeline\\Pipeline->Illuminate\\Pipeline\\{closure}(Object(Illuminate\\Http\\Request))
#25 C:\\laragon\\www\\vipclub\\vendor\\laravel\\framework\\src\\Illuminate\\Pipeline\\Pipeline.php(171): Illuminate\\Foundation\\Http\\Middleware\\ValidatePostSize->handle(Object(Illuminate\\Http\\Request), Object(Closure))
#26 C:\\laragon\\www\\vipclub\\vendor\\laravel\\framework\\src\\Illuminate\\Foundation\\Http\\Middleware\\CheckForMaintenanceMode.php(63): Illuminate\\Pipeline\\Pipeline->Illuminate\\Pipeline\\{closure}(Object(Illuminate\\Http\\Request))
#27 C:\\laragon\\www\\vipclub\\vendor\\laravel\\framework\\src\\Illuminate\\Pipeline\\Pipeline.php(171): Illuminate\\Foundation\\Http\\Middleware\\CheckForMaintenanceMode->handle(Object(Illuminate\\Http\\Request), Object(Closure))
#28 C:\\laragon\\www\\vipclub\\vendor\\laravel\\framework\\src\\Illuminate\\Pipeline\\Pipeline.php(105): Illuminate\\Pipeline\\Pipeline->Illuminate\\Pipeline\\{closure}(Object(Illuminate\\Http\\Request))
#29 C:\\laragon\\www\\vipclub\\vendor\\laravel\\framework\\src\\Illuminate\\Foundation\\Http\\Kernel.php(147): Illuminate\\Pipeline\\Pipeline->then(Object(Closure))
#30 C:\\laragon\\www\\vipclub\\vendor\\laravel\\framework\\src\\Illuminate\\Foundation\\Http\\Kernel.php(112): Illuminate\\Foundation\\Http\\Kernel->sendRequestThroughRouter(Object(Illuminate\\Http\\Request))
#31 C:\\laragon\\www\\vipclub\\index.php(52): Illuminate\\Foundation\\Http\\Kernel->handle(Object(Illuminate\\Http\\Request))
#32 {main}
"} 
[2024-08-07 15:06:18] production.ERROR: syntax error, unexpected ')' {"exception":"[object] (Symfony\\Component\\Debug\\Exception\\FatalThrowableError(code: 0): syntax error, unexpected ')' at C:\\laragon\\www\\vipclub\\app\\Http\\Controllers\\MessagesController.php:531)
[stacktrace]
#0 C:\\laragon\\www\\vipclub\\vendor\\composer\\ClassLoader.php(428): Composer\\Autoload\\includeFile('C:\\\\laragon\\\\www\\\\...')
#1 [internal function]: Composer\\Autoload\\ClassLoader->loadClass('App\\\\Http\\\\Contro...')
#2 [internal function]: spl_autoload_call('App\\\\Http\\\\Contro...')
#3 C:\\laragon\\www\\vipclub\\vendor\\laravel\\framework\\src\\Illuminate\\Container\\Container.php(803): ReflectionClass->__construct('App\\\\Http\\\\Contro...')
#4 C:\\laragon\\www\\vipclub\\vendor\\laravel\\framework\\src\\Illuminate\\Container\\Container.php(681): Illuminate\\Container\\Container->build('App\\\\Http\\\\Contro...')
#5 C:\\laragon\\www\\vipclub\\vendor\\laravel\\framework\\src\\Illuminate\\Foundation\\Application.php(785): Illuminate\\Container\\Container->resolve('App\\\\Http\\\\Contro...', Array, true)
#6 C:\\laragon\\www\\vipclub\\vendor\\laravel\\framework\\src\\Illuminate\\Container\\Container.php(629): Illuminate\\Foundation\\Application->resolve('App\\\\Http\\\\Contro...', Array)
#7 C:\\laragon\\www\\vipclub\\vendor\\laravel\\framework\\src\\Illuminate\\Foundation\\Application.php(770): Illuminate\\Container\\Container->make('App\\\\Http\\\\Contro...', Array)
#8 C:\\laragon\\www\\vipclub\\vendor\\laravel\\framework\\src\\Illuminate\\Routing\\Route.php(233): Illuminate\\Foundation\\Application->make('App\\\\Http\\\\Contro...')
#9 C:\\laragon\\www\\vipclub\\vendor\\laravel\\framework\\src\\Illuminate\\Routing\\Route.php(833): Illuminate\\Routing\\Route->getController()
#10 C:\\laragon\\www\\vipclub\\vendor\\laravel\\framework\\src\\Illuminate\\Routing\\Route.php(794): Illuminate\\Routing\\Route->controllerMiddleware()
#11 C:\\laragon\\www\\vipclub\\vendor\\laravel\\framework\\src\\Illuminate\\Routing\\Router.php(699): Illuminate\\Routing\\Route->gatherMiddleware()
#12 C:\\laragon\\www\\vipclub\\vendor\\laravel\\framework\\src\\Illuminate\\Routing\\Router.php(679): Illuminate\\Routing\\Router->gatherRouteMiddleware(Object(Illuminate\\Routing\\Route))
#13 C:\\laragon\\www\\vipclub\\vendor\\laravel\\framework\\src\\Illuminate\\Routing\\Router.php(663): Illuminate\\Routing\\Router->runRouteWithinStack(Object(Illuminate\\Routing\\Route), Object(Illuminate\\Http\\Request))
#14 C:\\laragon\\www\\vipclub\\vendor\\laravel\\framework\\src\\Illuminate\\Routing\\Router.php(629): Illuminate\\Routing\\Router->runRoute(Object(Illuminate\\Http\\Request), Object(Illuminate\\Routing\\Route))
#15 C:\\laragon\\www\\vipclub\\vendor\\laravel\\framework\\src\\Illuminate\\Routing\\Router.php(618): Illuminate\\Routing\\Router->dispatchToRoute(Object(Illuminate\\Http\\Request))
#16 C:\\laragon\\www\\vipclub\\vendor\\laravel\\framework\\src\\Illuminate\\Foundation\\Http\\Kernel.php(172): Illuminate\\Routing\\Router->dispatch(Object(Illuminate\\Http\\Request))
#17 C:\\laragon\\www\\vipclub\\vendor\\laravel\\framework\\src\\Illuminate\\Pipeline\\Pipeline.php(130): Illuminate\\Foundation\\Http\\Kernel->Illuminate\\Foundation\\Http\\{closure}(Object(Illuminate\\Http\\Request))
#18 C:\\laragon\\www\\vipclub\\vendor\\fideloper\\proxy\\src\\TrustProxies.php(57): Illuminate\\Pipeline\\Pipeline->Illuminate\\Pipeline\\{closure}(Object(Illuminate\\Http\\Request))
#19 C:\\laragon\\www\\vipclub\\vendor\\laravel\\framework\\src\\Illuminate\\Pipeline\\Pipeline.php(171): Fideloper\\Proxy\\TrustProxies->handle(Object(Illuminate\\Http\\Request), Object(Closure))
#20 C:\\laragon\\www\\vipclub\\vendor\\laravel\\framework\\src\\Illuminate\\Foundation\\Http\\Middleware\\TransformsRequest.php(21): Illuminate\\Pipeline\\Pipeline->Illuminate\\Pipeline\\{closure}(Object(Illuminate\\Http\\Request))
#21 C:\\laragon\\www\\vipclub\\vendor\\laravel\\framework\\src\\Illuminate\\Pipeline\\Pipeline.php(171): Illuminate\\Foundation\\Http\\Middleware\\TransformsRequest->handle(Object(Illuminate\\Http\\Request), Object(Closure))
#22 C:\\laragon\\www\\vipclub\\vendor\\laravel\\framework\\src\\Illuminate\\Foundation\\Http\\Middleware\\TransformsRequest.php(21): Illuminate\\Pipeline\\Pipeline->Illuminate\\Pipeline\\{closure}(Object(Illuminate\\Http\\Request))
#23 C:\\laragon\\www\\vipclub\\vendor\\laravel\\framework\\src\\Illuminate\\Pipeline\\Pipeline.php(171): Illuminate\\Foundation\\Http\\Middleware\\TransformsRequest->handle(Object(Illuminate\\Http\\Request), Object(Closure))
#24 C:\\laragon\\www\\vipclub\\vendor\\laravel\\framework\\src\\Illuminate\\Foundation\\Http\\Middleware\\ValidatePostSize.php(27): Illuminate\\Pipeline\\Pipeline->Illuminate\\Pipeline\\{closure}(Object(Illuminate\\Http\\Request))
#25 C:\\laragon\\www\\vipclub\\vendor\\laravel\\framework\\src\\Illuminate\\Pipeline\\Pipeline.php(171): Illuminate\\Foundation\\Http\\Middleware\\ValidatePostSize->handle(Object(Illuminate\\Http\\Request), Object(Closure))
#26 C:\\laragon\\www\\vipclub\\vendor\\laravel\\framework\\src\\Illuminate\\Foundation\\Http\\Middleware\\CheckForMaintenanceMode.php(63): Illuminate\\Pipeline\\Pipeline->Illuminate\\Pipeline\\{closure}(Object(Illuminate\\Http\\Request))
#27 C:\\laragon\\www\\vipclub\\vendor\\laravel\\framework\\src\\Illuminate\\Pipeline\\Pipeline.php(171): Illuminate\\Foundation\\Http\\Middleware\\CheckForMaintenanceMode->handle(Object(Illuminate\\Http\\Request), Object(Closure))
#28 C:\\laragon\\www\\vipclub\\vendor\\laravel\\framework\\src\\Illuminate\\Pipeline\\Pipeline.php(105): Illuminate\\Pipeline\\Pipeline->Illuminate\\Pipeline\\{closure}(Object(Illuminate\\Http\\Request))
#29 C:\\laragon\\www\\vipclub\\vendor\\laravel\\framework\\src\\Illuminate\\Foundation\\Http\\Kernel.php(147): Illuminate\\Pipeline\\Pipeline->then(Object(Closure))
#30 C:\\laragon\\www\\vipclub\\vendor\\laravel\\framework\\src\\Illuminate\\Foundation\\Http\\Kernel.php(112): Illuminate\\Foundation\\Http\\Kernel->sendRequestThroughRouter(Object(Illuminate\\Http\\Request))
#31 C:\\laragon\\www\\vipclub\\index.php(52): Illuminate\\Foundation\\Http\\Kernel->handle(Object(Illuminate\\Http\\Request))
#32 {main}
"} 
[2024-08-07 15:06:18] production.ERROR: Trying to get property 'profile' of non-object {"exception":"[object] (ErrorException(code: 0): Trying to get property 'profile' of non-object at C:\\laragon\\www\\vipclub\\app\\Http\\Controllers\\ProfileController.php:427)
[stacktrace]
#0 C:\\laragon\\www\\vipclub\\app\\Http\\Controllers\\ProfileController.php(427): Illuminate\\Foundation\\Bootstrap\\HandleExceptions->handleError(8, 'Trying to get p...', 'C:\\\\laragon\\\\www\\\\...', 427, Array)
#1 C:\\laragon\\www\\vipclub\\vendor\\laravel\\framework\\src\\Illuminate\\Routing\\Controller.php(54): App\\Http\\Controllers\\ProfileController->getProfilePic()
#2 C:\\laragon\\www\\vipclub\\vendor\\laravel\\framework\\src\\Illuminate\\Routing\\ControllerDispatcher.php(45): Illuminate\\Routing\\Controller->callAction('getProfilePic', Array)
#3 C:\\laragon\\www\\vipclub\\vendor\\laravel\\framework\\src\\Illuminate\\Routing\\Route.php(219): Illuminate\\Routing\\ControllerDispatcher->dispatch(Object(Illuminate\\Routing\\Route), Object(App\\Http\\Controllers\\ProfileController), 'getProfilePic')
#4 C:\\laragon\\www\\vipclub\\vendor\\laravel\\framework\\src\\Illuminate\\Routing\\Route.php(176): Illuminate\\Routing\\Route->runController()
#5 C:\\laragon\\www\\vipclub\\vendor\\laravel\\framework\\src\\Illuminate\\Routing\\Router.php(686): Illuminate\\Routing\\Route->run()
#6 C:\\laragon\\www\\vipclub\\vendor\\laravel\\framework\\src\\Illuminate\\Pipeline\\Pipeline.php(130): Illuminate\\Routing\\Router->Illuminate\\Routing\\{closure}(Object(Illuminate\\Http\\Request))
#7 C:\\laragon\\www\\vipclub\\app\\Http\\Middleware\\UserLastAuthMiddleware.php(59): Illuminate\\Pipeline\\Pipeline->Illuminate\\Pipeline\\{closure}(Object(Illuminate\\Http\\Request))
#8 C:\\laragon\\www\\vipclub\\vendor\\laravel\\framework\\src\\Illuminate\\Pipeline\\Pipeline.php(171): App\\Http\\Middleware\\UserLastAuthMiddleware->handle(Object(Illuminate\\Http\\Request), Object(Closure))
#9 C:\\laragon\\www\\vipclub\\vendor\\uxweb\\sweet-alert\\src\\SweetAlert\\ConvertMessagesIntoSweetAlert.php(49): Illuminate\\Pipeline\\Pipeline->Illuminate\\Pipeline\\{closure}(Object(Illuminate\\Http\\Request))
#10 C:\\laragon\\www\\vipclub\\vendor\\laravel\\framework\\src\\Illuminate\\Pipeline\\Pipeline.php(171): UxWeb\\SweetAlert\\ConvertMessagesIntoSweetAlert->handle(Object(Illuminate\\Http\\Request), Object(Closure))
#11 C:\\laragon\\www\\vipclub\\vendor\\laravel\\framework\\src\\Illuminate\\Routing\\Middleware\\SubstituteBindings.php(41): Illuminate\\Pipeline\\Pipeline->Illuminate\\Pipeline\\{closure}(Object(Illuminate\\Http\\Request))
#12 C:\\laragon\\www\\vipclub\\vendor\\laravel\\framework\\src\\Illuminate\\Pipeline\\Pipeline.php(171): Illuminate\\Routing\\Middleware\\SubstituteBindings->handle(Object(Illuminate\\Http\\Request), Object(Closure))
#13 C:\\laragon\\www\\vipclub\\vendor\\laravel\\framework\\src\\Illuminate\\Foundation\\Http\\Middleware\\VerifyCsrfToken.php(77): Illuminate\\Pipeline\\Pipeline->Illuminate\\Pipeline\\{closure}(Object(Illuminate\\Http\\Request))
#14 C:\\laragon\\www\\vipclub\\vendor\\laravel\\framework\\src\\Illuminate\\Pipeline\\Pipeline.php(171): Illuminate\\Foundation\\Http\\Middleware\\VerifyCsrfToken->handle(Object(Illuminate\\Http\\Request), Object(Closure))
#15 C:\\laragon\\www\\vipclub\\vendor\\laravel\\framework\\src\\Illuminate\\View\\Middleware\\ShareErrorsFromSession.php(49): Illuminate\\Pipeline\\Pipeline->Illuminate\\Pipeline\\{closure}(Object(Illuminate\\Http\\Request))
#16 C:\\laragon\\www\\vipclub\\vendor\\laravel\\framework\\src\\Illuminate\\Pipeline\\Pipeline.php(171): Illuminate\\View\\Middleware\\ShareErrorsFromSession->handle(Object(Illuminate\\Http\\Request), Object(Closure))
#17 C:\\laragon\\www\\vipclub\\vendor\\laravel\\framework\\src\\Illuminate\\Session\\Middleware\\StartSession.php(56): Illuminate\\Pipeline\\Pipeline->Illuminate\\Pipeline\\{closure}(Object(Illuminate\\Http\\Request))
#18 C:\\laragon\\www\\vipclub\\vendor\\laravel\\framework\\src\\Illuminate\\Pipeline\\Pipeline.php(171): Illuminate\\Session\\Middleware\\StartSession->handle(Object(Illuminate\\Http\\Request), Object(Closure))
#19 C:\\laragon\\www\\vipclub\\vendor\\laravel\\framework\\src\\Illuminate\\Cookie\\Middleware\\AddQueuedCookiesToResponse.php(37): Illuminate\\Pipeline\\Pipeline->Illuminate\\Pipeline\\{closure}(Object(Illuminate\\Http\\Request))
#20 C:\\laragon\\www\\vipclub\\vendor\\laravel\\framework\\src\\Illuminate\\Pipeline\\Pipeline.php(171): Illuminate\\Cookie\\Middleware\\AddQueuedCookiesToResponse->handle(Object(Illuminate\\Http\\Request), Object(Closure))
#21 C:\\laragon\\www\\vipclub\\vendor\\laravel\\framework\\src\\Illuminate\\Cookie\\Middleware\\EncryptCookies.php(67): Illuminate\\Pipeline\\Pipeline->Illuminate\\Pipeline\\{closure}(Object(Illuminate\\Http\\Request))
#22 C:\\laragon\\www\\vipclub\\vendor\\laravel\\framework\\src\\Illuminate\\Pipeline\\Pipeline.php(171): Illuminate\\Cookie\\Middleware\\EncryptCookies->handle(Object(Illuminate\\Http\\Request), Object(Closure))
#23 C:\\laragon\\www\\vipclub\\vendor\\laravel\\framework\\src\\Illuminate\\Pipeline\\Pipeline.php(105): Illuminate\\Pipeline\\Pipeline->Illuminate\\Pipeline\\{closure}(Object(Illuminate\\Http\\Request))
#24 C:\\laragon\\www\\vipclub\\vendor\\laravel\\framework\\src\\Illuminate\\Routing\\Router.php(688): Illuminate\\Pipeline\\Pipeline->then(Object(Closure))
#25 C:\\laragon\\www\\vipclub\\vendor\\laravel\\framework\\src\\Illuminate\\Routing\\Router.php(663): Illuminate\\Routing\\Router->runRouteWithinStack(Object(Illuminate\\Routing\\Route), Object(Illuminate\\Http\\Request))
#26 C:\\laragon\\www\\vipclub\\vendor\\laravel\\framework\\src\\Illuminate\\Routing\\Router.php(629): Illuminate\\Routing\\Router->runRoute(Object(Illuminate\\Http\\Request), Object(Illuminate\\Routing\\Route))
#27 C:\\laragon\\www\\vipclub\\vendor\\laravel\\framework\\src\\Illuminate\\Routing\\Router.php(618): Illuminate\\Routing\\Router->dispatchToRoute(Object(Illuminate\\Http\\Request))
#28 C:\\laragon\\www\\vipclub\\vendor\\laravel\\framework\\src\\Illuminate\\Foundation\\Http\\Kernel.php(172): Illuminate\\Routing\\Router->dispatch(Object(Illuminate\\Http\\Request))
#29 C:\\laragon\\www\\vipclub\\vendor\\laravel\\framework\\src\\Illuminate\\Pipeline\\Pipeline.php(130): Illuminate\\Foundation\\Http\\Kernel->Illuminate\\Foundation\\Http\\{closure}(Object(Illuminate\\Http\\Request))
#30 C:\\laragon\\www\\vipclub\\vendor\\fideloper\\proxy\\src\\TrustProxies.php(57): Illuminate\\Pipeline\\Pipeline->Illuminate\\Pipeline\\{closure}(Object(Illuminate\\Http\\Request))
#31 C:\\laragon\\www\\vipclub\\vendor\\laravel\\framework\\src\\Illuminate\\Pipeline\\Pipeline.php(171): Fideloper\\Proxy\\TrustProxies->handle(Object(Illuminate\\Http\\Request), Object(Closure))
#32 C:\\laragon\\www\\vipclub\\vendor\\laravel\\framework\\src\\Illuminate\\Foundation\\Http\\Middleware\\TransformsRequest.php(21): Illuminate\\Pipeline\\Pipeline->Illuminate\\Pipeline\\{closure}(Object(Illuminate\\Http\\Request))
#33 C:\\laragon\\www\\vipclub\\vendor\\laravel\\framework\\src\\Illuminate\\Pipeline\\Pipeline.php(171): Illuminate\\Foundation\\Http\\Middleware\\TransformsRequest->handle(Object(Illuminate\\Http\\Request), Object(Closure))
#34 C:\\laragon\\www\\vipclub\\vendor\\laravel\\framework\\src\\Illuminate\\Foundation\\Http\\Middleware\\TransformsRequest.php(21): Illuminate\\Pipeline\\Pipeline->Illuminate\\Pipeline\\{closure}(Object(Illuminate\\Http\\Request))
#35 C:\\laragon\\www\\vipclub\\vendor\\laravel\\framework\\src\\Illuminate\\Pipeline\\Pipeline.php(171): Illuminate\\Foundation\\Http\\Middleware\\TransformsRequest->handle(Object(Illuminate\\Http\\Request), Object(Closure))
#36 C:\\laragon\\www\\vipclub\\vendor\\laravel\\framework\\src\\Illuminate\\Foundation\\Http\\Middleware\\ValidatePostSize.php(27): Illuminate\\Pipeline\\Pipeline->Illuminate\\Pipeline\\{closure}(Object(Illuminate\\Http\\Request))
#37 C:\\laragon\\www\\vipclub\\vendor\\laravel\\framework\\src\\Illuminate\\Pipeline\\Pipeline.php(171): Illuminate\\Foundation\\Http\\Middleware\\ValidatePostSize->handle(Object(Illuminate\\Http\\Request), Object(Closure))
#38 C:\\laragon\\www\\vipclub\\vendor\\laravel\\framework\\src\\Illuminate\\Foundation\\Http\\Middleware\\CheckForMaintenanceMode.php(63): Illuminate\\Pipeline\\Pipeline->Illuminate\\Pipeline\\{closure}(Object(Illuminate\\Http\\Request))
#39 C:\\laragon\\www\\vipclub\\vendor\\laravel\\framework\\src\\Illuminate\\Pipeline\\Pipeline.php(171): Illuminate\\Foundation\\Http\\Middleware\\CheckForMaintenanceMode->handle(Object(Illuminate\\Http\\Request), Object(Closure))
#40 C:\\laragon\\www\\vipclub\\vendor\\laravel\\framework\\src\\Illuminate\\Pipeline\\Pipeline.php(105): Illuminate\\Pipeline\\Pipeline->Illuminate\\Pipeline\\{closure}(Object(Illuminate\\Http\\Request))
#41 C:\\laragon\\www\\vipclub\\vendor\\laravel\\framework\\src\\Illuminate\\Foundation\\Http\\Kernel.php(147): Illuminate\\Pipeline\\Pipeline->then(Object(Closure))
#42 C:\\laragon\\www\\vipclub\\vendor\\laravel\\framework\\src\\Illuminate\\Foundation\\Http\\Kernel.php(112): Illuminate\\Foundation\\Http\\Kernel->sendRequestThroughRouter(Object(Illuminate\\Http\\Request))
#43 C:\\laragon\\www\\vipclub\\index.php(52): Illuminate\\Foundation\\Http\\Kernel->handle(Object(Illuminate\\Http\\Request))
#44 {main}
"} 
