[2024-07-31 00:06:40] production.ERROR: Credentials must be an instance of Aws\Credentials\CredentialsInterface, an associative array that contains "key", "secret", and an optional "token" key-value pairs, a credentials provider function, or false. {"exception":"[object] (InvalidArgumentException(code: 0): Credentials must be an instance of Aws\\Credentials\\CredentialsInterface, an associative array that contains \"key\", \"secret\", and an optional \"token\" key-value pairs, a credentials provider function, or false. at C:\\laragon\\www\\vipclub\\vendor\\aws\\aws-sdk-php\\src\\ClientResolver.php:531)
[stacktrace]
#0 C:\\laragon\\www\\vipclub\\vendor\\aws\\aws-sdk-php\\src\\ClientResolver.php(352): Aws\\ClientResolver::_apply_credentials(Array, Array, Object(Aws\\HandlerList))
#1 C:\\laragon\\www\\vipclub\\vendor\\aws\\aws-sdk-php\\src\\AwsClient.php(199): Aws\\ClientResolver->resolve(Array, Object(Aws\\HandlerList))
#2 C:\\laragon\\www\\vipclub\\app\\Http\\Controllers\\LiveStreamController.php(23): Aws\\AwsClient->__construct(Array)
#3 [internal function]: App\\Http\\Controllers\\LiveStreamController->__construct()
#4 C:\\laragon\\www\\vipclub\\vendor\\laravel\\framework\\src\\Illuminate\\Container\\Container.php(843): ReflectionClass->newInstanceArgs(Array)
#5 C:\\laragon\\www\\vipclub\\vendor\\laravel\\framework\\src\\Illuminate\\Container\\Container.php(681): Illuminate\\Container\\Container->build('App\\\\Http\\\\Contro...')
#6 C:\\laragon\\www\\vipclub\\vendor\\laravel\\framework\\src\\Illuminate\\Foundation\\Application.php(785): Illuminate\\Container\\Container->resolve('App\\\\Http\\\\Contro...', Array, true)
#7 C:\\laragon\\www\\vipclub\\vendor\\laravel\\framework\\src\\Illuminate\\Container\\Container.php(629): Illuminate\\Foundation\\Application->resolve('App\\\\Http\\\\Contro...', Array)
#8 C:\\laragon\\www\\vipclub\\vendor\\laravel\\framework\\src\\Illuminate\\Foundation\\Application.php(770): Illuminate\\Container\\Container->make('App\\\\Http\\\\Contro...', Array)
#9 C:\\laragon\\www\\vipclub\\vendor\\laravel\\framework\\src\\Illuminate\\Routing\\Route.php(233): Illuminate\\Foundation\\Application->make('App\\\\Http\\\\Contro...')
#10 C:\\laragon\\www\\vipclub\\vendor\\laravel\\framework\\src\\Illuminate\\Routing\\Route.php(833): Illuminate\\Routing\\Route->getController()
#11 C:\\laragon\\www\\vipclub\\vendor\\laravel\\framework\\src\\Illuminate\\Routing\\Route.php(794): Illuminate\\Routing\\Route->controllerMiddleware()
#12 C:\\laragon\\www\\vipclub\\vendor\\laravel\\framework\\src\\Illuminate\\Routing\\Router.php(699): Illuminate\\Routing\\Route->gatherMiddleware()
#13 C:\\laragon\\www\\vipclub\\vendor\\laravel\\framework\\src\\Illuminate\\Routing\\Router.php(679): Illuminate\\Routing\\Router->gatherRouteMiddleware(Object(Illuminate\\Routing\\Route))
#14 C:\\laragon\\www\\vipclub\\vendor\\laravel\\framework\\src\\Illuminate\\Routing\\Router.php(663): Illuminate\\Routing\\Router->runRouteWithinStack(Object(Illuminate\\Routing\\Route), Object(Illuminate\\Http\\Request))
#15 C:\\laragon\\www\\vipclub\\vendor\\laravel\\framework\\src\\Illuminate\\Routing\\Router.php(629): Illuminate\\Routing\\Router->runRoute(Object(Illuminate\\Http\\Request), Object(Illuminate\\Routing\\Route))
#16 C:\\laragon\\www\\vipclub\\vendor\\laravel\\framework\\src\\Illuminate\\Routing\\Router.php(618): Illuminate\\Routing\\Router->dispatchToRoute(Object(Illuminate\\Http\\Request))
#17 C:\\laragon\\www\\vipclub\\vendor\\laravel\\framework\\src\\Illuminate\\Foundation\\Http\\Kernel.php(172): Illuminate\\Routing\\Router->dispatch(Object(Illuminate\\Http\\Request))
#18 C:\\laragon\\www\\vipclub\\vendor\\laravel\\framework\\src\\Illuminate\\Pipeline\\Pipeline.php(130): Illuminate\\Foundation\\Http\\Kernel->Illuminate\\Foundation\\Http\\{closure}(Object(Illuminate\\Http\\Request))
#19 C:\\laragon\\www\\vipclub\\vendor\\fideloper\\proxy\\src\\TrustProxies.php(57): Illuminate\\Pipeline\\Pipeline->Illuminate\\Pipeline\\{closure}(Object(Illuminate\\Http\\Request))
#20 C:\\laragon\\www\\vipclub\\vendor\\laravel\\framework\\src\\Illuminate\\Pipeline\\Pipeline.php(171): Fideloper\\Proxy\\TrustProxies->handle(Object(Illuminate\\Http\\Request), Object(Closure))
#21 C:\\laragon\\www\\vipclub\\vendor\\laravel\\framework\\src\\Illuminate\\Foundation\\Http\\Middleware\\TransformsRequest.php(21): Illuminate\\Pipeline\\Pipeline->Illuminate\\Pipeline\\{closure}(Object(Illuminate\\Http\\Request))
#22 C:\\laragon\\www\\vipclub\\vendor\\laravel\\framework\\src\\Illuminate\\Pipeline\\Pipeline.php(171): Illuminate\\Foundation\\Http\\Middleware\\TransformsRequest->handle(Object(Illuminate\\Http\\Request), Object(Closure))
#23 C:\\laragon\\www\\vipclub\\vendor\\laravel\\framework\\src\\Illuminate\\Foundation\\Http\\Middleware\\TransformsRequest.php(21): Illuminate\\Pipeline\\Pipeline->Illuminate\\Pipeline\\{closure}(Object(Illuminate\\Http\\Request))
#24 C:\\laragon\\www\\vipclub\\vendor\\laravel\\framework\\src\\Illuminate\\Pipeline\\Pipeline.php(171): Illuminate\\Foundation\\Http\\Middleware\\TransformsRequest->handle(Object(Illuminate\\Http\\Request), Object(Closure))
#25 C:\\laragon\\www\\vipclub\\vendor\\laravel\\framework\\src\\Illuminate\\Foundation\\Http\\Middleware\\ValidatePostSize.php(27): Illuminate\\Pipeline\\Pipeline->Illuminate\\Pipeline\\{closure}(Object(Illuminate\\Http\\Request))
#26 C:\\laragon\\www\\vipclub\\vendor\\laravel\\framework\\src\\Illuminate\\Pipeline\\Pipeline.php(171): Illuminate\\Foundation\\Http\\Middleware\\ValidatePostSize->handle(Object(Illuminate\\Http\\Request), Object(Closure))
#27 C:\\laragon\\www\\vipclub\\vendor\\laravel\\framework\\src\\Illuminate\\Foundation\\Http\\Middleware\\CheckForMaintenanceMode.php(63): Illuminate\\Pipeline\\Pipeline->Illuminate\\Pipeline\\{closure}(Object(Illuminate\\Http\\Request))
#28 C:\\laragon\\www\\vipclub\\vendor\\laravel\\framework\\src\\Illuminate\\Pipeline\\Pipeline.php(171): Illuminate\\Foundation\\Http\\Middleware\\CheckForMaintenanceMode->handle(Object(Illuminate\\Http\\Request), Object(Closure))
#29 C:\\laragon\\www\\vipclub\\vendor\\laravel\\framework\\src\\Illuminate\\Pipeline\\Pipeline.php(105): Illuminate\\Pipeline\\Pipeline->Illuminate\\Pipeline\\{closure}(Object(Illuminate\\Http\\Request))
#30 C:\\laragon\\www\\vipclub\\vendor\\laravel\\framework\\src\\Illuminate\\Foundation\\Http\\Kernel.php(147): Illuminate\\Pipeline\\Pipeline->then(Object(Closure))
#31 C:\\laragon\\www\\vipclub\\vendor\\laravel\\framework\\src\\Illuminate\\Foundation\\Http\\Kernel.php(112): Illuminate\\Foundation\\Http\\Kernel->sendRequestThroughRouter(Object(Illuminate\\Http\\Request))
#32 C:\\laragon\\www\\vipclub\\index.php(52): Illuminate\\Foundation\\Http\\Kernel->handle(Object(Illuminate\\Http\\Request))
#33 {main}
"} 
[2024-07-31 00:06:44] production.ERROR: Credentials must be an instance of Aws\Credentials\CredentialsInterface, an associative array that contains "key", "secret", and an optional "token" key-value pairs, a credentials provider function, or false. {"exception":"[object] (InvalidArgumentException(code: 0): Credentials must be an instance of Aws\\Credentials\\CredentialsInterface, an associative array that contains \"key\", \"secret\", and an optional \"token\" key-value pairs, a credentials provider function, or false. at C:\\laragon\\www\\vipclub\\vendor\\aws\\aws-sdk-php\\src\\ClientResolver.php:531)
[stacktrace]
#0 C:\\laragon\\www\\vipclub\\vendor\\aws\\aws-sdk-php\\src\\ClientResolver.php(352): Aws\\ClientResolver::_apply_credentials(Array, Array, Object(Aws\\HandlerList))
#1 C:\\laragon\\www\\vipclub\\vendor\\aws\\aws-sdk-php\\src\\AwsClient.php(199): Aws\\ClientResolver->resolve(Array, Object(Aws\\HandlerList))
#2 C:\\laragon\\www\\vipclub\\app\\Http\\Controllers\\LiveStreamController.php(23): Aws\\AwsClient->__construct(Array)
#3 [internal function]: App\\Http\\Controllers\\LiveStreamController->__construct()
#4 C:\\laragon\\www\\vipclub\\vendor\\laravel\\framework\\src\\Illuminate\\Container\\Container.php(843): ReflectionClass->newInstanceArgs(Array)
#5 C:\\laragon\\www\\vipclub\\vendor\\laravel\\framework\\src\\Illuminate\\Container\\Container.php(681): Illuminate\\Container\\Container->build('App\\\\Http\\\\Contro...')
#6 C:\\laragon\\www\\vipclub\\vendor\\laravel\\framework\\src\\Illuminate\\Foundation\\Application.php(785): Illuminate\\Container\\Container->resolve('App\\\\Http\\\\Contro...', Array, true)
#7 C:\\laragon\\www\\vipclub\\vendor\\laravel\\framework\\src\\Illuminate\\Container\\Container.php(629): Illuminate\\Foundation\\Application->resolve('App\\\\Http\\\\Contro...', Array)
#8 C:\\laragon\\www\\vipclub\\vendor\\laravel\\framework\\src\\Illuminate\\Foundation\\Application.php(770): Illuminate\\Container\\Container->make('App\\\\Http\\\\Contro...', Array)
#9 C:\\laragon\\www\\vipclub\\vendor\\laravel\\framework\\src\\Illuminate\\Routing\\Route.php(233): Illuminate\\Foundation\\Application->make('App\\\\Http\\\\Contro...')
#10 C:\\laragon\\www\\vipclub\\vendor\\laravel\\framework\\src\\Illuminate\\Routing\\Route.php(833): Illuminate\\Routing\\Route->getController()
#11 C:\\laragon\\www\\vipclub\\vendor\\laravel\\framework\\src\\Illuminate\\Routing\\Route.php(794): Illuminate\\Routing\\Route->controllerMiddleware()
#12 C:\\laragon\\www\\vipclub\\vendor\\laravel\\framework\\src\\Illuminate\\Routing\\Router.php(699): Illuminate\\Routing\\Route->gatherMiddleware()
#13 C:\\laragon\\www\\vipclub\\vendor\\laravel\\framework\\src\\Illuminate\\Routing\\Router.php(679): Illuminate\\Routing\\Router->gatherRouteMiddleware(Object(Illuminate\\Routing\\Route))
#14 C:\\laragon\\www\\vipclub\\vendor\\laravel\\framework\\src\\Illuminate\\Routing\\Router.php(663): Illuminate\\Routing\\Router->runRouteWithinStack(Object(Illuminate\\Routing\\Route), Object(Illuminate\\Http\\Request))
#15 C:\\laragon\\www\\vipclub\\vendor\\laravel\\framework\\src\\Illuminate\\Routing\\Router.php(629): Illuminate\\Routing\\Router->runRoute(Object(Illuminate\\Http\\Request), Object(Illuminate\\Routing\\Route))
#16 C:\\laragon\\www\\vipclub\\vendor\\laravel\\framework\\src\\Illuminate\\Routing\\Router.php(618): Illuminate\\Routing\\Router->dispatchToRoute(Object(Illuminate\\Http\\Request))
#17 C:\\laragon\\www\\vipclub\\vendor\\laravel\\framework\\src\\Illuminate\\Foundation\\Http\\Kernel.php(172): Illuminate\\Routing\\Router->dispatch(Object(Illuminate\\Http\\Request))
#18 C:\\laragon\\www\\vipclub\\vendor\\laravel\\framework\\src\\Illuminate\\Pipeline\\Pipeline.php(130): Illuminate\\Foundation\\Http\\Kernel->Illuminate\\Foundation\\Http\\{closure}(Object(Illuminate\\Http\\Request))
#19 C:\\laragon\\www\\vipclub\\vendor\\fideloper\\proxy\\src\\TrustProxies.php(57): Illuminate\\Pipeline\\Pipeline->Illuminate\\Pipeline\\{closure}(Object(Illuminate\\Http\\Request))
#20 C:\\laragon\\www\\vipclub\\vendor\\laravel\\framework\\src\\Illuminate\\Pipeline\\Pipeline.php(171): Fideloper\\Proxy\\TrustProxies->handle(Object(Illuminate\\Http\\Request), Object(Closure))
#21 C:\\laragon\\www\\vipclub\\vendor\\laravel\\framework\\src\\Illuminate\\Foundation\\Http\\Middleware\\TransformsRequest.php(21): Illuminate\\Pipeline\\Pipeline->Illuminate\\Pipeline\\{closure}(Object(Illuminate\\Http\\Request))
#22 C:\\laragon\\www\\vipclub\\vendor\\laravel\\framework\\src\\Illuminate\\Pipeline\\Pipeline.php(171): Illuminate\\Foundation\\Http\\Middleware\\TransformsRequest->handle(Object(Illuminate\\Http\\Request), Object(Closure))
#23 C:\\laragon\\www\\vipclub\\vendor\\laravel\\framework\\src\\Illuminate\\Foundation\\Http\\Middleware\\TransformsRequest.php(21): Illuminate\\Pipeline\\Pipeline->Illuminate\\Pipeline\\{closure}(Object(Illuminate\\Http\\Request))
#24 C:\\laragon\\www\\vipclub\\vendor\\laravel\\framework\\src\\Illuminate\\Pipeline\\Pipeline.php(171): Illuminate\\Foundation\\Http\\Middleware\\TransformsRequest->handle(Object(Illuminate\\Http\\Request), Object(Closure))
#25 C:\\laragon\\www\\vipclub\\vendor\\laravel\\framework\\src\\Illuminate\\Foundation\\Http\\Middleware\\ValidatePostSize.php(27): Illuminate\\Pipeline\\Pipeline->Illuminate\\Pipeline\\{closure}(Object(Illuminate\\Http\\Request))
#26 C:\\laragon\\www\\vipclub\\vendor\\laravel\\framework\\src\\Illuminate\\Pipeline\\Pipeline.php(171): Illuminate\\Foundation\\Http\\Middleware\\ValidatePostSize->handle(Object(Illuminate\\Http\\Request), Object(Closure))
#27 C:\\laragon\\www\\vipclub\\vendor\\laravel\\framework\\src\\Illuminate\\Foundation\\Http\\Middleware\\CheckForMaintenanceMode.php(63): Illuminate\\Pipeline\\Pipeline->Illuminate\\Pipeline\\{closure}(Object(Illuminate\\Http\\Request))
#28 C:\\laragon\\www\\vipclub\\vendor\\laravel\\framework\\src\\Illuminate\\Pipeline\\Pipeline.php(171): Illuminate\\Foundation\\Http\\Middleware\\CheckForMaintenanceMode->handle(Object(Illuminate\\Http\\Request), Object(Closure))
#29 C:\\laragon\\www\\vipclub\\vendor\\laravel\\framework\\src\\Illuminate\\Pipeline\\Pipeline.php(105): Illuminate\\Pipeline\\Pipeline->Illuminate\\Pipeline\\{closure}(Object(Illuminate\\Http\\Request))
#30 C:\\laragon\\www\\vipclub\\vendor\\laravel\\framework\\src\\Illuminate\\Foundation\\Http\\Kernel.php(147): Illuminate\\Pipeline\\Pipeline->then(Object(Closure))
#31 C:\\laragon\\www\\vipclub\\vendor\\laravel\\framework\\src\\Illuminate\\Foundation\\Http\\Kernel.php(112): Illuminate\\Foundation\\Http\\Kernel->sendRequestThroughRouter(Object(Illuminate\\Http\\Request))
#32 C:\\laragon\\www\\vipclub\\index.php(52): Illuminate\\Foundation\\Http\\Kernel->handle(Object(Illuminate\\Http\\Request))
#33 {main}
"} 
[2024-07-31 00:08:01] production.ERROR: Credentials must be an instance of Aws\Credentials\CredentialsInterface, an associative array that contains "key", "secret", and an optional "token" key-value pairs, a credentials provider function, or false. {"exception":"[object] (InvalidArgumentException(code: 0): Credentials must be an instance of Aws\\Credentials\\CredentialsInterface, an associative array that contains \"key\", \"secret\", and an optional \"token\" key-value pairs, a credentials provider function, or false. at C:\\laragon\\www\\vipclub\\vendor\\aws\\aws-sdk-php\\src\\ClientResolver.php:531)
[stacktrace]
#0 C:\\laragon\\www\\vipclub\\vendor\\aws\\aws-sdk-php\\src\\ClientResolver.php(352): Aws\\ClientResolver::_apply_credentials(Array, Array, Object(Aws\\HandlerList))
#1 C:\\laragon\\www\\vipclub\\vendor\\aws\\aws-sdk-php\\src\\AwsClient.php(199): Aws\\ClientResolver->resolve(Array, Object(Aws\\HandlerList))
#2 C:\\laragon\\www\\vipclub\\app\\Http\\Controllers\\LiveStreamController.php(23): Aws\\AwsClient->__construct(Array)
#3 [internal function]: App\\Http\\Controllers\\LiveStreamController->__construct()
#4 C:\\laragon\\www\\vipclub\\vendor\\laravel\\framework\\src\\Illuminate\\Container\\Container.php(843): ReflectionClass->newInstanceArgs(Array)
#5 C:\\laragon\\www\\vipclub\\vendor\\laravel\\framework\\src\\Illuminate\\Container\\Container.php(681): Illuminate\\Container\\Container->build('App\\\\Http\\\\Contro...')
#6 C:\\laragon\\www\\vipclub\\vendor\\laravel\\framework\\src\\Illuminate\\Foundation\\Application.php(785): Illuminate\\Container\\Container->resolve('App\\\\Http\\\\Contro...', Array, true)
#7 C:\\laragon\\www\\vipclub\\vendor\\laravel\\framework\\src\\Illuminate\\Container\\Container.php(629): Illuminate\\Foundation\\Application->resolve('App\\\\Http\\\\Contro...', Array)
#8 C:\\laragon\\www\\vipclub\\vendor\\laravel\\framework\\src\\Illuminate\\Foundation\\Application.php(770): Illuminate\\Container\\Container->make('App\\\\Http\\\\Contro...', Array)
#9 C:\\laragon\\www\\vipclub\\vendor\\laravel\\framework\\src\\Illuminate\\Routing\\Route.php(233): Illuminate\\Foundation\\Application->make('App\\\\Http\\\\Contro...')
#10 C:\\laragon\\www\\vipclub\\vendor\\laravel\\framework\\src\\Illuminate\\Routing\\Route.php(833): Illuminate\\Routing\\Route->getController()
#11 C:\\laragon\\www\\vipclub\\vendor\\laravel\\framework\\src\\Illuminate\\Routing\\Route.php(794): Illuminate\\Routing\\Route->controllerMiddleware()
#12 C:\\laragon\\www\\vipclub\\vendor\\laravel\\framework\\src\\Illuminate\\Routing\\Router.php(699): Illuminate\\Routing\\Route->gatherMiddleware()
#13 C:\\laragon\\www\\vipclub\\vendor\\laravel\\framework\\src\\Illuminate\\Routing\\Router.php(679): Illuminate\\Routing\\Router->gatherRouteMiddleware(Object(Illuminate\\Routing\\Route))
#14 C:\\laragon\\www\\vipclub\\vendor\\laravel\\framework\\src\\Illuminate\\Routing\\Router.php(663): Illuminate\\Routing\\Router->runRouteWithinStack(Object(Illuminate\\Routing\\Route), Object(Illuminate\\Http\\Request))
#15 C:\\laragon\\www\\vipclub\\vendor\\laravel\\framework\\src\\Illuminate\\Routing\\Router.php(629): Illuminate\\Routing\\Router->runRoute(Object(Illuminate\\Http\\Request), Object(Illuminate\\Routing\\Route))
#16 C:\\laragon\\www\\vipclub\\vendor\\laravel\\framework\\src\\Illuminate\\Routing\\Router.php(618): Illuminate\\Routing\\Router->dispatchToRoute(Object(Illuminate\\Http\\Request))
#17 C:\\laragon\\www\\vipclub\\vendor\\laravel\\framework\\src\\Illuminate\\Foundation\\Http\\Kernel.php(172): Illuminate\\Routing\\Router->dispatch(Object(Illuminate\\Http\\Request))
#18 C:\\laragon\\www\\vipclub\\vendor\\laravel\\framework\\src\\Illuminate\\Pipeline\\Pipeline.php(130): Illuminate\\Foundation\\Http\\Kernel->Illuminate\\Foundation\\Http\\{closure}(Object(Illuminate\\Http\\Request))
#19 C:\\laragon\\www\\vipclub\\vendor\\fideloper\\proxy\\src\\TrustProxies.php(57): Illuminate\\Pipeline\\Pipeline->Illuminate\\Pipeline\\{closure}(Object(Illuminate\\Http\\Request))
#20 C:\\laragon\\www\\vipclub\\vendor\\laravel\\framework\\src\\Illuminate\\Pipeline\\Pipeline.php(171): Fideloper\\Proxy\\TrustProxies->handle(Object(Illuminate\\Http\\Request), Object(Closure))
#21 C:\\laragon\\www\\vipclub\\vendor\\laravel\\framework\\src\\Illuminate\\Foundation\\Http\\Middleware\\TransformsRequest.php(21): Illuminate\\Pipeline\\Pipeline->Illuminate\\Pipeline\\{closure}(Object(Illuminate\\Http\\Request))
#22 C:\\laragon\\www\\vipclub\\vendor\\laravel\\framework\\src\\Illuminate\\Pipeline\\Pipeline.php(171): Illuminate\\Foundation\\Http\\Middleware\\TransformsRequest->handle(Object(Illuminate\\Http\\Request), Object(Closure))
#23 C:\\laragon\\www\\vipclub\\vendor\\laravel\\framework\\src\\Illuminate\\Foundation\\Http\\Middleware\\TransformsRequest.php(21): Illuminate\\Pipeline\\Pipeline->Illuminate\\Pipeline\\{closure}(Object(Illuminate\\Http\\Request))
#24 C:\\laragon\\www\\vipclub\\vendor\\laravel\\framework\\src\\Illuminate\\Pipeline\\Pipeline.php(171): Illuminate\\Foundation\\Http\\Middleware\\TransformsRequest->handle(Object(Illuminate\\Http\\Request), Object(Closure))
#25 C:\\laragon\\www\\vipclub\\vendor\\laravel\\framework\\src\\Illuminate\\Foundation\\Http\\Middleware\\ValidatePostSize.php(27): Illuminate\\Pipeline\\Pipeline->Illuminate\\Pipeline\\{closure}(Object(Illuminate\\Http\\Request))
#26 C:\\laragon\\www\\vipclub\\vendor\\laravel\\framework\\src\\Illuminate\\Pipeline\\Pipeline.php(171): Illuminate\\Foundation\\Http\\Middleware\\ValidatePostSize->handle(Object(Illuminate\\Http\\Request), Object(Closure))
#27 C:\\laragon\\www\\vipclub\\vendor\\laravel\\framework\\src\\Illuminate\\Foundation\\Http\\Middleware\\CheckForMaintenanceMode.php(63): Illuminate\\Pipeline\\Pipeline->Illuminate\\Pipeline\\{closure}(Object(Illuminate\\Http\\Request))
#28 C:\\laragon\\www\\vipclub\\vendor\\laravel\\framework\\src\\Illuminate\\Pipeline\\Pipeline.php(171): Illuminate\\Foundation\\Http\\Middleware\\CheckForMaintenanceMode->handle(Object(Illuminate\\Http\\Request), Object(Closure))
#29 C:\\laragon\\www\\vipclub\\vendor\\laravel\\framework\\src\\Illuminate\\Pipeline\\Pipeline.php(105): Illuminate\\Pipeline\\Pipeline->Illuminate\\Pipeline\\{closure}(Object(Illuminate\\Http\\Request))
#30 C:\\laragon\\www\\vipclub\\vendor\\laravel\\framework\\src\\Illuminate\\Foundation\\Http\\Kernel.php(147): Illuminate\\Pipeline\\Pipeline->then(Object(Closure))
#31 C:\\laragon\\www\\vipclub\\vendor\\laravel\\framework\\src\\Illuminate\\Foundation\\Http\\Kernel.php(112): Illuminate\\Foundation\\Http\\Kernel->sendRequestThroughRouter(Object(Illuminate\\Http\\Request))
#32 C:\\laragon\\www\\vipclub\\index.php(52): Illuminate\\Foundation\\Http\\Kernel->handle(Object(Illuminate\\Http\\Request))
#33 {main}
"} 
[2024-07-31 00:08:10] production.ERROR: Credentials must be an instance of Aws\Credentials\CredentialsInterface, an associative array that contains "key", "secret", and an optional "token" key-value pairs, a credentials provider function, or false. {"exception":"[object] (InvalidArgumentException(code: 0): Credentials must be an instance of Aws\\Credentials\\CredentialsInterface, an associative array that contains \"key\", \"secret\", and an optional \"token\" key-value pairs, a credentials provider function, or false. at C:\\laragon\\www\\vipclub\\vendor\\aws\\aws-sdk-php\\src\\ClientResolver.php:531)
[stacktrace]
#0 C:\\laragon\\www\\vipclub\\vendor\\aws\\aws-sdk-php\\src\\ClientResolver.php(352): Aws\\ClientResolver::_apply_credentials(Array, Array, Object(Aws\\HandlerList))
#1 C:\\laragon\\www\\vipclub\\vendor\\aws\\aws-sdk-php\\src\\AwsClient.php(199): Aws\\ClientResolver->resolve(Array, Object(Aws\\HandlerList))
#2 C:\\laragon\\www\\vipclub\\app\\Http\\Controllers\\LiveStreamController.php(23): Aws\\AwsClient->__construct(Array)
#3 [internal function]: App\\Http\\Controllers\\LiveStreamController->__construct()
#4 C:\\laragon\\www\\vipclub\\vendor\\laravel\\framework\\src\\Illuminate\\Container\\Container.php(843): ReflectionClass->newInstanceArgs(Array)
#5 C:\\laragon\\www\\vipclub\\vendor\\laravel\\framework\\src\\Illuminate\\Container\\Container.php(681): Illuminate\\Container\\Container->build('App\\\\Http\\\\Contro...')
#6 C:\\laragon\\www\\vipclub\\vendor\\laravel\\framework\\src\\Illuminate\\Foundation\\Application.php(785): Illuminate\\Container\\Container->resolve('App\\\\Http\\\\Contro...', Array, true)
#7 C:\\laragon\\www\\vipclub\\vendor\\laravel\\framework\\src\\Illuminate\\Container\\Container.php(629): Illuminate\\Foundation\\Application->resolve('App\\\\Http\\\\Contro...', Array)
#8 C:\\laragon\\www\\vipclub\\vendor\\laravel\\framework\\src\\Illuminate\\Foundation\\Application.php(770): Illuminate\\Container\\Container->make('App\\\\Http\\\\Contro...', Array)
#9 C:\\laragon\\www\\vipclub\\vendor\\laravel\\framework\\src\\Illuminate\\Routing\\Route.php(233): Illuminate\\Foundation\\Application->make('App\\\\Http\\\\Contro...')
#10 C:\\laragon\\www\\vipclub\\vendor\\laravel\\framework\\src\\Illuminate\\Routing\\Route.php(833): Illuminate\\Routing\\Route->getController()
#11 C:\\laragon\\www\\vipclub\\vendor\\laravel\\framework\\src\\Illuminate\\Routing\\Route.php(794): Illuminate\\Routing\\Route->controllerMiddleware()
#12 C:\\laragon\\www\\vipclub\\vendor\\laravel\\framework\\src\\Illuminate\\Routing\\Router.php(699): Illuminate\\Routing\\Route->gatherMiddleware()
#13 C:\\laragon\\www\\vipclub\\vendor\\laravel\\framework\\src\\Illuminate\\Routing\\Router.php(679): Illuminate\\Routing\\Router->gatherRouteMiddleware(Object(Illuminate\\Routing\\Route))
#14 C:\\laragon\\www\\vipclub\\vendor\\laravel\\framework\\src\\Illuminate\\Routing\\Router.php(663): Illuminate\\Routing\\Router->runRouteWithinStack(Object(Illuminate\\Routing\\Route), Object(Illuminate\\Http\\Request))
#15 C:\\laragon\\www\\vipclub\\vendor\\laravel\\framework\\src\\Illuminate\\Routing\\Router.php(629): Illuminate\\Routing\\Router->runRoute(Object(Illuminate\\Http\\Request), Object(Illuminate\\Routing\\Route))
#16 C:\\laragon\\www\\vipclub\\vendor\\laravel\\framework\\src\\Illuminate\\Routing\\Router.php(618): Illuminate\\Routing\\Router->dispatchToRoute(Object(Illuminate\\Http\\Request))
#17 C:\\laragon\\www\\vipclub\\vendor\\laravel\\framework\\src\\Illuminate\\Foundation\\Http\\Kernel.php(172): Illuminate\\Routing\\Router->dispatch(Object(Illuminate\\Http\\Request))
#18 C:\\laragon\\www\\vipclub\\vendor\\laravel\\framework\\src\\Illuminate\\Pipeline\\Pipeline.php(130): Illuminate\\Foundation\\Http\\Kernel->Illuminate\\Foundation\\Http\\{closure}(Object(Illuminate\\Http\\Request))
#19 C:\\laragon\\www\\vipclub\\vendor\\fideloper\\proxy\\src\\TrustProxies.php(57): Illuminate\\Pipeline\\Pipeline->Illuminate\\Pipeline\\{closure}(Object(Illuminate\\Http\\Request))
#20 C:\\laragon\\www\\vipclub\\vendor\\laravel\\framework\\src\\Illuminate\\Pipeline\\Pipeline.php(171): Fideloper\\Proxy\\TrustProxies->handle(Object(Illuminate\\Http\\Request), Object(Closure))
#21 C:\\laragon\\www\\vipclub\\vendor\\laravel\\framework\\src\\Illuminate\\Foundation\\Http\\Middleware\\TransformsRequest.php(21): Illuminate\\Pipeline\\Pipeline->Illuminate\\Pipeline\\{closure}(Object(Illuminate\\Http\\Request))
#22 C:\\laragon\\www\\vipclub\\vendor\\laravel\\framework\\src\\Illuminate\\Pipeline\\Pipeline.php(171): Illuminate\\Foundation\\Http\\Middleware\\TransformsRequest->handle(Object(Illuminate\\Http\\Request), Object(Closure))
#23 C:\\laragon\\www\\vipclub\\vendor\\laravel\\framework\\src\\Illuminate\\Foundation\\Http\\Middleware\\TransformsRequest.php(21): Illuminate\\Pipeline\\Pipeline->Illuminate\\Pipeline\\{closure}(Object(Illuminate\\Http\\Request))
#24 C:\\laragon\\www\\vipclub\\vendor\\laravel\\framework\\src\\Illuminate\\Pipeline\\Pipeline.php(171): Illuminate\\Foundation\\Http\\Middleware\\TransformsRequest->handle(Object(Illuminate\\Http\\Request), Object(Closure))
#25 C:\\laragon\\www\\vipclub\\vendor\\laravel\\framework\\src\\Illuminate\\Foundation\\Http\\Middleware\\ValidatePostSize.php(27): Illuminate\\Pipeline\\Pipeline->Illuminate\\Pipeline\\{closure}(Object(Illuminate\\Http\\Request))
#26 C:\\laragon\\www\\vipclub\\vendor\\laravel\\framework\\src\\Illuminate\\Pipeline\\Pipeline.php(171): Illuminate\\Foundation\\Http\\Middleware\\ValidatePostSize->handle(Object(Illuminate\\Http\\Request), Object(Closure))
#27 C:\\laragon\\www\\vipclub\\vendor\\laravel\\framework\\src\\Illuminate\\Foundation\\Http\\Middleware\\CheckForMaintenanceMode.php(63): Illuminate\\Pipeline\\Pipeline->Illuminate\\Pipeline\\{closure}(Object(Illuminate\\Http\\Request))
#28 C:\\laragon\\www\\vipclub\\vendor\\laravel\\framework\\src\\Illuminate\\Pipeline\\Pipeline.php(171): Illuminate\\Foundation\\Http\\Middleware\\CheckForMaintenanceMode->handle(Object(Illuminate\\Http\\Request), Object(Closure))
#29 C:\\laragon\\www\\vipclub\\vendor\\laravel\\framework\\src\\Illuminate\\Pipeline\\Pipeline.php(105): Illuminate\\Pipeline\\Pipeline->Illuminate\\Pipeline\\{closure}(Object(Illuminate\\Http\\Request))
#30 C:\\laragon\\www\\vipclub\\vendor\\laravel\\framework\\src\\Illuminate\\Foundation\\Http\\Kernel.php(147): Illuminate\\Pipeline\\Pipeline->then(Object(Closure))
#31 C:\\laragon\\www\\vipclub\\vendor\\laravel\\framework\\src\\Illuminate\\Foundation\\Http\\Kernel.php(112): Illuminate\\Foundation\\Http\\Kernel->sendRequestThroughRouter(Object(Illuminate\\Http\\Request))
#32 C:\\laragon\\www\\vipclub\\index.php(52): Illuminate\\Foundation\\Http\\Kernel->handle(Object(Illuminate\\Http\\Request))
#33 {main}
"} 
[2024-07-31 00:09:07] production.ERROR: Credentials must be an instance of Aws\Credentials\CredentialsInterface, an associative array that contains "key", "secret", and an optional "token" key-value pairs, a credentials provider function, or false. {"exception":"[object] (InvalidArgumentException(code: 0): Credentials must be an instance of Aws\\Credentials\\CredentialsInterface, an associative array that contains \"key\", \"secret\", and an optional \"token\" key-value pairs, a credentials provider function, or false. at C:\\laragon\\www\\vipclub\\vendor\\aws\\aws-sdk-php\\src\\ClientResolver.php:531)
[stacktrace]
#0 C:\\laragon\\www\\vipclub\\vendor\\aws\\aws-sdk-php\\src\\ClientResolver.php(352): Aws\\ClientResolver::_apply_credentials(Array, Array, Object(Aws\\HandlerList))
#1 C:\\laragon\\www\\vipclub\\vendor\\aws\\aws-sdk-php\\src\\AwsClient.php(199): Aws\\ClientResolver->resolve(Array, Object(Aws\\HandlerList))
#2 C:\\laragon\\www\\vipclub\\app\\Http\\Controllers\\LiveStreamController.php(23): Aws\\AwsClient->__construct(Array)
#3 [internal function]: App\\Http\\Controllers\\LiveStreamController->__construct()
#4 C:\\laragon\\www\\vipclub\\vendor\\laravel\\framework\\src\\Illuminate\\Container\\Container.php(843): ReflectionClass->newInstanceArgs(Array)
#5 C:\\laragon\\www\\vipclub\\vendor\\laravel\\framework\\src\\Illuminate\\Container\\Container.php(681): Illuminate\\Container\\Container->build('App\\\\Http\\\\Contro...')
#6 C:\\laragon\\www\\vipclub\\vendor\\laravel\\framework\\src\\Illuminate\\Foundation\\Application.php(785): Illuminate\\Container\\Container->resolve('App\\\\Http\\\\Contro...', Array, true)
#7 C:\\laragon\\www\\vipclub\\vendor\\laravel\\framework\\src\\Illuminate\\Container\\Container.php(629): Illuminate\\Foundation\\Application->resolve('App\\\\Http\\\\Contro...', Array)
#8 C:\\laragon\\www\\vipclub\\vendor\\laravel\\framework\\src\\Illuminate\\Foundation\\Application.php(770): Illuminate\\Container\\Container->make('App\\\\Http\\\\Contro...', Array)
#9 C:\\laragon\\www\\vipclub\\vendor\\laravel\\framework\\src\\Illuminate\\Routing\\Route.php(233): Illuminate\\Foundation\\Application->make('App\\\\Http\\\\Contro...')
#10 C:\\laragon\\www\\vipclub\\vendor\\laravel\\framework\\src\\Illuminate\\Routing\\Route.php(833): Illuminate\\Routing\\Route->getController()
#11 C:\\laragon\\www\\vipclub\\vendor\\laravel\\framework\\src\\Illuminate\\Routing\\Route.php(794): Illuminate\\Routing\\Route->controllerMiddleware()
#12 C:\\laragon\\www\\vipclub\\vendor\\laravel\\framework\\src\\Illuminate\\Routing\\Router.php(699): Illuminate\\Routing\\Route->gatherMiddleware()
#13 C:\\laragon\\www\\vipclub\\vendor\\laravel\\framework\\src\\Illuminate\\Routing\\Router.php(679): Illuminate\\Routing\\Router->gatherRouteMiddleware(Object(Illuminate\\Routing\\Route))
#14 C:\\laragon\\www\\vipclub\\vendor\\laravel\\framework\\src\\Illuminate\\Routing\\Router.php(663): Illuminate\\Routing\\Router->runRouteWithinStack(Object(Illuminate\\Routing\\Route), Object(Illuminate\\Http\\Request))
#15 C:\\laragon\\www\\vipclub\\vendor\\laravel\\framework\\src\\Illuminate\\Routing\\Router.php(629): Illuminate\\Routing\\Router->runRoute(Object(Illuminate\\Http\\Request), Object(Illuminate\\Routing\\Route))
#16 C:\\laragon\\www\\vipclub\\vendor\\laravel\\framework\\src\\Illuminate\\Routing\\Router.php(618): Illuminate\\Routing\\Router->dispatchToRoute(Object(Illuminate\\Http\\Request))
#17 C:\\laragon\\www\\vipclub\\vendor\\laravel\\framework\\src\\Illuminate\\Foundation\\Http\\Kernel.php(172): Illuminate\\Routing\\Router->dispatch(Object(Illuminate\\Http\\Request))
#18 C:\\laragon\\www\\vipclub\\vendor\\laravel\\framework\\src\\Illuminate\\Pipeline\\Pipeline.php(130): Illuminate\\Foundation\\Http\\Kernel->Illuminate\\Foundation\\Http\\{closure}(Object(Illuminate\\Http\\Request))
#19 C:\\laragon\\www\\vipclub\\vendor\\fideloper\\proxy\\src\\TrustProxies.php(57): Illuminate\\Pipeline\\Pipeline->Illuminate\\Pipeline\\{closure}(Object(Illuminate\\Http\\Request))
#20 C:\\laragon\\www\\vipclub\\vendor\\laravel\\framework\\src\\Illuminate\\Pipeline\\Pipeline.php(171): Fideloper\\Proxy\\TrustProxies->handle(Object(Illuminate\\Http\\Request), Object(Closure))
#21 C:\\laragon\\www\\vipclub\\vendor\\laravel\\framework\\src\\Illuminate\\Foundation\\Http\\Middleware\\TransformsRequest.php(21): Illuminate\\Pipeline\\Pipeline->Illuminate\\Pipeline\\{closure}(Object(Illuminate\\Http\\Request))
#22 C:\\laragon\\www\\vipclub\\vendor\\laravel\\framework\\src\\Illuminate\\Pipeline\\Pipeline.php(171): Illuminate\\Foundation\\Http\\Middleware\\TransformsRequest->handle(Object(Illuminate\\Http\\Request), Object(Closure))
#23 C:\\laragon\\www\\vipclub\\vendor\\laravel\\framework\\src\\Illuminate\\Foundation\\Http\\Middleware\\TransformsRequest.php(21): Illuminate\\Pipeline\\Pipeline->Illuminate\\Pipeline\\{closure}(Object(Illuminate\\Http\\Request))
#24 C:\\laragon\\www\\vipclub\\vendor\\laravel\\framework\\src\\Illuminate\\Pipeline\\Pipeline.php(171): Illuminate\\Foundation\\Http\\Middleware\\TransformsRequest->handle(Object(Illuminate\\Http\\Request), Object(Closure))
#25 C:\\laragon\\www\\vipclub\\vendor\\laravel\\framework\\src\\Illuminate\\Foundation\\Http\\Middleware\\ValidatePostSize.php(27): Illuminate\\Pipeline\\Pipeline->Illuminate\\Pipeline\\{closure}(Object(Illuminate\\Http\\Request))
#26 C:\\laragon\\www\\vipclub\\vendor\\laravel\\framework\\src\\Illuminate\\Pipeline\\Pipeline.php(171): Illuminate\\Foundation\\Http\\Middleware\\ValidatePostSize->handle(Object(Illuminate\\Http\\Request), Object(Closure))
#27 C:\\laragon\\www\\vipclub\\vendor\\laravel\\framework\\src\\Illuminate\\Foundation\\Http\\Middleware\\CheckForMaintenanceMode.php(63): Illuminate\\Pipeline\\Pipeline->Illuminate\\Pipeline\\{closure}(Object(Illuminate\\Http\\Request))
#28 C:\\laragon\\www\\vipclub\\vendor\\laravel\\framework\\src\\Illuminate\\Pipeline\\Pipeline.php(171): Illuminate\\Foundation\\Http\\Middleware\\CheckForMaintenanceMode->handle(Object(Illuminate\\Http\\Request), Object(Closure))
#29 C:\\laragon\\www\\vipclub\\vendor\\laravel\\framework\\src\\Illuminate\\Pipeline\\Pipeline.php(105): Illuminate\\Pipeline\\Pipeline->Illuminate\\Pipeline\\{closure}(Object(Illuminate\\Http\\Request))
#30 C:\\laragon\\www\\vipclub\\vendor\\laravel\\framework\\src\\Illuminate\\Foundation\\Http\\Kernel.php(147): Illuminate\\Pipeline\\Pipeline->then(Object(Closure))
#31 C:\\laragon\\www\\vipclub\\vendor\\laravel\\framework\\src\\Illuminate\\Foundation\\Http\\Kernel.php(112): Illuminate\\Foundation\\Http\\Kernel->sendRequestThroughRouter(Object(Illuminate\\Http\\Request))
#32 C:\\laragon\\www\\vipclub\\index.php(52): Illuminate\\Foundation\\Http\\Kernel->handle(Object(Illuminate\\Http\\Request))
#33 {main}
"} 
[2024-07-31 00:09:22] production.ERROR: Credentials must be an instance of Aws\Credentials\CredentialsInterface, an associative array that contains "key", "secret", and an optional "token" key-value pairs, a credentials provider function, or false. {"exception":"[object] (InvalidArgumentException(code: 0): Credentials must be an instance of Aws\\Credentials\\CredentialsInterface, an associative array that contains \"key\", \"secret\", and an optional \"token\" key-value pairs, a credentials provider function, or false. at C:\\laragon\\www\\vipclub\\vendor\\aws\\aws-sdk-php\\src\\ClientResolver.php:531)
[stacktrace]
#0 C:\\laragon\\www\\vipclub\\vendor\\aws\\aws-sdk-php\\src\\ClientResolver.php(352): Aws\\ClientResolver::_apply_credentials(Array, Array, Object(Aws\\HandlerList))
#1 C:\\laragon\\www\\vipclub\\vendor\\aws\\aws-sdk-php\\src\\AwsClient.php(199): Aws\\ClientResolver->resolve(Array, Object(Aws\\HandlerList))
#2 C:\\laragon\\www\\vipclub\\app\\Http\\Controllers\\LiveStreamController.php(23): Aws\\AwsClient->__construct(Array)
#3 [internal function]: App\\Http\\Controllers\\LiveStreamController->__construct()
#4 C:\\laragon\\www\\vipclub\\vendor\\laravel\\framework\\src\\Illuminate\\Container\\Container.php(843): ReflectionClass->newInstanceArgs(Array)
#5 C:\\laragon\\www\\vipclub\\vendor\\laravel\\framework\\src\\Illuminate\\Container\\Container.php(681): Illuminate\\Container\\Container->build('App\\\\Http\\\\Contro...')
#6 C:\\laragon\\www\\vipclub\\vendor\\laravel\\framework\\src\\Illuminate\\Foundation\\Application.php(785): Illuminate\\Container\\Container->resolve('App\\\\Http\\\\Contro...', Array, true)
#7 C:\\laragon\\www\\vipclub\\vendor\\laravel\\framework\\src\\Illuminate\\Container\\Container.php(629): Illuminate\\Foundation\\Application->resolve('App\\\\Http\\\\Contro...', Array)
#8 C:\\laragon\\www\\vipclub\\vendor\\laravel\\framework\\src\\Illuminate\\Foundation\\Application.php(770): Illuminate\\Container\\Container->make('App\\\\Http\\\\Contro...', Array)
#9 C:\\laragon\\www\\vipclub\\vendor\\laravel\\framework\\src\\Illuminate\\Routing\\Route.php(233): Illuminate\\Foundation\\Application->make('App\\\\Http\\\\Contro...')
#10 C:\\laragon\\www\\vipclub\\vendor\\laravel\\framework\\src\\Illuminate\\Routing\\Route.php(833): Illuminate\\Routing\\Route->getController()
#11 C:\\laragon\\www\\vipclub\\vendor\\laravel\\framework\\src\\Illuminate\\Routing\\Route.php(794): Illuminate\\Routing\\Route->controllerMiddleware()
#12 C:\\laragon\\www\\vipclub\\vendor\\laravel\\framework\\src\\Illuminate\\Routing\\Router.php(699): Illuminate\\Routing\\Route->gatherMiddleware()
#13 C:\\laragon\\www\\vipclub\\vendor\\laravel\\framework\\src\\Illuminate\\Routing\\Router.php(679): Illuminate\\Routing\\Router->gatherRouteMiddleware(Object(Illuminate\\Routing\\Route))
#14 C:\\laragon\\www\\vipclub\\vendor\\laravel\\framework\\src\\Illuminate\\Routing\\Router.php(663): Illuminate\\Routing\\Router->runRouteWithinStack(Object(Illuminate\\Routing\\Route), Object(Illuminate\\Http\\Request))
#15 C:\\laragon\\www\\vipclub\\vendor\\laravel\\framework\\src\\Illuminate\\Routing\\Router.php(629): Illuminate\\Routing\\Router->runRoute(Object(Illuminate\\Http\\Request), Object(Illuminate\\Routing\\Route))
#16 C:\\laragon\\www\\vipclub\\vendor\\laravel\\framework\\src\\Illuminate\\Routing\\Router.php(618): Illuminate\\Routing\\Router->dispatchToRoute(Object(Illuminate\\Http\\Request))
#17 C:\\laragon\\www\\vipclub\\vendor\\laravel\\framework\\src\\Illuminate\\Foundation\\Http\\Kernel.php(172): Illuminate\\Routing\\Router->dispatch(Object(Illuminate\\Http\\Request))
#18 C:\\laragon\\www\\vipclub\\vendor\\laravel\\framework\\src\\Illuminate\\Pipeline\\Pipeline.php(130): Illuminate\\Foundation\\Http\\Kernel->Illuminate\\Foundation\\Http\\{closure}(Object(Illuminate\\Http\\Request))
#19 C:\\laragon\\www\\vipclub\\vendor\\fideloper\\proxy\\src\\TrustProxies.php(57): Illuminate\\Pipeline\\Pipeline->Illuminate\\Pipeline\\{closure}(Object(Illuminate\\Http\\Request))
#20 C:\\laragon\\www\\vipclub\\vendor\\laravel\\framework\\src\\Illuminate\\Pipeline\\Pipeline.php(171): Fideloper\\Proxy\\TrustProxies->handle(Object(Illuminate\\Http\\Request), Object(Closure))
#21 C:\\laragon\\www\\vipclub\\vendor\\laravel\\framework\\src\\Illuminate\\Foundation\\Http\\Middleware\\TransformsRequest.php(21): Illuminate\\Pipeline\\Pipeline->Illuminate\\Pipeline\\{closure}(Object(Illuminate\\Http\\Request))
#22 C:\\laragon\\www\\vipclub\\vendor\\laravel\\framework\\src\\Illuminate\\Pipeline\\Pipeline.php(171): Illuminate\\Foundation\\Http\\Middleware\\TransformsRequest->handle(Object(Illuminate\\Http\\Request), Object(Closure))
#23 C:\\laragon\\www\\vipclub\\vendor\\laravel\\framework\\src\\Illuminate\\Foundation\\Http\\Middleware\\TransformsRequest.php(21): Illuminate\\Pipeline\\Pipeline->Illuminate\\Pipeline\\{closure}(Object(Illuminate\\Http\\Request))
#24 C:\\laragon\\www\\vipclub\\vendor\\laravel\\framework\\src\\Illuminate\\Pipeline\\Pipeline.php(171): Illuminate\\Foundation\\Http\\Middleware\\TransformsRequest->handle(Object(Illuminate\\Http\\Request), Object(Closure))
#25 C:\\laragon\\www\\vipclub\\vendor\\laravel\\framework\\src\\Illuminate\\Foundation\\Http\\Middleware\\ValidatePostSize.php(27): Illuminate\\Pipeline\\Pipeline->Illuminate\\Pipeline\\{closure}(Object(Illuminate\\Http\\Request))
#26 C:\\laragon\\www\\vipclub\\vendor\\laravel\\framework\\src\\Illuminate\\Pipeline\\Pipeline.php(171): Illuminate\\Foundation\\Http\\Middleware\\ValidatePostSize->handle(Object(Illuminate\\Http\\Request), Object(Closure))
#27 C:\\laragon\\www\\vipclub\\vendor\\laravel\\framework\\src\\Illuminate\\Foundation\\Http\\Middleware\\CheckForMaintenanceMode.php(63): Illuminate\\Pipeline\\Pipeline->Illuminate\\Pipeline\\{closure}(Object(Illuminate\\Http\\Request))
#28 C:\\laragon\\www\\vipclub\\vendor\\laravel\\framework\\src\\Illuminate\\Pipeline\\Pipeline.php(171): Illuminate\\Foundation\\Http\\Middleware\\CheckForMaintenanceMode->handle(Object(Illuminate\\Http\\Request), Object(Closure))
#29 C:\\laragon\\www\\vipclub\\vendor\\laravel\\framework\\src\\Illuminate\\Pipeline\\Pipeline.php(105): Illuminate\\Pipeline\\Pipeline->Illuminate\\Pipeline\\{closure}(Object(Illuminate\\Http\\Request))
#30 C:\\laragon\\www\\vipclub\\vendor\\laravel\\framework\\src\\Illuminate\\Foundation\\Http\\Kernel.php(147): Illuminate\\Pipeline\\Pipeline->then(Object(Closure))
#31 C:\\laragon\\www\\vipclub\\vendor\\laravel\\framework\\src\\Illuminate\\Foundation\\Http\\Kernel.php(112): Illuminate\\Foundation\\Http\\Kernel->sendRequestThroughRouter(Object(Illuminate\\Http\\Request))
#32 C:\\laragon\\www\\vipclub\\index.php(52): Illuminate\\Foundation\\Http\\Kernel->handle(Object(Illuminate\\Http\\Request))
#33 {main}
"} 
[2024-07-31 00:09:38] production.ERROR: Credentials must be an instance of Aws\Credentials\CredentialsInterface, an associative array that contains "key", "secret", and an optional "token" key-value pairs, a credentials provider function, or false. {"exception":"[object] (InvalidArgumentException(code: 0): Credentials must be an instance of Aws\\Credentials\\CredentialsInterface, an associative array that contains \"key\", \"secret\", and an optional \"token\" key-value pairs, a credentials provider function, or false. at C:\\laragon\\www\\vipclub\\vendor\\aws\\aws-sdk-php\\src\\ClientResolver.php:531)
[stacktrace]
#0 C:\\laragon\\www\\vipclub\\vendor\\aws\\aws-sdk-php\\src\\ClientResolver.php(352): Aws\\ClientResolver::_apply_credentials(Array, Array, Object(Aws\\HandlerList))
#1 C:\\laragon\\www\\vipclub\\vendor\\aws\\aws-sdk-php\\src\\AwsClient.php(199): Aws\\ClientResolver->resolve(Array, Object(Aws\\HandlerList))
#2 C:\\laragon\\www\\vipclub\\app\\Http\\Controllers\\LiveStreamController.php(23): Aws\\AwsClient->__construct(Array)
#3 [internal function]: App\\Http\\Controllers\\LiveStreamController->__construct()
#4 C:\\laragon\\www\\vipclub\\vendor\\laravel\\framework\\src\\Illuminate\\Container\\Container.php(843): ReflectionClass->newInstanceArgs(Array)
#5 C:\\laragon\\www\\vipclub\\vendor\\laravel\\framework\\src\\Illuminate\\Container\\Container.php(681): Illuminate\\Container\\Container->build('App\\\\Http\\\\Contro...')
#6 C:\\laragon\\www\\vipclub\\vendor\\laravel\\framework\\src\\Illuminate\\Foundation\\Application.php(785): Illuminate\\Container\\Container->resolve('App\\\\Http\\\\Contro...', Array, true)
#7 C:\\laragon\\www\\vipclub\\vendor\\laravel\\framework\\src\\Illuminate\\Container\\Container.php(629): Illuminate\\Foundation\\Application->resolve('App\\\\Http\\\\Contro...', Array)
#8 C:\\laragon\\www\\vipclub\\vendor\\laravel\\framework\\src\\Illuminate\\Foundation\\Application.php(770): Illuminate\\Container\\Container->make('App\\\\Http\\\\Contro...', Array)
#9 C:\\laragon\\www\\vipclub\\vendor\\laravel\\framework\\src\\Illuminate\\Routing\\Route.php(233): Illuminate\\Foundation\\Application->make('App\\\\Http\\\\Contro...')
#10 C:\\laragon\\www\\vipclub\\vendor\\laravel\\framework\\src\\Illuminate\\Routing\\Route.php(833): Illuminate\\Routing\\Route->getController()
#11 C:\\laragon\\www\\vipclub\\vendor\\laravel\\framework\\src\\Illuminate\\Routing\\Route.php(794): Illuminate\\Routing\\Route->controllerMiddleware()
#12 C:\\laragon\\www\\vipclub\\vendor\\laravel\\framework\\src\\Illuminate\\Routing\\Router.php(699): Illuminate\\Routing\\Route->gatherMiddleware()
#13 C:\\laragon\\www\\vipclub\\vendor\\laravel\\framework\\src\\Illuminate\\Routing\\Router.php(679): Illuminate\\Routing\\Router->gatherRouteMiddleware(Object(Illuminate\\Routing\\Route))
#14 C:\\laragon\\www\\vipclub\\vendor\\laravel\\framework\\src\\Illuminate\\Routing\\Router.php(663): Illuminate\\Routing\\Router->runRouteWithinStack(Object(Illuminate\\Routing\\Route), Object(Illuminate\\Http\\Request))
#15 C:\\laragon\\www\\vipclub\\vendor\\laravel\\framework\\src\\Illuminate\\Routing\\Router.php(629): Illuminate\\Routing\\Router->runRoute(Object(Illuminate\\Http\\Request), Object(Illuminate\\Routing\\Route))
#16 C:\\laragon\\www\\vipclub\\vendor\\laravel\\framework\\src\\Illuminate\\Routing\\Router.php(618): Illuminate\\Routing\\Router->dispatchToRoute(Object(Illuminate\\Http\\Request))
#17 C:\\laragon\\www\\vipclub\\vendor\\laravel\\framework\\src\\Illuminate\\Foundation\\Http\\Kernel.php(172): Illuminate\\Routing\\Router->dispatch(Object(Illuminate\\Http\\Request))
#18 C:\\laragon\\www\\vipclub\\vendor\\laravel\\framework\\src\\Illuminate\\Pipeline\\Pipeline.php(130): Illuminate\\Foundation\\Http\\Kernel->Illuminate\\Foundation\\Http\\{closure}(Object(Illuminate\\Http\\Request))
#19 C:\\laragon\\www\\vipclub\\vendor\\fideloper\\proxy\\src\\TrustProxies.php(57): Illuminate\\Pipeline\\Pipeline->Illuminate\\Pipeline\\{closure}(Object(Illuminate\\Http\\Request))
#20 C:\\laragon\\www\\vipclub\\vendor\\laravel\\framework\\src\\Illuminate\\Pipeline\\Pipeline.php(171): Fideloper\\Proxy\\TrustProxies->handle(Object(Illuminate\\Http\\Request), Object(Closure))
#21 C:\\laragon\\www\\vipclub\\vendor\\laravel\\framework\\src\\Illuminate\\Foundation\\Http\\Middleware\\TransformsRequest.php(21): Illuminate\\Pipeline\\Pipeline->Illuminate\\Pipeline\\{closure}(Object(Illuminate\\Http\\Request))
#22 C:\\laragon\\www\\vipclub\\vendor\\laravel\\framework\\src\\Illuminate\\Pipeline\\Pipeline.php(171): Illuminate\\Foundation\\Http\\Middleware\\TransformsRequest->handle(Object(Illuminate\\Http\\Request), Object(Closure))
#23 C:\\laragon\\www\\vipclub\\vendor\\laravel\\framework\\src\\Illuminate\\Foundation\\Http\\Middleware\\TransformsRequest.php(21): Illuminate\\Pipeline\\Pipeline->Illuminate\\Pipeline\\{closure}(Object(Illuminate\\Http\\Request))
#24 C:\\laragon\\www\\vipclub\\vendor\\laravel\\framework\\src\\Illuminate\\Pipeline\\Pipeline.php(171): Illuminate\\Foundation\\Http\\Middleware\\TransformsRequest->handle(Object(Illuminate\\Http\\Request), Object(Closure))
#25 C:\\laragon\\www\\vipclub\\vendor\\laravel\\framework\\src\\Illuminate\\Foundation\\Http\\Middleware\\ValidatePostSize.php(27): Illuminate\\Pipeline\\Pipeline->Illuminate\\Pipeline\\{closure}(Object(Illuminate\\Http\\Request))
#26 C:\\laragon\\www\\vipclub\\vendor\\laravel\\framework\\src\\Illuminate\\Pipeline\\Pipeline.php(171): Illuminate\\Foundation\\Http\\Middleware\\ValidatePostSize->handle(Object(Illuminate\\Http\\Request), Object(Closure))
#27 C:\\laragon\\www\\vipclub\\vendor\\laravel\\framework\\src\\Illuminate\\Foundation\\Http\\Middleware\\CheckForMaintenanceMode.php(63): Illuminate\\Pipeline\\Pipeline->Illuminate\\Pipeline\\{closure}(Object(Illuminate\\Http\\Request))
#28 C:\\laragon\\www\\vipclub\\vendor\\laravel\\framework\\src\\Illuminate\\Pipeline\\Pipeline.php(171): Illuminate\\Foundation\\Http\\Middleware\\CheckForMaintenanceMode->handle(Object(Illuminate\\Http\\Request), Object(Closure))
#29 C:\\laragon\\www\\vipclub\\vendor\\laravel\\framework\\src\\Illuminate\\Pipeline\\Pipeline.php(105): Illuminate\\Pipeline\\Pipeline->Illuminate\\Pipeline\\{closure}(Object(Illuminate\\Http\\Request))
#30 C:\\laragon\\www\\vipclub\\vendor\\laravel\\framework\\src\\Illuminate\\Foundation\\Http\\Kernel.php(147): Illuminate\\Pipeline\\Pipeline->then(Object(Closure))
#31 C:\\laragon\\www\\vipclub\\vendor\\laravel\\framework\\src\\Illuminate\\Foundation\\Http\\Kernel.php(112): Illuminate\\Foundation\\Http\\Kernel->sendRequestThroughRouter(Object(Illuminate\\Http\\Request))
#32 C:\\laragon\\www\\vipclub\\index.php(52): Illuminate\\Foundation\\Http\\Kernel->handle(Object(Illuminate\\Http\\Request))
#33 {main}
"} 
[2024-07-31 00:09:39] production.ERROR: Credentials must be an instance of Aws\Credentials\CredentialsInterface, an associative array that contains "key", "secret", and an optional "token" key-value pairs, a credentials provider function, or false. {"exception":"[object] (InvalidArgumentException(code: 0): Credentials must be an instance of Aws\\Credentials\\CredentialsInterface, an associative array that contains \"key\", \"secret\", and an optional \"token\" key-value pairs, a credentials provider function, or false. at C:\\laragon\\www\\vipclub\\vendor\\aws\\aws-sdk-php\\src\\ClientResolver.php:531)
[stacktrace]
#0 C:\\laragon\\www\\vipclub\\vendor\\aws\\aws-sdk-php\\src\\ClientResolver.php(352): Aws\\ClientResolver::_apply_credentials(Array, Array, Object(Aws\\HandlerList))
#1 C:\\laragon\\www\\vipclub\\vendor\\aws\\aws-sdk-php\\src\\AwsClient.php(199): Aws\\ClientResolver->resolve(Array, Object(Aws\\HandlerList))
#2 C:\\laragon\\www\\vipclub\\app\\Http\\Controllers\\LiveStreamController.php(23): Aws\\AwsClient->__construct(Array)
#3 [internal function]: App\\Http\\Controllers\\LiveStreamController->__construct()
#4 C:\\laragon\\www\\vipclub\\vendor\\laravel\\framework\\src\\Illuminate\\Container\\Container.php(843): ReflectionClass->newInstanceArgs(Array)
#5 C:\\laragon\\www\\vipclub\\vendor\\laravel\\framework\\src\\Illuminate\\Container\\Container.php(681): Illuminate\\Container\\Container->build('App\\\\Http\\\\Contro...')
#6 C:\\laragon\\www\\vipclub\\vendor\\laravel\\framework\\src\\Illuminate\\Foundation\\Application.php(785): Illuminate\\Container\\Container->resolve('App\\\\Http\\\\Contro...', Array, true)
#7 C:\\laragon\\www\\vipclub\\vendor\\laravel\\framework\\src\\Illuminate\\Container\\Container.php(629): Illuminate\\Foundation\\Application->resolve('App\\\\Http\\\\Contro...', Array)
#8 C:\\laragon\\www\\vipclub\\vendor\\laravel\\framework\\src\\Illuminate\\Foundation\\Application.php(770): Illuminate\\Container\\Container->make('App\\\\Http\\\\Contro...', Array)
#9 C:\\laragon\\www\\vipclub\\vendor\\laravel\\framework\\src\\Illuminate\\Routing\\Route.php(233): Illuminate\\Foundation\\Application->make('App\\\\Http\\\\Contro...')
#10 C:\\laragon\\www\\vipclub\\vendor\\laravel\\framework\\src\\Illuminate\\Routing\\Route.php(833): Illuminate\\Routing\\Route->getController()
#11 C:\\laragon\\www\\vipclub\\vendor\\laravel\\framework\\src\\Illuminate\\Routing\\Route.php(794): Illuminate\\Routing\\Route->controllerMiddleware()
#12 C:\\laragon\\www\\vipclub\\vendor\\laravel\\framework\\src\\Illuminate\\Routing\\Router.php(699): Illuminate\\Routing\\Route->gatherMiddleware()
#13 C:\\laragon\\www\\vipclub\\vendor\\laravel\\framework\\src\\Illuminate\\Routing\\Router.php(679): Illuminate\\Routing\\Router->gatherRouteMiddleware(Object(Illuminate\\Routing\\Route))
#14 C:\\laragon\\www\\vipclub\\vendor\\laravel\\framework\\src\\Illuminate\\Routing\\Router.php(663): Illuminate\\Routing\\Router->runRouteWithinStack(Object(Illuminate\\Routing\\Route), Object(Illuminate\\Http\\Request))
#15 C:\\laragon\\www\\vipclub\\vendor\\laravel\\framework\\src\\Illuminate\\Routing\\Router.php(629): Illuminate\\Routing\\Router->runRoute(Object(Illuminate\\Http\\Request), Object(Illuminate\\Routing\\Route))
#16 C:\\laragon\\www\\vipclub\\vendor\\laravel\\framework\\src\\Illuminate\\Routing\\Router.php(618): Illuminate\\Routing\\Router->dispatchToRoute(Object(Illuminate\\Http\\Request))
#17 C:\\laragon\\www\\vipclub\\vendor\\laravel\\framework\\src\\Illuminate\\Foundation\\Http\\Kernel.php(172): Illuminate\\Routing\\Router->dispatch(Object(Illuminate\\Http\\Request))
#18 C:\\laragon\\www\\vipclub\\vendor\\laravel\\framework\\src\\Illuminate\\Pipeline\\Pipeline.php(130): Illuminate\\Foundation\\Http\\Kernel->Illuminate\\Foundation\\Http\\{closure}(Object(Illuminate\\Http\\Request))
#19 C:\\laragon\\www\\vipclub\\vendor\\fideloper\\proxy\\src\\TrustProxies.php(57): Illuminate\\Pipeline\\Pipeline->Illuminate\\Pipeline\\{closure}(Object(Illuminate\\Http\\Request))
#20 C:\\laragon\\www\\vipclub\\vendor\\laravel\\framework\\src\\Illuminate\\Pipeline\\Pipeline.php(171): Fideloper\\Proxy\\TrustProxies->handle(Object(Illuminate\\Http\\Request), Object(Closure))
#21 C:\\laragon\\www\\vipclub\\vendor\\laravel\\framework\\src\\Illuminate\\Foundation\\Http\\Middleware\\TransformsRequest.php(21): Illuminate\\Pipeline\\Pipeline->Illuminate\\Pipeline\\{closure}(Object(Illuminate\\Http\\Request))
#22 C:\\laragon\\www\\vipclub\\vendor\\laravel\\framework\\src\\Illuminate\\Pipeline\\Pipeline.php(171): Illuminate\\Foundation\\Http\\Middleware\\TransformsRequest->handle(Object(Illuminate\\Http\\Request), Object(Closure))
#23 C:\\laragon\\www\\vipclub\\vendor\\laravel\\framework\\src\\Illuminate\\Foundation\\Http\\Middleware\\TransformsRequest.php(21): Illuminate\\Pipeline\\Pipeline->Illuminate\\Pipeline\\{closure}(Object(Illuminate\\Http\\Request))
#24 C:\\laragon\\www\\vipclub\\vendor\\laravel\\framework\\src\\Illuminate\\Pipeline\\Pipeline.php(171): Illuminate\\Foundation\\Http\\Middleware\\TransformsRequest->handle(Object(Illuminate\\Http\\Request), Object(Closure))
#25 C:\\laragon\\www\\vipclub\\vendor\\laravel\\framework\\src\\Illuminate\\Foundation\\Http\\Middleware\\ValidatePostSize.php(27): Illuminate\\Pipeline\\Pipeline->Illuminate\\Pipeline\\{closure}(Object(Illuminate\\Http\\Request))
#26 C:\\laragon\\www\\vipclub\\vendor\\laravel\\framework\\src\\Illuminate\\Pipeline\\Pipeline.php(171): Illuminate\\Foundation\\Http\\Middleware\\ValidatePostSize->handle(Object(Illuminate\\Http\\Request), Object(Closure))
#27 C:\\laragon\\www\\vipclub\\vendor\\laravel\\framework\\src\\Illuminate\\Foundation\\Http\\Middleware\\CheckForMaintenanceMode.php(63): Illuminate\\Pipeline\\Pipeline->Illuminate\\Pipeline\\{closure}(Object(Illuminate\\Http\\Request))
#28 C:\\laragon\\www\\vipclub\\vendor\\laravel\\framework\\src\\Illuminate\\Pipeline\\Pipeline.php(171): Illuminate\\Foundation\\Http\\Middleware\\CheckForMaintenanceMode->handle(Object(Illuminate\\Http\\Request), Object(Closure))
#29 C:\\laragon\\www\\vipclub\\vendor\\laravel\\framework\\src\\Illuminate\\Pipeline\\Pipeline.php(105): Illuminate\\Pipeline\\Pipeline->Illuminate\\Pipeline\\{closure}(Object(Illuminate\\Http\\Request))
#30 C:\\laragon\\www\\vipclub\\vendor\\laravel\\framework\\src\\Illuminate\\Foundation\\Http\\Kernel.php(147): Illuminate\\Pipeline\\Pipeline->then(Object(Closure))
#31 C:\\laragon\\www\\vipclub\\vendor\\laravel\\framework\\src\\Illuminate\\Foundation\\Http\\Kernel.php(112): Illuminate\\Foundation\\Http\\Kernel->sendRequestThroughRouter(Object(Illuminate\\Http\\Request))
#32 C:\\laragon\\www\\vipclub\\index.php(52): Illuminate\\Foundation\\Http\\Kernel->handle(Object(Illuminate\\Http\\Request))
#33 {main}
"} 
[2024-07-31 00:10:29] production.ERROR: Credentials must be an instance of Aws\Credentials\CredentialsInterface, an associative array that contains "key", "secret", and an optional "token" key-value pairs, a credentials provider function, or false. {"exception":"[object] (InvalidArgumentException(code: 0): Credentials must be an instance of Aws\\Credentials\\CredentialsInterface, an associative array that contains \"key\", \"secret\", and an optional \"token\" key-value pairs, a credentials provider function, or false. at C:\\laragon\\www\\vipclub\\vendor\\aws\\aws-sdk-php\\src\\ClientResolver.php:531)
[stacktrace]
#0 C:\\laragon\\www\\vipclub\\vendor\\aws\\aws-sdk-php\\src\\ClientResolver.php(352): Aws\\ClientResolver::_apply_credentials(Array, Array, Object(Aws\\HandlerList))
#1 C:\\laragon\\www\\vipclub\\vendor\\aws\\aws-sdk-php\\src\\AwsClient.php(199): Aws\\ClientResolver->resolve(Array, Object(Aws\\HandlerList))
#2 C:\\laragon\\www\\vipclub\\app\\Http\\Controllers\\LiveStreamController.php(23): Aws\\AwsClient->__construct(Array)
#3 [internal function]: App\\Http\\Controllers\\LiveStreamController->__construct()
#4 C:\\laragon\\www\\vipclub\\vendor\\laravel\\framework\\src\\Illuminate\\Container\\Container.php(843): ReflectionClass->newInstanceArgs(Array)
#5 C:\\laragon\\www\\vipclub\\vendor\\laravel\\framework\\src\\Illuminate\\Container\\Container.php(681): Illuminate\\Container\\Container->build('App\\\\Http\\\\Contro...')
#6 C:\\laragon\\www\\vipclub\\vendor\\laravel\\framework\\src\\Illuminate\\Foundation\\Application.php(785): Illuminate\\Container\\Container->resolve('App\\\\Http\\\\Contro...', Array, true)
#7 C:\\laragon\\www\\vipclub\\vendor\\laravel\\framework\\src\\Illuminate\\Container\\Container.php(629): Illuminate\\Foundation\\Application->resolve('App\\\\Http\\\\Contro...', Array)
#8 C:\\laragon\\www\\vipclub\\vendor\\laravel\\framework\\src\\Illuminate\\Foundation\\Application.php(770): Illuminate\\Container\\Container->make('App\\\\Http\\\\Contro...', Array)
#9 C:\\laragon\\www\\vipclub\\vendor\\laravel\\framework\\src\\Illuminate\\Routing\\Route.php(233): Illuminate\\Foundation\\Application->make('App\\\\Http\\\\Contro...')
#10 C:\\laragon\\www\\vipclub\\vendor\\laravel\\framework\\src\\Illuminate\\Routing\\Route.php(833): Illuminate\\Routing\\Route->getController()
#11 C:\\laragon\\www\\vipclub\\vendor\\laravel\\framework\\src\\Illuminate\\Routing\\Route.php(794): Illuminate\\Routing\\Route->controllerMiddleware()
#12 C:\\laragon\\www\\vipclub\\vendor\\laravel\\framework\\src\\Illuminate\\Routing\\Router.php(699): Illuminate\\Routing\\Route->gatherMiddleware()
#13 C:\\laragon\\www\\vipclub\\vendor\\laravel\\framework\\src\\Illuminate\\Routing\\Router.php(679): Illuminate\\Routing\\Router->gatherRouteMiddleware(Object(Illuminate\\Routing\\Route))
#14 C:\\laragon\\www\\vipclub\\vendor\\laravel\\framework\\src\\Illuminate\\Routing\\Router.php(663): Illuminate\\Routing\\Router->runRouteWithinStack(Object(Illuminate\\Routing\\Route), Object(Illuminate\\Http\\Request))
#15 C:\\laragon\\www\\vipclub\\vendor\\laravel\\framework\\src\\Illuminate\\Routing\\Router.php(629): Illuminate\\Routing\\Router->runRoute(Object(Illuminate\\Http\\Request), Object(Illuminate\\Routing\\Route))
#16 C:\\laragon\\www\\vipclub\\vendor\\laravel\\framework\\src\\Illuminate\\Routing\\Router.php(618): Illuminate\\Routing\\Router->dispatchToRoute(Object(Illuminate\\Http\\Request))
#17 C:\\laragon\\www\\vipclub\\vendor\\laravel\\framework\\src\\Illuminate\\Foundation\\Http\\Kernel.php(172): Illuminate\\Routing\\Router->dispatch(Object(Illuminate\\Http\\Request))
#18 C:\\laragon\\www\\vipclub\\vendor\\laravel\\framework\\src\\Illuminate\\Pipeline\\Pipeline.php(130): Illuminate\\Foundation\\Http\\Kernel->Illuminate\\Foundation\\Http\\{closure}(Object(Illuminate\\Http\\Request))
#19 C:\\laragon\\www\\vipclub\\vendor\\fideloper\\proxy\\src\\TrustProxies.php(57): Illuminate\\Pipeline\\Pipeline->Illuminate\\Pipeline\\{closure}(Object(Illuminate\\Http\\Request))
#20 C:\\laragon\\www\\vipclub\\vendor\\laravel\\framework\\src\\Illuminate\\Pipeline\\Pipeline.php(171): Fideloper\\Proxy\\TrustProxies->handle(Object(Illuminate\\Http\\Request), Object(Closure))
#21 C:\\laragon\\www\\vipclub\\vendor\\laravel\\framework\\src\\Illuminate\\Foundation\\Http\\Middleware\\TransformsRequest.php(21): Illuminate\\Pipeline\\Pipeline->Illuminate\\Pipeline\\{closure}(Object(Illuminate\\Http\\Request))
#22 C:\\laragon\\www\\vipclub\\vendor\\laravel\\framework\\src\\Illuminate\\Pipeline\\Pipeline.php(171): Illuminate\\Foundation\\Http\\Middleware\\TransformsRequest->handle(Object(Illuminate\\Http\\Request), Object(Closure))
#23 C:\\laragon\\www\\vipclub\\vendor\\laravel\\framework\\src\\Illuminate\\Foundation\\Http\\Middleware\\TransformsRequest.php(21): Illuminate\\Pipeline\\Pipeline->Illuminate\\Pipeline\\{closure}(Object(Illuminate\\Http\\Request))
#24 C:\\laragon\\www\\vipclub\\vendor\\laravel\\framework\\src\\Illuminate\\Pipeline\\Pipeline.php(171): Illuminate\\Foundation\\Http\\Middleware\\TransformsRequest->handle(Object(Illuminate\\Http\\Request), Object(Closure))
#25 C:\\laragon\\www\\vipclub\\vendor\\laravel\\framework\\src\\Illuminate\\Foundation\\Http\\Middleware\\ValidatePostSize.php(27): Illuminate\\Pipeline\\Pipeline->Illuminate\\Pipeline\\{closure}(Object(Illuminate\\Http\\Request))
#26 C:\\laragon\\www\\vipclub\\vendor\\laravel\\framework\\src\\Illuminate\\Pipeline\\Pipeline.php(171): Illuminate\\Foundation\\Http\\Middleware\\ValidatePostSize->handle(Object(Illuminate\\Http\\Request), Object(Closure))
#27 C:\\laragon\\www\\vipclub\\vendor\\laravel\\framework\\src\\Illuminate\\Foundation\\Http\\Middleware\\CheckForMaintenanceMode.php(63): Illuminate\\Pipeline\\Pipeline->Illuminate\\Pipeline\\{closure}(Object(Illuminate\\Http\\Request))
#28 C:\\laragon\\www\\vipclub\\vendor\\laravel\\framework\\src\\Illuminate\\Pipeline\\Pipeline.php(171): Illuminate\\Foundation\\Http\\Middleware\\CheckForMaintenanceMode->handle(Object(Illuminate\\Http\\Request), Object(Closure))
#29 C:\\laragon\\www\\vipclub\\vendor\\laravel\\framework\\src\\Illuminate\\Pipeline\\Pipeline.php(105): Illuminate\\Pipeline\\Pipeline->Illuminate\\Pipeline\\{closure}(Object(Illuminate\\Http\\Request))
#30 C:\\laragon\\www\\vipclub\\vendor\\laravel\\framework\\src\\Illuminate\\Foundation\\Http\\Kernel.php(147): Illuminate\\Pipeline\\Pipeline->then(Object(Closure))
#31 C:\\laragon\\www\\vipclub\\vendor\\laravel\\framework\\src\\Illuminate\\Foundation\\Http\\Kernel.php(112): Illuminate\\Foundation\\Http\\Kernel->sendRequestThroughRouter(Object(Illuminate\\Http\\Request))
#32 C:\\laragon\\www\\vipclub\\index.php(52): Illuminate\\Foundation\\Http\\Kernel->handle(Object(Illuminate\\Http\\Request))
#33 {main}
"} 
[2024-07-31 00:10:33] production.ERROR: Credentials must be an instance of Aws\Credentials\CredentialsInterface, an associative array that contains "key", "secret", and an optional "token" key-value pairs, a credentials provider function, or false. {"exception":"[object] (InvalidArgumentException(code: 0): Credentials must be an instance of Aws\\Credentials\\CredentialsInterface, an associative array that contains \"key\", \"secret\", and an optional \"token\" key-value pairs, a credentials provider function, or false. at C:\\laragon\\www\\vipclub\\vendor\\aws\\aws-sdk-php\\src\\ClientResolver.php:531)
[stacktrace]
#0 C:\\laragon\\www\\vipclub\\vendor\\aws\\aws-sdk-php\\src\\ClientResolver.php(352): Aws\\ClientResolver::_apply_credentials(Array, Array, Object(Aws\\HandlerList))
#1 C:\\laragon\\www\\vipclub\\vendor\\aws\\aws-sdk-php\\src\\AwsClient.php(199): Aws\\ClientResolver->resolve(Array, Object(Aws\\HandlerList))
#2 C:\\laragon\\www\\vipclub\\app\\Http\\Controllers\\LiveStreamController.php(23): Aws\\AwsClient->__construct(Array)
#3 [internal function]: App\\Http\\Controllers\\LiveStreamController->__construct()
#4 C:\\laragon\\www\\vipclub\\vendor\\laravel\\framework\\src\\Illuminate\\Container\\Container.php(843): ReflectionClass->newInstanceArgs(Array)
#5 C:\\laragon\\www\\vipclub\\vendor\\laravel\\framework\\src\\Illuminate\\Container\\Container.php(681): Illuminate\\Container\\Container->build('App\\\\Http\\\\Contro...')
#6 C:\\laragon\\www\\vipclub\\vendor\\laravel\\framework\\src\\Illuminate\\Foundation\\Application.php(785): Illuminate\\Container\\Container->resolve('App\\\\Http\\\\Contro...', Array, true)
#7 C:\\laragon\\www\\vipclub\\vendor\\laravel\\framework\\src\\Illuminate\\Container\\Container.php(629): Illuminate\\Foundation\\Application->resolve('App\\\\Http\\\\Contro...', Array)
#8 C:\\laragon\\www\\vipclub\\vendor\\laravel\\framework\\src\\Illuminate\\Foundation\\Application.php(770): Illuminate\\Container\\Container->make('App\\\\Http\\\\Contro...', Array)
#9 C:\\laragon\\www\\vipclub\\vendor\\laravel\\framework\\src\\Illuminate\\Routing\\Route.php(233): Illuminate\\Foundation\\Application->make('App\\\\Http\\\\Contro...')
#10 C:\\laragon\\www\\vipclub\\vendor\\laravel\\framework\\src\\Illuminate\\Routing\\Route.php(833): Illuminate\\Routing\\Route->getController()
#11 C:\\laragon\\www\\vipclub\\vendor\\laravel\\framework\\src\\Illuminate\\Routing\\Route.php(794): Illuminate\\Routing\\Route->controllerMiddleware()
#12 C:\\laragon\\www\\vipclub\\vendor\\laravel\\framework\\src\\Illuminate\\Routing\\Router.php(699): Illuminate\\Routing\\Route->gatherMiddleware()
#13 C:\\laragon\\www\\vipclub\\vendor\\laravel\\framework\\src\\Illuminate\\Routing\\Router.php(679): Illuminate\\Routing\\Router->gatherRouteMiddleware(Object(Illuminate\\Routing\\Route))
#14 C:\\laragon\\www\\vipclub\\vendor\\laravel\\framework\\src\\Illuminate\\Routing\\Router.php(663): Illuminate\\Routing\\Router->runRouteWithinStack(Object(Illuminate\\Routing\\Route), Object(Illuminate\\Http\\Request))
#15 C:\\laragon\\www\\vipclub\\vendor\\laravel\\framework\\src\\Illuminate\\Routing\\Router.php(629): Illuminate\\Routing\\Router->runRoute(Object(Illuminate\\Http\\Request), Object(Illuminate\\Routing\\Route))
#16 C:\\laragon\\www\\vipclub\\vendor\\laravel\\framework\\src\\Illuminate\\Routing\\Router.php(618): Illuminate\\Routing\\Router->dispatchToRoute(Object(Illuminate\\Http\\Request))
#17 C:\\laragon\\www\\vipclub\\vendor\\laravel\\framework\\src\\Illuminate\\Foundation\\Http\\Kernel.php(172): Illuminate\\Routing\\Router->dispatch(Object(Illuminate\\Http\\Request))
#18 C:\\laragon\\www\\vipclub\\vendor\\laravel\\framework\\src\\Illuminate\\Pipeline\\Pipeline.php(130): Illuminate\\Foundation\\Http\\Kernel->Illuminate\\Foundation\\Http\\{closure}(Object(Illuminate\\Http\\Request))
#19 C:\\laragon\\www\\vipclub\\vendor\\fideloper\\proxy\\src\\TrustProxies.php(57): Illuminate\\Pipeline\\Pipeline->Illuminate\\Pipeline\\{closure}(Object(Illuminate\\Http\\Request))
#20 C:\\laragon\\www\\vipclub\\vendor\\laravel\\framework\\src\\Illuminate\\Pipeline\\Pipeline.php(171): Fideloper\\Proxy\\TrustProxies->handle(Object(Illuminate\\Http\\Request), Object(Closure))
#21 C:\\laragon\\www\\vipclub\\vendor\\laravel\\framework\\src\\Illuminate\\Foundation\\Http\\Middleware\\TransformsRequest.php(21): Illuminate\\Pipeline\\Pipeline->Illuminate\\Pipeline\\{closure}(Object(Illuminate\\Http\\Request))
#22 C:\\laragon\\www\\vipclub\\vendor\\laravel\\framework\\src\\Illuminate\\Pipeline\\Pipeline.php(171): Illuminate\\Foundation\\Http\\Middleware\\TransformsRequest->handle(Object(Illuminate\\Http\\Request), Object(Closure))
#23 C:\\laragon\\www\\vipclub\\vendor\\laravel\\framework\\src\\Illuminate\\Foundation\\Http\\Middleware\\TransformsRequest.php(21): Illuminate\\Pipeline\\Pipeline->Illuminate\\Pipeline\\{closure}(Object(Illuminate\\Http\\Request))
#24 C:\\laragon\\www\\vipclub\\vendor\\laravel\\framework\\src\\Illuminate\\Pipeline\\Pipeline.php(171): Illuminate\\Foundation\\Http\\Middleware\\TransformsRequest->handle(Object(Illuminate\\Http\\Request), Object(Closure))
#25 C:\\laragon\\www\\vipclub\\vendor\\laravel\\framework\\src\\Illuminate\\Foundation\\Http\\Middleware\\ValidatePostSize.php(27): Illuminate\\Pipeline\\Pipeline->Illuminate\\Pipeline\\{closure}(Object(Illuminate\\Http\\Request))
#26 C:\\laragon\\www\\vipclub\\vendor\\laravel\\framework\\src\\Illuminate\\Pipeline\\Pipeline.php(171): Illuminate\\Foundation\\Http\\Middleware\\ValidatePostSize->handle(Object(Illuminate\\Http\\Request), Object(Closure))
#27 C:\\laragon\\www\\vipclub\\vendor\\laravel\\framework\\src\\Illuminate\\Foundation\\Http\\Middleware\\CheckForMaintenanceMode.php(63): Illuminate\\Pipeline\\Pipeline->Illuminate\\Pipeline\\{closure}(Object(Illuminate\\Http\\Request))
#28 C:\\laragon\\www\\vipclub\\vendor\\laravel\\framework\\src\\Illuminate\\Pipeline\\Pipeline.php(171): Illuminate\\Foundation\\Http\\Middleware\\CheckForMaintenanceMode->handle(Object(Illuminate\\Http\\Request), Object(Closure))
#29 C:\\laragon\\www\\vipclub\\vendor\\laravel\\framework\\src\\Illuminate\\Pipeline\\Pipeline.php(105): Illuminate\\Pipeline\\Pipeline->Illuminate\\Pipeline\\{closure}(Object(Illuminate\\Http\\Request))
#30 C:\\laragon\\www\\vipclub\\vendor\\laravel\\framework\\src\\Illuminate\\Foundation\\Http\\Kernel.php(147): Illuminate\\Pipeline\\Pipeline->then(Object(Closure))
#31 C:\\laragon\\www\\vipclub\\vendor\\laravel\\framework\\src\\Illuminate\\Foundation\\Http\\Kernel.php(112): Illuminate\\Foundation\\Http\\Kernel->sendRequestThroughRouter(Object(Illuminate\\Http\\Request))
#32 C:\\laragon\\www\\vipclub\\index.php(52): Illuminate\\Foundation\\Http\\Kernel->handle(Object(Illuminate\\Http\\Request))
#33 {main}
"} 
[2024-07-31 00:10:38] production.ERROR: Credentials must be an instance of Aws\Credentials\CredentialsInterface, an associative array that contains "key", "secret", and an optional "token" key-value pairs, a credentials provider function, or false. {"exception":"[object] (InvalidArgumentException(code: 0): Credentials must be an instance of Aws\\Credentials\\CredentialsInterface, an associative array that contains \"key\", \"secret\", and an optional \"token\" key-value pairs, a credentials provider function, or false. at C:\\laragon\\www\\vipclub\\vendor\\aws\\aws-sdk-php\\src\\ClientResolver.php:531)
[stacktrace]
#0 C:\\laragon\\www\\vipclub\\vendor\\aws\\aws-sdk-php\\src\\ClientResolver.php(352): Aws\\ClientResolver::_apply_credentials(Array, Array, Object(Aws\\HandlerList))
#1 C:\\laragon\\www\\vipclub\\vendor\\aws\\aws-sdk-php\\src\\AwsClient.php(199): Aws\\ClientResolver->resolve(Array, Object(Aws\\HandlerList))
#2 C:\\laragon\\www\\vipclub\\app\\Http\\Controllers\\LiveStreamController.php(23): Aws\\AwsClient->__construct(Array)
#3 [internal function]: App\\Http\\Controllers\\LiveStreamController->__construct()
#4 C:\\laragon\\www\\vipclub\\vendor\\laravel\\framework\\src\\Illuminate\\Container\\Container.php(843): ReflectionClass->newInstanceArgs(Array)
#5 C:\\laragon\\www\\vipclub\\vendor\\laravel\\framework\\src\\Illuminate\\Container\\Container.php(681): Illuminate\\Container\\Container->build('App\\\\Http\\\\Contro...')
#6 C:\\laragon\\www\\vipclub\\vendor\\laravel\\framework\\src\\Illuminate\\Foundation\\Application.php(785): Illuminate\\Container\\Container->resolve('App\\\\Http\\\\Contro...', Array, true)
#7 C:\\laragon\\www\\vipclub\\vendor\\laravel\\framework\\src\\Illuminate\\Container\\Container.php(629): Illuminate\\Foundation\\Application->resolve('App\\\\Http\\\\Contro...', Array)
#8 C:\\laragon\\www\\vipclub\\vendor\\laravel\\framework\\src\\Illuminate\\Foundation\\Application.php(770): Illuminate\\Container\\Container->make('App\\\\Http\\\\Contro...', Array)
#9 C:\\laragon\\www\\vipclub\\vendor\\laravel\\framework\\src\\Illuminate\\Routing\\Route.php(233): Illuminate\\Foundation\\Application->make('App\\\\Http\\\\Contro...')
#10 C:\\laragon\\www\\vipclub\\vendor\\laravel\\framework\\src\\Illuminate\\Routing\\Route.php(833): Illuminate\\Routing\\Route->getController()
#11 C:\\laragon\\www\\vipclub\\vendor\\laravel\\framework\\src\\Illuminate\\Routing\\Route.php(794): Illuminate\\Routing\\Route->controllerMiddleware()
#12 C:\\laragon\\www\\vipclub\\vendor\\laravel\\framework\\src\\Illuminate\\Routing\\Router.php(699): Illuminate\\Routing\\Route->gatherMiddleware()
#13 C:\\laragon\\www\\vipclub\\vendor\\laravel\\framework\\src\\Illuminate\\Routing\\Router.php(679): Illuminate\\Routing\\Router->gatherRouteMiddleware(Object(Illuminate\\Routing\\Route))
#14 C:\\laragon\\www\\vipclub\\vendor\\laravel\\framework\\src\\Illuminate\\Routing\\Router.php(663): Illuminate\\Routing\\Router->runRouteWithinStack(Object(Illuminate\\Routing\\Route), Object(Illuminate\\Http\\Request))
#15 C:\\laragon\\www\\vipclub\\vendor\\laravel\\framework\\src\\Illuminate\\Routing\\Router.php(629): Illuminate\\Routing\\Router->runRoute(Object(Illuminate\\Http\\Request), Object(Illuminate\\Routing\\Route))
#16 C:\\laragon\\www\\vipclub\\vendor\\laravel\\framework\\src\\Illuminate\\Routing\\Router.php(618): Illuminate\\Routing\\Router->dispatchToRoute(Object(Illuminate\\Http\\Request))
#17 C:\\laragon\\www\\vipclub\\vendor\\laravel\\framework\\src\\Illuminate\\Foundation\\Http\\Kernel.php(172): Illuminate\\Routing\\Router->dispatch(Object(Illuminate\\Http\\Request))
#18 C:\\laragon\\www\\vipclub\\vendor\\laravel\\framework\\src\\Illuminate\\Pipeline\\Pipeline.php(130): Illuminate\\Foundation\\Http\\Kernel->Illuminate\\Foundation\\Http\\{closure}(Object(Illuminate\\Http\\Request))
#19 C:\\laragon\\www\\vipclub\\vendor\\fideloper\\proxy\\src\\TrustProxies.php(57): Illuminate\\Pipeline\\Pipeline->Illuminate\\Pipeline\\{closure}(Object(Illuminate\\Http\\Request))
#20 C:\\laragon\\www\\vipclub\\vendor\\laravel\\framework\\src\\Illuminate\\Pipeline\\Pipeline.php(171): Fideloper\\Proxy\\TrustProxies->handle(Object(Illuminate\\Http\\Request), Object(Closure))
#21 C:\\laragon\\www\\vipclub\\vendor\\laravel\\framework\\src\\Illuminate\\Foundation\\Http\\Middleware\\TransformsRequest.php(21): Illuminate\\Pipeline\\Pipeline->Illuminate\\Pipeline\\{closure}(Object(Illuminate\\Http\\Request))
#22 C:\\laragon\\www\\vipclub\\vendor\\laravel\\framework\\src\\Illuminate\\Pipeline\\Pipeline.php(171): Illuminate\\Foundation\\Http\\Middleware\\TransformsRequest->handle(Object(Illuminate\\Http\\Request), Object(Closure))
#23 C:\\laragon\\www\\vipclub\\vendor\\laravel\\framework\\src\\Illuminate\\Foundation\\Http\\Middleware\\TransformsRequest.php(21): Illuminate\\Pipeline\\Pipeline->Illuminate\\Pipeline\\{closure}(Object(Illuminate\\Http\\Request))
#24 C:\\laragon\\www\\vipclub\\vendor\\laravel\\framework\\src\\Illuminate\\Pipeline\\Pipeline.php(171): Illuminate\\Foundation\\Http\\Middleware\\TransformsRequest->handle(Object(Illuminate\\Http\\Request), Object(Closure))
#25 C:\\laragon\\www\\vipclub\\vendor\\laravel\\framework\\src\\Illuminate\\Foundation\\Http\\Middleware\\ValidatePostSize.php(27): Illuminate\\Pipeline\\Pipeline->Illuminate\\Pipeline\\{closure}(Object(Illuminate\\Http\\Request))
#26 C:\\laragon\\www\\vipclub\\vendor\\laravel\\framework\\src\\Illuminate\\Pipeline\\Pipeline.php(171): Illuminate\\Foundation\\Http\\Middleware\\ValidatePostSize->handle(Object(Illuminate\\Http\\Request), Object(Closure))
#27 C:\\laragon\\www\\vipclub\\vendor\\laravel\\framework\\src\\Illuminate\\Foundation\\Http\\Middleware\\CheckForMaintenanceMode.php(63): Illuminate\\Pipeline\\Pipeline->Illuminate\\Pipeline\\{closure}(Object(Illuminate\\Http\\Request))
#28 C:\\laragon\\www\\vipclub\\vendor\\laravel\\framework\\src\\Illuminate\\Pipeline\\Pipeline.php(171): Illuminate\\Foundation\\Http\\Middleware\\CheckForMaintenanceMode->handle(Object(Illuminate\\Http\\Request), Object(Closure))
#29 C:\\laragon\\www\\vipclub\\vendor\\laravel\\framework\\src\\Illuminate\\Pipeline\\Pipeline.php(105): Illuminate\\Pipeline\\Pipeline->Illuminate\\Pipeline\\{closure}(Object(Illuminate\\Http\\Request))
#30 C:\\laragon\\www\\vipclub\\vendor\\laravel\\framework\\src\\Illuminate\\Foundation\\Http\\Kernel.php(147): Illuminate\\Pipeline\\Pipeline->then(Object(Closure))
#31 C:\\laragon\\www\\vipclub\\vendor\\laravel\\framework\\src\\Illuminate\\Foundation\\Http\\Kernel.php(112): Illuminate\\Foundation\\Http\\Kernel->sendRequestThroughRouter(Object(Illuminate\\Http\\Request))
#32 C:\\laragon\\www\\vipclub\\index.php(52): Illuminate\\Foundation\\Http\\Kernel->handle(Object(Illuminate\\Http\\Request))
#33 {main}
"} 
[2024-07-31 00:11:39] production.ERROR: Credentials must be an instance of Aws\Credentials\CredentialsInterface, an associative array that contains "key", "secret", and an optional "token" key-value pairs, a credentials provider function, or false. {"exception":"[object] (InvalidArgumentException(code: 0): Credentials must be an instance of Aws\\Credentials\\CredentialsInterface, an associative array that contains \"key\", \"secret\", and an optional \"token\" key-value pairs, a credentials provider function, or false. at C:\\laragon\\www\\vipclub\\vendor\\aws\\aws-sdk-php\\src\\ClientResolver.php:531)
[stacktrace]
#0 C:\\laragon\\www\\vipclub\\vendor\\aws\\aws-sdk-php\\src\\ClientResolver.php(352): Aws\\ClientResolver::_apply_credentials(Array, Array, Object(Aws\\HandlerList))
#1 C:\\laragon\\www\\vipclub\\vendor\\aws\\aws-sdk-php\\src\\AwsClient.php(199): Aws\\ClientResolver->resolve(Array, Object(Aws\\HandlerList))
#2 C:\\laragon\\www\\vipclub\\app\\Http\\Controllers\\LiveStreamController.php(23): Aws\\AwsClient->__construct(Array)
#3 [internal function]: App\\Http\\Controllers\\LiveStreamController->__construct()
#4 C:\\laragon\\www\\vipclub\\vendor\\laravel\\framework\\src\\Illuminate\\Container\\Container.php(843): ReflectionClass->newInstanceArgs(Array)
#5 C:\\laragon\\www\\vipclub\\vendor\\laravel\\framework\\src\\Illuminate\\Container\\Container.php(681): Illuminate\\Container\\Container->build('App\\\\Http\\\\Contro...')
#6 C:\\laragon\\www\\vipclub\\vendor\\laravel\\framework\\src\\Illuminate\\Foundation\\Application.php(785): Illuminate\\Container\\Container->resolve('App\\\\Http\\\\Contro...', Array, true)
#7 C:\\laragon\\www\\vipclub\\vendor\\laravel\\framework\\src\\Illuminate\\Container\\Container.php(629): Illuminate\\Foundation\\Application->resolve('App\\\\Http\\\\Contro...', Array)
#8 C:\\laragon\\www\\vipclub\\vendor\\laravel\\framework\\src\\Illuminate\\Foundation\\Application.php(770): Illuminate\\Container\\Container->make('App\\\\Http\\\\Contro...', Array)
#9 C:\\laragon\\www\\vipclub\\vendor\\laravel\\framework\\src\\Illuminate\\Routing\\Route.php(233): Illuminate\\Foundation\\Application->make('App\\\\Http\\\\Contro...')
#10 C:\\laragon\\www\\vipclub\\vendor\\laravel\\framework\\src\\Illuminate\\Routing\\Route.php(833): Illuminate\\Routing\\Route->getController()
#11 C:\\laragon\\www\\vipclub\\vendor\\laravel\\framework\\src\\Illuminate\\Routing\\Route.php(794): Illuminate\\Routing\\Route->controllerMiddleware()
#12 C:\\laragon\\www\\vipclub\\vendor\\laravel\\framework\\src\\Illuminate\\Routing\\Router.php(699): Illuminate\\Routing\\Route->gatherMiddleware()
#13 C:\\laragon\\www\\vipclub\\vendor\\laravel\\framework\\src\\Illuminate\\Routing\\Router.php(679): Illuminate\\Routing\\Router->gatherRouteMiddleware(Object(Illuminate\\Routing\\Route))
#14 C:\\laragon\\www\\vipclub\\vendor\\laravel\\framework\\src\\Illuminate\\Routing\\Router.php(663): Illuminate\\Routing\\Router->runRouteWithinStack(Object(Illuminate\\Routing\\Route), Object(Illuminate\\Http\\Request))
#15 C:\\laragon\\www\\vipclub\\vendor\\laravel\\framework\\src\\Illuminate\\Routing\\Router.php(629): Illuminate\\Routing\\Router->runRoute(Object(Illuminate\\Http\\Request), Object(Illuminate\\Routing\\Route))
#16 C:\\laragon\\www\\vipclub\\vendor\\laravel\\framework\\src\\Illuminate\\Routing\\Router.php(618): Illuminate\\Routing\\Router->dispatchToRoute(Object(Illuminate\\Http\\Request))
#17 C:\\laragon\\www\\vipclub\\vendor\\laravel\\framework\\src\\Illuminate\\Foundation\\Http\\Kernel.php(172): Illuminate\\Routing\\Router->dispatch(Object(Illuminate\\Http\\Request))
#18 C:\\laragon\\www\\vipclub\\vendor\\laravel\\framework\\src\\Illuminate\\Pipeline\\Pipeline.php(130): Illuminate\\Foundation\\Http\\Kernel->Illuminate\\Foundation\\Http\\{closure}(Object(Illuminate\\Http\\Request))
#19 C:\\laragon\\www\\vipclub\\vendor\\fideloper\\proxy\\src\\TrustProxies.php(57): Illuminate\\Pipeline\\Pipeline->Illuminate\\Pipeline\\{closure}(Object(Illuminate\\Http\\Request))
#20 C:\\laragon\\www\\vipclub\\vendor\\laravel\\framework\\src\\Illuminate\\Pipeline\\Pipeline.php(171): Fideloper\\Proxy\\TrustProxies->handle(Object(Illuminate\\Http\\Request), Object(Closure))
#21 C:\\laragon\\www\\vipclub\\vendor\\laravel\\framework\\src\\Illuminate\\Foundation\\Http\\Middleware\\TransformsRequest.php(21): Illuminate\\Pipeline\\Pipeline->Illuminate\\Pipeline\\{closure}(Object(Illuminate\\Http\\Request))
#22 C:\\laragon\\www\\vipclub\\vendor\\laravel\\framework\\src\\Illuminate\\Pipeline\\Pipeline.php(171): Illuminate\\Foundation\\Http\\Middleware\\TransformsRequest->handle(Object(Illuminate\\Http\\Request), Object(Closure))
#23 C:\\laragon\\www\\vipclub\\vendor\\laravel\\framework\\src\\Illuminate\\Foundation\\Http\\Middleware\\TransformsRequest.php(21): Illuminate\\Pipeline\\Pipeline->Illuminate\\Pipeline\\{closure}(Object(Illuminate\\Http\\Request))
#24 C:\\laragon\\www\\vipclub\\vendor\\laravel\\framework\\src\\Illuminate\\Pipeline\\Pipeline.php(171): Illuminate\\Foundation\\Http\\Middleware\\TransformsRequest->handle(Object(Illuminate\\Http\\Request), Object(Closure))
#25 C:\\laragon\\www\\vipclub\\vendor\\laravel\\framework\\src\\Illuminate\\Foundation\\Http\\Middleware\\ValidatePostSize.php(27): Illuminate\\Pipeline\\Pipeline->Illuminate\\Pipeline\\{closure}(Object(Illuminate\\Http\\Request))
#26 C:\\laragon\\www\\vipclub\\vendor\\laravel\\framework\\src\\Illuminate\\Pipeline\\Pipeline.php(171): Illuminate\\Foundation\\Http\\Middleware\\ValidatePostSize->handle(Object(Illuminate\\Http\\Request), Object(Closure))
#27 C:\\laragon\\www\\vipclub\\vendor\\laravel\\framework\\src\\Illuminate\\Foundation\\Http\\Middleware\\CheckForMaintenanceMode.php(63): Illuminate\\Pipeline\\Pipeline->Illuminate\\Pipeline\\{closure}(Object(Illuminate\\Http\\Request))
#28 C:\\laragon\\www\\vipclub\\vendor\\laravel\\framework\\src\\Illuminate\\Pipeline\\Pipeline.php(171): Illuminate\\Foundation\\Http\\Middleware\\CheckForMaintenanceMode->handle(Object(Illuminate\\Http\\Request), Object(Closure))
#29 C:\\laragon\\www\\vipclub\\vendor\\laravel\\framework\\src\\Illuminate\\Pipeline\\Pipeline.php(105): Illuminate\\Pipeline\\Pipeline->Illuminate\\Pipeline\\{closure}(Object(Illuminate\\Http\\Request))
#30 C:\\laragon\\www\\vipclub\\vendor\\laravel\\framework\\src\\Illuminate\\Foundation\\Http\\Kernel.php(147): Illuminate\\Pipeline\\Pipeline->then(Object(Closure))
#31 C:\\laragon\\www\\vipclub\\vendor\\laravel\\framework\\src\\Illuminate\\Foundation\\Http\\Kernel.php(112): Illuminate\\Foundation\\Http\\Kernel->sendRequestThroughRouter(Object(Illuminate\\Http\\Request))
#32 C:\\laragon\\www\\vipclub\\index.php(52): Illuminate\\Foundation\\Http\\Kernel->handle(Object(Illuminate\\Http\\Request))
#33 {main}
"} 
[2024-07-31 00:12:08] production.ERROR: Trying to get property 'profile' of non-object {"exception":"[object] (ErrorException(code: 0): Trying to get property 'profile' of non-object at C:\\laragon\\www\\vipclub\\app\\Http\\Controllers\\ProfileController.php:427)
[stacktrace]
#0 C:\\laragon\\www\\vipclub\\app\\Http\\Controllers\\ProfileController.php(427): Illuminate\\Foundation\\Bootstrap\\HandleExceptions->handleError(8, 'Trying to get p...', 'C:\\\\laragon\\\\www\\\\...', 427, Array)
#1 C:\\laragon\\www\\vipclub\\vendor\\laravel\\framework\\src\\Illuminate\\Routing\\Controller.php(54): App\\Http\\Controllers\\ProfileController->getProfilePic()
#2 C:\\laragon\\www\\vipclub\\vendor\\laravel\\framework\\src\\Illuminate\\Routing\\ControllerDispatcher.php(45): Illuminate\\Routing\\Controller->callAction('getProfilePic', Array)
#3 C:\\laragon\\www\\vipclub\\vendor\\laravel\\framework\\src\\Illuminate\\Routing\\Route.php(219): Illuminate\\Routing\\ControllerDispatcher->dispatch(Object(Illuminate\\Routing\\Route), Object(App\\Http\\Controllers\\ProfileController), 'getProfilePic')
#4 C:\\laragon\\www\\vipclub\\vendor\\laravel\\framework\\src\\Illuminate\\Routing\\Route.php(176): Illuminate\\Routing\\Route->runController()
#5 C:\\laragon\\www\\vipclub\\vendor\\laravel\\framework\\src\\Illuminate\\Routing\\Router.php(686): Illuminate\\Routing\\Route->run()
#6 C:\\laragon\\www\\vipclub\\vendor\\laravel\\framework\\src\\Illuminate\\Pipeline\\Pipeline.php(130): Illuminate\\Routing\\Router->Illuminate\\Routing\\{closure}(Object(Illuminate\\Http\\Request))
#7 C:\\laragon\\www\\vipclub\\app\\Http\\Middleware\\UserLastAuthMiddleware.php(59): Illuminate\\Pipeline\\Pipeline->Illuminate\\Pipeline\\{closure}(Object(Illuminate\\Http\\Request))
#8 C:\\laragon\\www\\vipclub\\vendor\\laravel\\framework\\src\\Illuminate\\Pipeline\\Pipeline.php(171): App\\Http\\Middleware\\UserLastAuthMiddleware->handle(Object(Illuminate\\Http\\Request), Object(Closure))
#9 C:\\laragon\\www\\vipclub\\vendor\\uxweb\\sweet-alert\\src\\SweetAlert\\ConvertMessagesIntoSweetAlert.php(49): Illuminate\\Pipeline\\Pipeline->Illuminate\\Pipeline\\{closure}(Object(Illuminate\\Http\\Request))
#10 C:\\laragon\\www\\vipclub\\vendor\\laravel\\framework\\src\\Illuminate\\Pipeline\\Pipeline.php(171): UxWeb\\SweetAlert\\ConvertMessagesIntoSweetAlert->handle(Object(Illuminate\\Http\\Request), Object(Closure))
#11 C:\\laragon\\www\\vipclub\\vendor\\laravel\\framework\\src\\Illuminate\\Routing\\Middleware\\SubstituteBindings.php(41): Illuminate\\Pipeline\\Pipeline->Illuminate\\Pipeline\\{closure}(Object(Illuminate\\Http\\Request))
#12 C:\\laragon\\www\\vipclub\\vendor\\laravel\\framework\\src\\Illuminate\\Pipeline\\Pipeline.php(171): Illuminate\\Routing\\Middleware\\SubstituteBindings->handle(Object(Illuminate\\Http\\Request), Object(Closure))
#13 C:\\laragon\\www\\vipclub\\vendor\\laravel\\framework\\src\\Illuminate\\Foundation\\Http\\Middleware\\VerifyCsrfToken.php(77): Illuminate\\Pipeline\\Pipeline->Illuminate\\Pipeline\\{closure}(Object(Illuminate\\Http\\Request))
#14 C:\\laragon\\www\\vipclub\\vendor\\laravel\\framework\\src\\Illuminate\\Pipeline\\Pipeline.php(171): Illuminate\\Foundation\\Http\\Middleware\\VerifyCsrfToken->handle(Object(Illuminate\\Http\\Request), Object(Closure))
#15 C:\\laragon\\www\\vipclub\\vendor\\laravel\\framework\\src\\Illuminate\\View\\Middleware\\ShareErrorsFromSession.php(49): Illuminate\\Pipeline\\Pipeline->Illuminate\\Pipeline\\{closure}(Object(Illuminate\\Http\\Request))
#16 C:\\laragon\\www\\vipclub\\vendor\\laravel\\framework\\src\\Illuminate\\Pipeline\\Pipeline.php(171): Illuminate\\View\\Middleware\\ShareErrorsFromSession->handle(Object(Illuminate\\Http\\Request), Object(Closure))
#17 C:\\laragon\\www\\vipclub\\vendor\\laravel\\framework\\src\\Illuminate\\Session\\Middleware\\StartSession.php(56): Illuminate\\Pipeline\\Pipeline->Illuminate\\Pipeline\\{closure}(Object(Illuminate\\Http\\Request))
#18 C:\\laragon\\www\\vipclub\\vendor\\laravel\\framework\\src\\Illuminate\\Pipeline\\Pipeline.php(171): Illuminate\\Session\\Middleware\\StartSession->handle(Object(Illuminate\\Http\\Request), Object(Closure))
#19 C:\\laragon\\www\\vipclub\\vendor\\laravel\\framework\\src\\Illuminate\\Cookie\\Middleware\\AddQueuedCookiesToResponse.php(37): Illuminate\\Pipeline\\Pipeline->Illuminate\\Pipeline\\{closure}(Object(Illuminate\\Http\\Request))
#20 C:\\laragon\\www\\vipclub\\vendor\\laravel\\framework\\src\\Illuminate\\Pipeline\\Pipeline.php(171): Illuminate\\Cookie\\Middleware\\AddQueuedCookiesToResponse->handle(Object(Illuminate\\Http\\Request), Object(Closure))
#21 C:\\laragon\\www\\vipclub\\vendor\\laravel\\framework\\src\\Illuminate\\Cookie\\Middleware\\EncryptCookies.php(67): Illuminate\\Pipeline\\Pipeline->Illuminate\\Pipeline\\{closure}(Object(Illuminate\\Http\\Request))
#22 C:\\laragon\\www\\vipclub\\vendor\\laravel\\framework\\src\\Illuminate\\Pipeline\\Pipeline.php(171): Illuminate\\Cookie\\Middleware\\EncryptCookies->handle(Object(Illuminate\\Http\\Request), Object(Closure))
#23 C:\\laragon\\www\\vipclub\\vendor\\laravel\\framework\\src\\Illuminate\\Pipeline\\Pipeline.php(105): Illuminate\\Pipeline\\Pipeline->Illuminate\\Pipeline\\{closure}(Object(Illuminate\\Http\\Request))
#24 C:\\laragon\\www\\vipclub\\vendor\\laravel\\framework\\src\\Illuminate\\Routing\\Router.php(688): Illuminate\\Pipeline\\Pipeline->then(Object(Closure))
#25 C:\\laragon\\www\\vipclub\\vendor\\laravel\\framework\\src\\Illuminate\\Routing\\Router.php(663): Illuminate\\Routing\\Router->runRouteWithinStack(Object(Illuminate\\Routing\\Route), Object(Illuminate\\Http\\Request))
#26 C:\\laragon\\www\\vipclub\\vendor\\laravel\\framework\\src\\Illuminate\\Routing\\Router.php(629): Illuminate\\Routing\\Router->runRoute(Object(Illuminate\\Http\\Request), Object(Illuminate\\Routing\\Route))
#27 C:\\laragon\\www\\vipclub\\vendor\\laravel\\framework\\src\\Illuminate\\Routing\\Router.php(618): Illuminate\\Routing\\Router->dispatchToRoute(Object(Illuminate\\Http\\Request))
#28 C:\\laragon\\www\\vipclub\\vendor\\laravel\\framework\\src\\Illuminate\\Foundation\\Http\\Kernel.php(172): Illuminate\\Routing\\Router->dispatch(Object(Illuminate\\Http\\Request))
#29 C:\\laragon\\www\\vipclub\\vendor\\laravel\\framework\\src\\Illuminate\\Pipeline\\Pipeline.php(130): Illuminate\\Foundation\\Http\\Kernel->Illuminate\\Foundation\\Http\\{closure}(Object(Illuminate\\Http\\Request))
#30 C:\\laragon\\www\\vipclub\\vendor\\fideloper\\proxy\\src\\TrustProxies.php(57): Illuminate\\Pipeline\\Pipeline->Illuminate\\Pipeline\\{closure}(Object(Illuminate\\Http\\Request))
#31 C:\\laragon\\www\\vipclub\\vendor\\laravel\\framework\\src\\Illuminate\\Pipeline\\Pipeline.php(171): Fideloper\\Proxy\\TrustProxies->handle(Object(Illuminate\\Http\\Request), Object(Closure))
#32 C:\\laragon\\www\\vipclub\\vendor\\laravel\\framework\\src\\Illuminate\\Foundation\\Http\\Middleware\\TransformsRequest.php(21): Illuminate\\Pipeline\\Pipeline->Illuminate\\Pipeline\\{closure}(Object(Illuminate\\Http\\Request))
#33 C:\\laragon\\www\\vipclub\\vendor\\laravel\\framework\\src\\Illuminate\\Pipeline\\Pipeline.php(171): Illuminate\\Foundation\\Http\\Middleware\\TransformsRequest->handle(Object(Illuminate\\Http\\Request), Object(Closure))
#34 C:\\laragon\\www\\vipclub\\vendor\\laravel\\framework\\src\\Illuminate\\Foundation\\Http\\Middleware\\TransformsRequest.php(21): Illuminate\\Pipeline\\Pipeline->Illuminate\\Pipeline\\{closure}(Object(Illuminate\\Http\\Request))
#35 C:\\laragon\\www\\vipclub\\vendor\\laravel\\framework\\src\\Illuminate\\Pipeline\\Pipeline.php(171): Illuminate\\Foundation\\Http\\Middleware\\TransformsRequest->handle(Object(Illuminate\\Http\\Request), Object(Closure))
#36 C:\\laragon\\www\\vipclub\\vendor\\laravel\\framework\\src\\Illuminate\\Foundation\\Http\\Middleware\\ValidatePostSize.php(27): Illuminate\\Pipeline\\Pipeline->Illuminate\\Pipeline\\{closure}(Object(Illuminate\\Http\\Request))
#37 C:\\laragon\\www\\vipclub\\vendor\\laravel\\framework\\src\\Illuminate\\Pipeline\\Pipeline.php(171): Illuminate\\Foundation\\Http\\Middleware\\ValidatePostSize->handle(Object(Illuminate\\Http\\Request), Object(Closure))
#38 C:\\laragon\\www\\vipclub\\vendor\\laravel\\framework\\src\\Illuminate\\Foundation\\Http\\Middleware\\CheckForMaintenanceMode.php(63): Illuminate\\Pipeline\\Pipeline->Illuminate\\Pipeline\\{closure}(Object(Illuminate\\Http\\Request))
#39 C:\\laragon\\www\\vipclub\\vendor\\laravel\\framework\\src\\Illuminate\\Pipeline\\Pipeline.php(171): Illuminate\\Foundation\\Http\\Middleware\\CheckForMaintenanceMode->handle(Object(Illuminate\\Http\\Request), Object(Closure))
#40 C:\\laragon\\www\\vipclub\\vendor\\laravel\\framework\\src\\Illuminate\\Pipeline\\Pipeline.php(105): Illuminate\\Pipeline\\Pipeline->Illuminate\\Pipeline\\{closure}(Object(Illuminate\\Http\\Request))
#41 C:\\laragon\\www\\vipclub\\vendor\\laravel\\framework\\src\\Illuminate\\Foundation\\Http\\Kernel.php(147): Illuminate\\Pipeline\\Pipeline->then(Object(Closure))
#42 C:\\laragon\\www\\vipclub\\vendor\\laravel\\framework\\src\\Illuminate\\Foundation\\Http\\Kernel.php(112): Illuminate\\Foundation\\Http\\Kernel->sendRequestThroughRouter(Object(Illuminate\\Http\\Request))
#43 C:\\laragon\\www\\vipclub\\index.php(52): Illuminate\\Foundation\\Http\\Kernel->handle(Object(Illuminate\\Http\\Request))
#44 {main}
"} 
[2024-07-31 00:12:15] production.ERROR: Credentials must be an instance of Aws\Credentials\CredentialsInterface, an associative array that contains "key", "secret", and an optional "token" key-value pairs, a credentials provider function, or false. {"exception":"[object] (InvalidArgumentException(code: 0): Credentials must be an instance of Aws\\Credentials\\CredentialsInterface, an associative array that contains \"key\", \"secret\", and an optional \"token\" key-value pairs, a credentials provider function, or false. at C:\\laragon\\www\\vipclub\\vendor\\aws\\aws-sdk-php\\src\\ClientResolver.php:531)
[stacktrace]
#0 C:\\laragon\\www\\vipclub\\vendor\\aws\\aws-sdk-php\\src\\ClientResolver.php(352): Aws\\ClientResolver::_apply_credentials(Array, Array, Object(Aws\\HandlerList))
#1 C:\\laragon\\www\\vipclub\\vendor\\aws\\aws-sdk-php\\src\\AwsClient.php(199): Aws\\ClientResolver->resolve(Array, Object(Aws\\HandlerList))
#2 C:\\laragon\\www\\vipclub\\app\\Http\\Controllers\\LiveStreamController.php(23): Aws\\AwsClient->__construct(Array)
#3 [internal function]: App\\Http\\Controllers\\LiveStreamController->__construct()
#4 C:\\laragon\\www\\vipclub\\vendor\\laravel\\framework\\src\\Illuminate\\Container\\Container.php(843): ReflectionClass->newInstanceArgs(Array)
#5 C:\\laragon\\www\\vipclub\\vendor\\laravel\\framework\\src\\Illuminate\\Container\\Container.php(681): Illuminate\\Container\\Container->build('App\\\\Http\\\\Contro...')
#6 C:\\laragon\\www\\vipclub\\vendor\\laravel\\framework\\src\\Illuminate\\Foundation\\Application.php(785): Illuminate\\Container\\Container->resolve('App\\\\Http\\\\Contro...', Array, true)
#7 C:\\laragon\\www\\vipclub\\vendor\\laravel\\framework\\src\\Illuminate\\Container\\Container.php(629): Illuminate\\Foundation\\Application->resolve('App\\\\Http\\\\Contro...', Array)
#8 C:\\laragon\\www\\vipclub\\vendor\\laravel\\framework\\src\\Illuminate\\Foundation\\Application.php(770): Illuminate\\Container\\Container->make('App\\\\Http\\\\Contro...', Array)
#9 C:\\laragon\\www\\vipclub\\vendor\\laravel\\framework\\src\\Illuminate\\Routing\\Route.php(233): Illuminate\\Foundation\\Application->make('App\\\\Http\\\\Contro...')
#10 C:\\laragon\\www\\vipclub\\vendor\\laravel\\framework\\src\\Illuminate\\Routing\\Route.php(833): Illuminate\\Routing\\Route->getController()
#11 C:\\laragon\\www\\vipclub\\vendor\\laravel\\framework\\src\\Illuminate\\Routing\\Route.php(794): Illuminate\\Routing\\Route->controllerMiddleware()
#12 C:\\laragon\\www\\vipclub\\vendor\\laravel\\framework\\src\\Illuminate\\Routing\\Router.php(699): Illuminate\\Routing\\Route->gatherMiddleware()
#13 C:\\laragon\\www\\vipclub\\vendor\\laravel\\framework\\src\\Illuminate\\Routing\\Router.php(679): Illuminate\\Routing\\Router->gatherRouteMiddleware(Object(Illuminate\\Routing\\Route))
#14 C:\\laragon\\www\\vipclub\\vendor\\laravel\\framework\\src\\Illuminate\\Routing\\Router.php(663): Illuminate\\Routing\\Router->runRouteWithinStack(Object(Illuminate\\Routing\\Route), Object(Illuminate\\Http\\Request))
#15 C:\\laragon\\www\\vipclub\\vendor\\laravel\\framework\\src\\Illuminate\\Routing\\Router.php(629): Illuminate\\Routing\\Router->runRoute(Object(Illuminate\\Http\\Request), Object(Illuminate\\Routing\\Route))
#16 C:\\laragon\\www\\vipclub\\vendor\\laravel\\framework\\src\\Illuminate\\Routing\\Router.php(618): Illuminate\\Routing\\Router->dispatchToRoute(Object(Illuminate\\Http\\Request))
#17 C:\\laragon\\www\\vipclub\\vendor\\laravel\\framework\\src\\Illuminate\\Foundation\\Http\\Kernel.php(172): Illuminate\\Routing\\Router->dispatch(Object(Illuminate\\Http\\Request))
#18 C:\\laragon\\www\\vipclub\\vendor\\laravel\\framework\\src\\Illuminate\\Pipeline\\Pipeline.php(130): Illuminate\\Foundation\\Http\\Kernel->Illuminate\\Foundation\\Http\\{closure}(Object(Illuminate\\Http\\Request))
#19 C:\\laragon\\www\\vipclub\\vendor\\fideloper\\proxy\\src\\TrustProxies.php(57): Illuminate\\Pipeline\\Pipeline->Illuminate\\Pipeline\\{closure}(Object(Illuminate\\Http\\Request))
#20 C:\\laragon\\www\\vipclub\\vendor\\laravel\\framework\\src\\Illuminate\\Pipeline\\Pipeline.php(171): Fideloper\\Proxy\\TrustProxies->handle(Object(Illuminate\\Http\\Request), Object(Closure))
#21 C:\\laragon\\www\\vipclub\\vendor\\laravel\\framework\\src\\Illuminate\\Foundation\\Http\\Middleware\\TransformsRequest.php(21): Illuminate\\Pipeline\\Pipeline->Illuminate\\Pipeline\\{closure}(Object(Illuminate\\Http\\Request))
#22 C:\\laragon\\www\\vipclub\\vendor\\laravel\\framework\\src\\Illuminate\\Pipeline\\Pipeline.php(171): Illuminate\\Foundation\\Http\\Middleware\\TransformsRequest->handle(Object(Illuminate\\Http\\Request), Object(Closure))
#23 C:\\laragon\\www\\vipclub\\vendor\\laravel\\framework\\src\\Illuminate\\Foundation\\Http\\Middleware\\TransformsRequest.php(21): Illuminate\\Pipeline\\Pipeline->Illuminate\\Pipeline\\{closure}(Object(Illuminate\\Http\\Request))
#24 C:\\laragon\\www\\vipclub\\vendor\\laravel\\framework\\src\\Illuminate\\Pipeline\\Pipeline.php(171): Illuminate\\Foundation\\Http\\Middleware\\TransformsRequest->handle(Object(Illuminate\\Http\\Request), Object(Closure))
#25 C:\\laragon\\www\\vipclub\\vendor\\laravel\\framework\\src\\Illuminate\\Foundation\\Http\\Middleware\\ValidatePostSize.php(27): Illuminate\\Pipeline\\Pipeline->Illuminate\\Pipeline\\{closure}(Object(Illuminate\\Http\\Request))
#26 C:\\laragon\\www\\vipclub\\vendor\\laravel\\framework\\src\\Illuminate\\Pipeline\\Pipeline.php(171): Illuminate\\Foundation\\Http\\Middleware\\ValidatePostSize->handle(Object(Illuminate\\Http\\Request), Object(Closure))
#27 C:\\laragon\\www\\vipclub\\vendor\\laravel\\framework\\src\\Illuminate\\Foundation\\Http\\Middleware\\CheckForMaintenanceMode.php(63): Illuminate\\Pipeline\\Pipeline->Illuminate\\Pipeline\\{closure}(Object(Illuminate\\Http\\Request))
#28 C:\\laragon\\www\\vipclub\\vendor\\laravel\\framework\\src\\Illuminate\\Pipeline\\Pipeline.php(171): Illuminate\\Foundation\\Http\\Middleware\\CheckForMaintenanceMode->handle(Object(Illuminate\\Http\\Request), Object(Closure))
#29 C:\\laragon\\www\\vipclub\\vendor\\laravel\\framework\\src\\Illuminate\\Pipeline\\Pipeline.php(105): Illuminate\\Pipeline\\Pipeline->Illuminate\\Pipeline\\{closure}(Object(Illuminate\\Http\\Request))
#30 C:\\laragon\\www\\vipclub\\vendor\\laravel\\framework\\src\\Illuminate\\Foundation\\Http\\Kernel.php(147): Illuminate\\Pipeline\\Pipeline->then(Object(Closure))
#31 C:\\laragon\\www\\vipclub\\vendor\\laravel\\framework\\src\\Illuminate\\Foundation\\Http\\Kernel.php(112): Illuminate\\Foundation\\Http\\Kernel->sendRequestThroughRouter(Object(Illuminate\\Http\\Request))
#32 C:\\laragon\\www\\vipclub\\index.php(52): Illuminate\\Foundation\\Http\\Kernel->handle(Object(Illuminate\\Http\\Request))
#33 {main}
"} 
[2024-07-31 00:12:19] production.ERROR: Credentials must be an instance of Aws\Credentials\CredentialsInterface, an associative array that contains "key", "secret", and an optional "token" key-value pairs, a credentials provider function, or false. {"exception":"[object] (InvalidArgumentException(code: 0): Credentials must be an instance of Aws\\Credentials\\CredentialsInterface, an associative array that contains \"key\", \"secret\", and an optional \"token\" key-value pairs, a credentials provider function, or false. at C:\\laragon\\www\\vipclub\\vendor\\aws\\aws-sdk-php\\src\\ClientResolver.php:531)
[stacktrace]
#0 C:\\laragon\\www\\vipclub\\vendor\\aws\\aws-sdk-php\\src\\ClientResolver.php(352): Aws\\ClientResolver::_apply_credentials(Array, Array, Object(Aws\\HandlerList))
#1 C:\\laragon\\www\\vipclub\\vendor\\aws\\aws-sdk-php\\src\\AwsClient.php(199): Aws\\ClientResolver->resolve(Array, Object(Aws\\HandlerList))
#2 C:\\laragon\\www\\vipclub\\app\\Http\\Controllers\\LiveStreamController.php(23): Aws\\AwsClient->__construct(Array)
#3 [internal function]: App\\Http\\Controllers\\LiveStreamController->__construct()
#4 C:\\laragon\\www\\vipclub\\vendor\\laravel\\framework\\src\\Illuminate\\Container\\Container.php(843): ReflectionClass->newInstanceArgs(Array)
#5 C:\\laragon\\www\\vipclub\\vendor\\laravel\\framework\\src\\Illuminate\\Container\\Container.php(681): Illuminate\\Container\\Container->build('App\\\\Http\\\\Contro...')
#6 C:\\laragon\\www\\vipclub\\vendor\\laravel\\framework\\src\\Illuminate\\Foundation\\Application.php(785): Illuminate\\Container\\Container->resolve('App\\\\Http\\\\Contro...', Array, true)
#7 C:\\laragon\\www\\vipclub\\vendor\\laravel\\framework\\src\\Illuminate\\Container\\Container.php(629): Illuminate\\Foundation\\Application->resolve('App\\\\Http\\\\Contro...', Array)
#8 C:\\laragon\\www\\vipclub\\vendor\\laravel\\framework\\src\\Illuminate\\Foundation\\Application.php(770): Illuminate\\Container\\Container->make('App\\\\Http\\\\Contro...', Array)
#9 C:\\laragon\\www\\vipclub\\vendor\\laravel\\framework\\src\\Illuminate\\Routing\\Route.php(233): Illuminate\\Foundation\\Application->make('App\\\\Http\\\\Contro...')
#10 C:\\laragon\\www\\vipclub\\vendor\\laravel\\framework\\src\\Illuminate\\Routing\\Route.php(833): Illuminate\\Routing\\Route->getController()
#11 C:\\laragon\\www\\vipclub\\vendor\\laravel\\framework\\src\\Illuminate\\Routing\\Route.php(794): Illuminate\\Routing\\Route->controllerMiddleware()
#12 C:\\laragon\\www\\vipclub\\vendor\\laravel\\framework\\src\\Illuminate\\Routing\\Router.php(699): Illuminate\\Routing\\Route->gatherMiddleware()
#13 C:\\laragon\\www\\vipclub\\vendor\\laravel\\framework\\src\\Illuminate\\Routing\\Router.php(679): Illuminate\\Routing\\Router->gatherRouteMiddleware(Object(Illuminate\\Routing\\Route))
#14 C:\\laragon\\www\\vipclub\\vendor\\laravel\\framework\\src\\Illuminate\\Routing\\Router.php(663): Illuminate\\Routing\\Router->runRouteWithinStack(Object(Illuminate\\Routing\\Route), Object(Illuminate\\Http\\Request))
#15 C:\\laragon\\www\\vipclub\\vendor\\laravel\\framework\\src\\Illuminate\\Routing\\Router.php(629): Illuminate\\Routing\\Router->runRoute(Object(Illuminate\\Http\\Request), Object(Illuminate\\Routing\\Route))
#16 C:\\laragon\\www\\vipclub\\vendor\\laravel\\framework\\src\\Illuminate\\Routing\\Router.php(618): Illuminate\\Routing\\Router->dispatchToRoute(Object(Illuminate\\Http\\Request))
#17 C:\\laragon\\www\\vipclub\\vendor\\laravel\\framework\\src\\Illuminate\\Foundation\\Http\\Kernel.php(172): Illuminate\\Routing\\Router->dispatch(Object(Illuminate\\Http\\Request))
#18 C:\\laragon\\www\\vipclub\\vendor\\laravel\\framework\\src\\Illuminate\\Pipeline\\Pipeline.php(130): Illuminate\\Foundation\\Http\\Kernel->Illuminate\\Foundation\\Http\\{closure}(Object(Illuminate\\Http\\Request))
#19 C:\\laragon\\www\\vipclub\\vendor\\fideloper\\proxy\\src\\TrustProxies.php(57): Illuminate\\Pipeline\\Pipeline->Illuminate\\Pipeline\\{closure}(Object(Illuminate\\Http\\Request))
#20 C:\\laragon\\www\\vipclub\\vendor\\laravel\\framework\\src\\Illuminate\\Pipeline\\Pipeline.php(171): Fideloper\\Proxy\\TrustProxies->handle(Object(Illuminate\\Http\\Request), Object(Closure))
#21 C:\\laragon\\www\\vipclub\\vendor\\laravel\\framework\\src\\Illuminate\\Foundation\\Http\\Middleware\\TransformsRequest.php(21): Illuminate\\Pipeline\\Pipeline->Illuminate\\Pipeline\\{closure}(Object(Illuminate\\Http\\Request))
#22 C:\\laragon\\www\\vipclub\\vendor\\laravel\\framework\\src\\Illuminate\\Pipeline\\Pipeline.php(171): Illuminate\\Foundation\\Http\\Middleware\\TransformsRequest->handle(Object(Illuminate\\Http\\Request), Object(Closure))
#23 C:\\laragon\\www\\vipclub\\vendor\\laravel\\framework\\src\\Illuminate\\Foundation\\Http\\Middleware\\TransformsRequest.php(21): Illuminate\\Pipeline\\Pipeline->Illuminate\\Pipeline\\{closure}(Object(Illuminate\\Http\\Request))
#24 C:\\laragon\\www\\vipclub\\vendor\\laravel\\framework\\src\\Illuminate\\Pipeline\\Pipeline.php(171): Illuminate\\Foundation\\Http\\Middleware\\TransformsRequest->handle(Object(Illuminate\\Http\\Request), Object(Closure))
#25 C:\\laragon\\www\\vipclub\\vendor\\laravel\\framework\\src\\Illuminate\\Foundation\\Http\\Middleware\\ValidatePostSize.php(27): Illuminate\\Pipeline\\Pipeline->Illuminate\\Pipeline\\{closure}(Object(Illuminate\\Http\\Request))
#26 C:\\laragon\\www\\vipclub\\vendor\\laravel\\framework\\src\\Illuminate\\Pipeline\\Pipeline.php(171): Illuminate\\Foundation\\Http\\Middleware\\ValidatePostSize->handle(Object(Illuminate\\Http\\Request), Object(Closure))
#27 C:\\laragon\\www\\vipclub\\vendor\\laravel\\framework\\src\\Illuminate\\Foundation\\Http\\Middleware\\CheckForMaintenanceMode.php(63): Illuminate\\Pipeline\\Pipeline->Illuminate\\Pipeline\\{closure}(Object(Illuminate\\Http\\Request))
#28 C:\\laragon\\www\\vipclub\\vendor\\laravel\\framework\\src\\Illuminate\\Pipeline\\Pipeline.php(171): Illuminate\\Foundation\\Http\\Middleware\\CheckForMaintenanceMode->handle(Object(Illuminate\\Http\\Request), Object(Closure))
#29 C:\\laragon\\www\\vipclub\\vendor\\laravel\\framework\\src\\Illuminate\\Pipeline\\Pipeline.php(105): Illuminate\\Pipeline\\Pipeline->Illuminate\\Pipeline\\{closure}(Object(Illuminate\\Http\\Request))
#30 C:\\laragon\\www\\vipclub\\vendor\\laravel\\framework\\src\\Illuminate\\Foundation\\Http\\Kernel.php(147): Illuminate\\Pipeline\\Pipeline->then(Object(Closure))
#31 C:\\laragon\\www\\vipclub\\vendor\\laravel\\framework\\src\\Illuminate\\Foundation\\Http\\Kernel.php(112): Illuminate\\Foundation\\Http\\Kernel->sendRequestThroughRouter(Object(Illuminate\\Http\\Request))
#32 C:\\laragon\\www\\vipclub\\index.php(52): Illuminate\\Foundation\\Http\\Kernel->handle(Object(Illuminate\\Http\\Request))
#33 {main}
"} 
[2024-07-31 00:12:47] production.ERROR: Credentials must be an instance of Aws\Credentials\CredentialsInterface, an associative array that contains "key", "secret", and an optional "token" key-value pairs, a credentials provider function, or false. {"exception":"[object] (InvalidArgumentException(code: 0): Credentials must be an instance of Aws\\Credentials\\CredentialsInterface, an associative array that contains \"key\", \"secret\", and an optional \"token\" key-value pairs, a credentials provider function, or false. at C:\\laragon\\www\\vipclub\\vendor\\aws\\aws-sdk-php\\src\\ClientResolver.php:531)
[stacktrace]
#0 C:\\laragon\\www\\vipclub\\vendor\\aws\\aws-sdk-php\\src\\ClientResolver.php(352): Aws\\ClientResolver::_apply_credentials(Array, Array, Object(Aws\\HandlerList))
#1 C:\\laragon\\www\\vipclub\\vendor\\aws\\aws-sdk-php\\src\\AwsClient.php(199): Aws\\ClientResolver->resolve(Array, Object(Aws\\HandlerList))
#2 C:\\laragon\\www\\vipclub\\app\\Http\\Controllers\\LiveStreamController.php(23): Aws\\AwsClient->__construct(Array)
#3 [internal function]: App\\Http\\Controllers\\LiveStreamController->__construct()
#4 C:\\laragon\\www\\vipclub\\vendor\\laravel\\framework\\src\\Illuminate\\Container\\Container.php(843): ReflectionClass->newInstanceArgs(Array)
#5 C:\\laragon\\www\\vipclub\\vendor\\laravel\\framework\\src\\Illuminate\\Container\\Container.php(681): Illuminate\\Container\\Container->build('App\\\\Http\\\\Contro...')
#6 C:\\laragon\\www\\vipclub\\vendor\\laravel\\framework\\src\\Illuminate\\Foundation\\Application.php(785): Illuminate\\Container\\Container->resolve('App\\\\Http\\\\Contro...', Array, true)
#7 C:\\laragon\\www\\vipclub\\vendor\\laravel\\framework\\src\\Illuminate\\Container\\Container.php(629): Illuminate\\Foundation\\Application->resolve('App\\\\Http\\\\Contro...', Array)
#8 C:\\laragon\\www\\vipclub\\vendor\\laravel\\framework\\src\\Illuminate\\Foundation\\Application.php(770): Illuminate\\Container\\Container->make('App\\\\Http\\\\Contro...', Array)
#9 C:\\laragon\\www\\vipclub\\vendor\\laravel\\framework\\src\\Illuminate\\Routing\\Route.php(233): Illuminate\\Foundation\\Application->make('App\\\\Http\\\\Contro...')
#10 C:\\laragon\\www\\vipclub\\vendor\\laravel\\framework\\src\\Illuminate\\Routing\\Route.php(833): Illuminate\\Routing\\Route->getController()
#11 C:\\laragon\\www\\vipclub\\vendor\\laravel\\framework\\src\\Illuminate\\Routing\\Route.php(794): Illuminate\\Routing\\Route->controllerMiddleware()
#12 C:\\laragon\\www\\vipclub\\vendor\\laravel\\framework\\src\\Illuminate\\Routing\\Router.php(699): Illuminate\\Routing\\Route->gatherMiddleware()
#13 C:\\laragon\\www\\vipclub\\vendor\\laravel\\framework\\src\\Illuminate\\Routing\\Router.php(679): Illuminate\\Routing\\Router->gatherRouteMiddleware(Object(Illuminate\\Routing\\Route))
#14 C:\\laragon\\www\\vipclub\\vendor\\laravel\\framework\\src\\Illuminate\\Routing\\Router.php(663): Illuminate\\Routing\\Router->runRouteWithinStack(Object(Illuminate\\Routing\\Route), Object(Illuminate\\Http\\Request))
#15 C:\\laragon\\www\\vipclub\\vendor\\laravel\\framework\\src\\Illuminate\\Routing\\Router.php(629): Illuminate\\Routing\\Router->runRoute(Object(Illuminate\\Http\\Request), Object(Illuminate\\Routing\\Route))
#16 C:\\laragon\\www\\vipclub\\vendor\\laravel\\framework\\src\\Illuminate\\Routing\\Router.php(618): Illuminate\\Routing\\Router->dispatchToRoute(Object(Illuminate\\Http\\Request))
#17 C:\\laragon\\www\\vipclub\\vendor\\laravel\\framework\\src\\Illuminate\\Foundation\\Http\\Kernel.php(172): Illuminate\\Routing\\Router->dispatch(Object(Illuminate\\Http\\Request))
#18 C:\\laragon\\www\\vipclub\\vendor\\laravel\\framework\\src\\Illuminate\\Pipeline\\Pipeline.php(130): Illuminate\\Foundation\\Http\\Kernel->Illuminate\\Foundation\\Http\\{closure}(Object(Illuminate\\Http\\Request))
#19 C:\\laragon\\www\\vipclub\\vendor\\fideloper\\proxy\\src\\TrustProxies.php(57): Illuminate\\Pipeline\\Pipeline->Illuminate\\Pipeline\\{closure}(Object(Illuminate\\Http\\Request))
#20 C:\\laragon\\www\\vipclub\\vendor\\laravel\\framework\\src\\Illuminate\\Pipeline\\Pipeline.php(171): Fideloper\\Proxy\\TrustProxies->handle(Object(Illuminate\\Http\\Request), Object(Closure))
#21 C:\\laragon\\www\\vipclub\\vendor\\laravel\\framework\\src\\Illuminate\\Foundation\\Http\\Middleware\\TransformsRequest.php(21): Illuminate\\Pipeline\\Pipeline->Illuminate\\Pipeline\\{closure}(Object(Illuminate\\Http\\Request))
#22 C:\\laragon\\www\\vipclub\\vendor\\laravel\\framework\\src\\Illuminate\\Pipeline\\Pipeline.php(171): Illuminate\\Foundation\\Http\\Middleware\\TransformsRequest->handle(Object(Illuminate\\Http\\Request), Object(Closure))
#23 C:\\laragon\\www\\vipclub\\vendor\\laravel\\framework\\src\\Illuminate\\Foundation\\Http\\Middleware\\TransformsRequest.php(21): Illuminate\\Pipeline\\Pipeline->Illuminate\\Pipeline\\{closure}(Object(Illuminate\\Http\\Request))
#24 C:\\laragon\\www\\vipclub\\vendor\\laravel\\framework\\src\\Illuminate\\Pipeline\\Pipeline.php(171): Illuminate\\Foundation\\Http\\Middleware\\TransformsRequest->handle(Object(Illuminate\\Http\\Request), Object(Closure))
#25 C:\\laragon\\www\\vipclub\\vendor\\laravel\\framework\\src\\Illuminate\\Foundation\\Http\\Middleware\\ValidatePostSize.php(27): Illuminate\\Pipeline\\Pipeline->Illuminate\\Pipeline\\{closure}(Object(Illuminate\\Http\\Request))
#26 C:\\laragon\\www\\vipclub\\vendor\\laravel\\framework\\src\\Illuminate\\Pipeline\\Pipeline.php(171): Illuminate\\Foundation\\Http\\Middleware\\ValidatePostSize->handle(Object(Illuminate\\Http\\Request), Object(Closure))
#27 C:\\laragon\\www\\vipclub\\vendor\\laravel\\framework\\src\\Illuminate\\Foundation\\Http\\Middleware\\CheckForMaintenanceMode.php(63): Illuminate\\Pipeline\\Pipeline->Illuminate\\Pipeline\\{closure}(Object(Illuminate\\Http\\Request))
#28 C:\\laragon\\www\\vipclub\\vendor\\laravel\\framework\\src\\Illuminate\\Pipeline\\Pipeline.php(171): Illuminate\\Foundation\\Http\\Middleware\\CheckForMaintenanceMode->handle(Object(Illuminate\\Http\\Request), Object(Closure))
#29 C:\\laragon\\www\\vipclub\\vendor\\laravel\\framework\\src\\Illuminate\\Pipeline\\Pipeline.php(105): Illuminate\\Pipeline\\Pipeline->Illuminate\\Pipeline\\{closure}(Object(Illuminate\\Http\\Request))
#30 C:\\laragon\\www\\vipclub\\vendor\\laravel\\framework\\src\\Illuminate\\Foundation\\Http\\Kernel.php(147): Illuminate\\Pipeline\\Pipeline->then(Object(Closure))
#31 C:\\laragon\\www\\vipclub\\vendor\\laravel\\framework\\src\\Illuminate\\Foundation\\Http\\Kernel.php(112): Illuminate\\Foundation\\Http\\Kernel->sendRequestThroughRouter(Object(Illuminate\\Http\\Request))
#32 C:\\laragon\\www\\vipclub\\index.php(52): Illuminate\\Foundation\\Http\\Kernel->handle(Object(Illuminate\\Http\\Request))
#33 {main}
"} 
[2024-07-31 00:13:55] production.ERROR: Credentials must be an instance of Aws\Credentials\CredentialsInterface, an associative array that contains "key", "secret", and an optional "token" key-value pairs, a credentials provider function, or false. {"exception":"[object] (InvalidArgumentException(code: 0): Credentials must be an instance of Aws\\Credentials\\CredentialsInterface, an associative array that contains \"key\", \"secret\", and an optional \"token\" key-value pairs, a credentials provider function, or false. at C:\\laragon\\www\\vipclub\\vendor\\aws\\aws-sdk-php\\src\\ClientResolver.php:531)
[stacktrace]
#0 C:\\laragon\\www\\vipclub\\vendor\\aws\\aws-sdk-php\\src\\ClientResolver.php(352): Aws\\ClientResolver::_apply_credentials(Array, Array, Object(Aws\\HandlerList))
#1 C:\\laragon\\www\\vipclub\\vendor\\aws\\aws-sdk-php\\src\\AwsClient.php(199): Aws\\ClientResolver->resolve(Array, Object(Aws\\HandlerList))
#2 C:\\laragon\\www\\vipclub\\app\\Http\\Controllers\\LiveStreamController.php(23): Aws\\AwsClient->__construct(Array)
#3 [internal function]: App\\Http\\Controllers\\LiveStreamController->__construct()
#4 C:\\laragon\\www\\vipclub\\vendor\\laravel\\framework\\src\\Illuminate\\Container\\Container.php(843): ReflectionClass->newInstanceArgs(Array)
#5 C:\\laragon\\www\\vipclub\\vendor\\laravel\\framework\\src\\Illuminate\\Container\\Container.php(681): Illuminate\\Container\\Container->build('App\\\\Http\\\\Contro...')
#6 C:\\laragon\\www\\vipclub\\vendor\\laravel\\framework\\src\\Illuminate\\Foundation\\Application.php(785): Illuminate\\Container\\Container->resolve('App\\\\Http\\\\Contro...', Array, true)
#7 C:\\laragon\\www\\vipclub\\vendor\\laravel\\framework\\src\\Illuminate\\Container\\Container.php(629): Illuminate\\Foundation\\Application->resolve('App\\\\Http\\\\Contro...', Array)
#8 C:\\laragon\\www\\vipclub\\vendor\\laravel\\framework\\src\\Illuminate\\Foundation\\Application.php(770): Illuminate\\Container\\Container->make('App\\\\Http\\\\Contro...', Array)
#9 C:\\laragon\\www\\vipclub\\vendor\\laravel\\framework\\src\\Illuminate\\Routing\\Route.php(233): Illuminate\\Foundation\\Application->make('App\\\\Http\\\\Contro...')
#10 C:\\laragon\\www\\vipclub\\vendor\\laravel\\framework\\src\\Illuminate\\Routing\\Route.php(833): Illuminate\\Routing\\Route->getController()
#11 C:\\laragon\\www\\vipclub\\vendor\\laravel\\framework\\src\\Illuminate\\Routing\\Route.php(794): Illuminate\\Routing\\Route->controllerMiddleware()
#12 C:\\laragon\\www\\vipclub\\vendor\\laravel\\framework\\src\\Illuminate\\Routing\\Router.php(699): Illuminate\\Routing\\Route->gatherMiddleware()
#13 C:\\laragon\\www\\vipclub\\vendor\\laravel\\framework\\src\\Illuminate\\Routing\\Router.php(679): Illuminate\\Routing\\Router->gatherRouteMiddleware(Object(Illuminate\\Routing\\Route))
#14 C:\\laragon\\www\\vipclub\\vendor\\laravel\\framework\\src\\Illuminate\\Routing\\Router.php(663): Illuminate\\Routing\\Router->runRouteWithinStack(Object(Illuminate\\Routing\\Route), Object(Illuminate\\Http\\Request))
#15 C:\\laragon\\www\\vipclub\\vendor\\laravel\\framework\\src\\Illuminate\\Routing\\Router.php(629): Illuminate\\Routing\\Router->runRoute(Object(Illuminate\\Http\\Request), Object(Illuminate\\Routing\\Route))
#16 C:\\laragon\\www\\vipclub\\vendor\\laravel\\framework\\src\\Illuminate\\Routing\\Router.php(618): Illuminate\\Routing\\Router->dispatchToRoute(Object(Illuminate\\Http\\Request))
#17 C:\\laragon\\www\\vipclub\\vendor\\laravel\\framework\\src\\Illuminate\\Foundation\\Http\\Kernel.php(172): Illuminate\\Routing\\Router->dispatch(Object(Illuminate\\Http\\Request))
#18 C:\\laragon\\www\\vipclub\\vendor\\laravel\\framework\\src\\Illuminate\\Pipeline\\Pipeline.php(130): Illuminate\\Foundation\\Http\\Kernel->Illuminate\\Foundation\\Http\\{closure}(Object(Illuminate\\Http\\Request))
#19 C:\\laragon\\www\\vipclub\\vendor\\fideloper\\proxy\\src\\TrustProxies.php(57): Illuminate\\Pipeline\\Pipeline->Illuminate\\Pipeline\\{closure}(Object(Illuminate\\Http\\Request))
#20 C:\\laragon\\www\\vipclub\\vendor\\laravel\\framework\\src\\Illuminate\\Pipeline\\Pipeline.php(171): Fideloper\\Proxy\\TrustProxies->handle(Object(Illuminate\\Http\\Request), Object(Closure))
#21 C:\\laragon\\www\\vipclub\\vendor\\laravel\\framework\\src\\Illuminate\\Foundation\\Http\\Middleware\\TransformsRequest.php(21): Illuminate\\Pipeline\\Pipeline->Illuminate\\Pipeline\\{closure}(Object(Illuminate\\Http\\Request))
#22 C:\\laragon\\www\\vipclub\\vendor\\laravel\\framework\\src\\Illuminate\\Pipeline\\Pipeline.php(171): Illuminate\\Foundation\\Http\\Middleware\\TransformsRequest->handle(Object(Illuminate\\Http\\Request), Object(Closure))
#23 C:\\laragon\\www\\vipclub\\vendor\\laravel\\framework\\src\\Illuminate\\Foundation\\Http\\Middleware\\TransformsRequest.php(21): Illuminate\\Pipeline\\Pipeline->Illuminate\\Pipeline\\{closure}(Object(Illuminate\\Http\\Request))
#24 C:\\laragon\\www\\vipclub\\vendor\\laravel\\framework\\src\\Illuminate\\Pipeline\\Pipeline.php(171): Illuminate\\Foundation\\Http\\Middleware\\TransformsRequest->handle(Object(Illuminate\\Http\\Request), Object(Closure))
#25 C:\\laragon\\www\\vipclub\\vendor\\laravel\\framework\\src\\Illuminate\\Foundation\\Http\\Middleware\\ValidatePostSize.php(27): Illuminate\\Pipeline\\Pipeline->Illuminate\\Pipeline\\{closure}(Object(Illuminate\\Http\\Request))
#26 C:\\laragon\\www\\vipclub\\vendor\\laravel\\framework\\src\\Illuminate\\Pipeline\\Pipeline.php(171): Illuminate\\Foundation\\Http\\Middleware\\ValidatePostSize->handle(Object(Illuminate\\Http\\Request), Object(Closure))
#27 C:\\laragon\\www\\vipclub\\vendor\\laravel\\framework\\src\\Illuminate\\Foundation\\Http\\Middleware\\CheckForMaintenanceMode.php(63): Illuminate\\Pipeline\\Pipeline->Illuminate\\Pipeline\\{closure}(Object(Illuminate\\Http\\Request))
#28 C:\\laragon\\www\\vipclub\\vendor\\laravel\\framework\\src\\Illuminate\\Pipeline\\Pipeline.php(171): Illuminate\\Foundation\\Http\\Middleware\\CheckForMaintenanceMode->handle(Object(Illuminate\\Http\\Request), Object(Closure))
#29 C:\\laragon\\www\\vipclub\\vendor\\laravel\\framework\\src\\Illuminate\\Pipeline\\Pipeline.php(105): Illuminate\\Pipeline\\Pipeline->Illuminate\\Pipeline\\{closure}(Object(Illuminate\\Http\\Request))
#30 C:\\laragon\\www\\vipclub\\vendor\\laravel\\framework\\src\\Illuminate\\Foundation\\Http\\Kernel.php(147): Illuminate\\Pipeline\\Pipeline->then(Object(Closure))
#31 C:\\laragon\\www\\vipclub\\vendor\\laravel\\framework\\src\\Illuminate\\Foundation\\Http\\Kernel.php(112): Illuminate\\Foundation\\Http\\Kernel->sendRequestThroughRouter(Object(Illuminate\\Http\\Request))
#32 C:\\laragon\\www\\vipclub\\index.php(52): Illuminate\\Foundation\\Http\\Kernel->handle(Object(Illuminate\\Http\\Request))
#33 {main}
"} 
[2024-07-31 00:17:03] production.ERROR: Credentials must be an instance of Aws\Credentials\CredentialsInterface, an associative array that contains "key", "secret", and an optional "token" key-value pairs, a credentials provider function, or false. {"exception":"[object] (InvalidArgumentException(code: 0): Credentials must be an instance of Aws\\Credentials\\CredentialsInterface, an associative array that contains \"key\", \"secret\", and an optional \"token\" key-value pairs, a credentials provider function, or false. at C:\\laragon\\www\\vipclub\\vendor\\aws\\aws-sdk-php\\src\\ClientResolver.php:531)
[stacktrace]
#0 C:\\laragon\\www\\vipclub\\vendor\\aws\\aws-sdk-php\\src\\ClientResolver.php(352): Aws\\ClientResolver::_apply_credentials(Array, Array, Object(Aws\\HandlerList))
#1 C:\\laragon\\www\\vipclub\\vendor\\aws\\aws-sdk-php\\src\\AwsClient.php(199): Aws\\ClientResolver->resolve(Array, Object(Aws\\HandlerList))
#2 C:\\laragon\\www\\vipclub\\app\\Http\\Controllers\\LiveStreamController.php(23): Aws\\AwsClient->__construct(Array)
#3 [internal function]: App\\Http\\Controllers\\LiveStreamController->__construct()
#4 C:\\laragon\\www\\vipclub\\vendor\\laravel\\framework\\src\\Illuminate\\Container\\Container.php(843): ReflectionClass->newInstanceArgs(Array)
#5 C:\\laragon\\www\\vipclub\\vendor\\laravel\\framework\\src\\Illuminate\\Container\\Container.php(681): Illuminate\\Container\\Container->build('App\\\\Http\\\\Contro...')
#6 C:\\laragon\\www\\vipclub\\vendor\\laravel\\framework\\src\\Illuminate\\Foundation\\Application.php(785): Illuminate\\Container\\Container->resolve('App\\\\Http\\\\Contro...', Array, true)
#7 C:\\laragon\\www\\vipclub\\vendor\\laravel\\framework\\src\\Illuminate\\Container\\Container.php(629): Illuminate\\Foundation\\Application->resolve('App\\\\Http\\\\Contro...', Array)
#8 C:\\laragon\\www\\vipclub\\vendor\\laravel\\framework\\src\\Illuminate\\Foundation\\Application.php(770): Illuminate\\Container\\Container->make('App\\\\Http\\\\Contro...', Array)
#9 C:\\laragon\\www\\vipclub\\vendor\\laravel\\framework\\src\\Illuminate\\Routing\\Route.php(233): Illuminate\\Foundation\\Application->make('App\\\\Http\\\\Contro...')
#10 C:\\laragon\\www\\vipclub\\vendor\\laravel\\framework\\src\\Illuminate\\Routing\\Route.php(833): Illuminate\\Routing\\Route->getController()
#11 C:\\laragon\\www\\vipclub\\vendor\\laravel\\framework\\src\\Illuminate\\Routing\\Route.php(794): Illuminate\\Routing\\Route->controllerMiddleware()
#12 C:\\laragon\\www\\vipclub\\vendor\\laravel\\framework\\src\\Illuminate\\Routing\\Router.php(699): Illuminate\\Routing\\Route->gatherMiddleware()
#13 C:\\laragon\\www\\vipclub\\vendor\\laravel\\framework\\src\\Illuminate\\Routing\\Router.php(679): Illuminate\\Routing\\Router->gatherRouteMiddleware(Object(Illuminate\\Routing\\Route))
#14 C:\\laragon\\www\\vipclub\\vendor\\laravel\\framework\\src\\Illuminate\\Routing\\Router.php(663): Illuminate\\Routing\\Router->runRouteWithinStack(Object(Illuminate\\Routing\\Route), Object(Illuminate\\Http\\Request))
#15 C:\\laragon\\www\\vipclub\\vendor\\laravel\\framework\\src\\Illuminate\\Routing\\Router.php(629): Illuminate\\Routing\\Router->runRoute(Object(Illuminate\\Http\\Request), Object(Illuminate\\Routing\\Route))
#16 C:\\laragon\\www\\vipclub\\vendor\\laravel\\framework\\src\\Illuminate\\Routing\\Router.php(618): Illuminate\\Routing\\Router->dispatchToRoute(Object(Illuminate\\Http\\Request))
#17 C:\\laragon\\www\\vipclub\\vendor\\laravel\\framework\\src\\Illuminate\\Foundation\\Http\\Kernel.php(172): Illuminate\\Routing\\Router->dispatch(Object(Illuminate\\Http\\Request))
#18 C:\\laragon\\www\\vipclub\\vendor\\laravel\\framework\\src\\Illuminate\\Pipeline\\Pipeline.php(130): Illuminate\\Foundation\\Http\\Kernel->Illuminate\\Foundation\\Http\\{closure}(Object(Illuminate\\Http\\Request))
#19 C:\\laragon\\www\\vipclub\\vendor\\fideloper\\proxy\\src\\TrustProxies.php(57): Illuminate\\Pipeline\\Pipeline->Illuminate\\Pipeline\\{closure}(Object(Illuminate\\Http\\Request))
#20 C:\\laragon\\www\\vipclub\\vendor\\laravel\\framework\\src\\Illuminate\\Pipeline\\Pipeline.php(171): Fideloper\\Proxy\\TrustProxies->handle(Object(Illuminate\\Http\\Request), Object(Closure))
#21 C:\\laragon\\www\\vipclub\\vendor\\laravel\\framework\\src\\Illuminate\\Foundation\\Http\\Middleware\\TransformsRequest.php(21): Illuminate\\Pipeline\\Pipeline->Illuminate\\Pipeline\\{closure}(Object(Illuminate\\Http\\Request))
#22 C:\\laragon\\www\\vipclub\\vendor\\laravel\\framework\\src\\Illuminate\\Pipeline\\Pipeline.php(171): Illuminate\\Foundation\\Http\\Middleware\\TransformsRequest->handle(Object(Illuminate\\Http\\Request), Object(Closure))
#23 C:\\laragon\\www\\vipclub\\vendor\\laravel\\framework\\src\\Illuminate\\Foundation\\Http\\Middleware\\TransformsRequest.php(21): Illuminate\\Pipeline\\Pipeline->Illuminate\\Pipeline\\{closure}(Object(Illuminate\\Http\\Request))
#24 C:\\laragon\\www\\vipclub\\vendor\\laravel\\framework\\src\\Illuminate\\Pipeline\\Pipeline.php(171): Illuminate\\Foundation\\Http\\Middleware\\TransformsRequest->handle(Object(Illuminate\\Http\\Request), Object(Closure))
#25 C:\\laragon\\www\\vipclub\\vendor\\laravel\\framework\\src\\Illuminate\\Foundation\\Http\\Middleware\\ValidatePostSize.php(27): Illuminate\\Pipeline\\Pipeline->Illuminate\\Pipeline\\{closure}(Object(Illuminate\\Http\\Request))
#26 C:\\laragon\\www\\vipclub\\vendor\\laravel\\framework\\src\\Illuminate\\Pipeline\\Pipeline.php(171): Illuminate\\Foundation\\Http\\Middleware\\ValidatePostSize->handle(Object(Illuminate\\Http\\Request), Object(Closure))
#27 C:\\laragon\\www\\vipclub\\vendor\\laravel\\framework\\src\\Illuminate\\Foundation\\Http\\Middleware\\CheckForMaintenanceMode.php(63): Illuminate\\Pipeline\\Pipeline->Illuminate\\Pipeline\\{closure}(Object(Illuminate\\Http\\Request))
#28 C:\\laragon\\www\\vipclub\\vendor\\laravel\\framework\\src\\Illuminate\\Pipeline\\Pipeline.php(171): Illuminate\\Foundation\\Http\\Middleware\\CheckForMaintenanceMode->handle(Object(Illuminate\\Http\\Request), Object(Closure))
#29 C:\\laragon\\www\\vipclub\\vendor\\laravel\\framework\\src\\Illuminate\\Pipeline\\Pipeline.php(105): Illuminate\\Pipeline\\Pipeline->Illuminate\\Pipeline\\{closure}(Object(Illuminate\\Http\\Request))
#30 C:\\laragon\\www\\vipclub\\vendor\\laravel\\framework\\src\\Illuminate\\Foundation\\Http\\Kernel.php(147): Illuminate\\Pipeline\\Pipeline->then(Object(Closure))
#31 C:\\laragon\\www\\vipclub\\vendor\\laravel\\framework\\src\\Illuminate\\Foundation\\Http\\Kernel.php(112): Illuminate\\Foundation\\Http\\Kernel->sendRequestThroughRouter(Object(Illuminate\\Http\\Request))
#32 C:\\laragon\\www\\vipclub\\index.php(52): Illuminate\\Foundation\\Http\\Kernel->handle(Object(Illuminate\\Http\\Request))
#33 {main}
"} 
[2024-07-31 00:17:06] production.ERROR: Credentials must be an instance of Aws\Credentials\CredentialsInterface, an associative array that contains "key", "secret", and an optional "token" key-value pairs, a credentials provider function, or false. {"exception":"[object] (InvalidArgumentException(code: 0): Credentials must be an instance of Aws\\Credentials\\CredentialsInterface, an associative array that contains \"key\", \"secret\", and an optional \"token\" key-value pairs, a credentials provider function, or false. at C:\\laragon\\www\\vipclub\\vendor\\aws\\aws-sdk-php\\src\\ClientResolver.php:531)
[stacktrace]
#0 C:\\laragon\\www\\vipclub\\vendor\\aws\\aws-sdk-php\\src\\ClientResolver.php(352): Aws\\ClientResolver::_apply_credentials(Array, Array, Object(Aws\\HandlerList))
#1 C:\\laragon\\www\\vipclub\\vendor\\aws\\aws-sdk-php\\src\\AwsClient.php(199): Aws\\ClientResolver->resolve(Array, Object(Aws\\HandlerList))
#2 C:\\laragon\\www\\vipclub\\app\\Http\\Controllers\\LiveStreamController.php(23): Aws\\AwsClient->__construct(Array)
#3 [internal function]: App\\Http\\Controllers\\LiveStreamController->__construct()
#4 C:\\laragon\\www\\vipclub\\vendor\\laravel\\framework\\src\\Illuminate\\Container\\Container.php(843): ReflectionClass->newInstanceArgs(Array)
#5 C:\\laragon\\www\\vipclub\\vendor\\laravel\\framework\\src\\Illuminate\\Container\\Container.php(681): Illuminate\\Container\\Container->build('App\\\\Http\\\\Contro...')
#6 C:\\laragon\\www\\vipclub\\vendor\\laravel\\framework\\src\\Illuminate\\Foundation\\Application.php(785): Illuminate\\Container\\Container->resolve('App\\\\Http\\\\Contro...', Array, true)
#7 C:\\laragon\\www\\vipclub\\vendor\\laravel\\framework\\src\\Illuminate\\Container\\Container.php(629): Illuminate\\Foundation\\Application->resolve('App\\\\Http\\\\Contro...', Array)
#8 C:\\laragon\\www\\vipclub\\vendor\\laravel\\framework\\src\\Illuminate\\Foundation\\Application.php(770): Illuminate\\Container\\Container->make('App\\\\Http\\\\Contro...', Array)
#9 C:\\laragon\\www\\vipclub\\vendor\\laravel\\framework\\src\\Illuminate\\Routing\\Route.php(233): Illuminate\\Foundation\\Application->make('App\\\\Http\\\\Contro...')
#10 C:\\laragon\\www\\vipclub\\vendor\\laravel\\framework\\src\\Illuminate\\Routing\\Route.php(833): Illuminate\\Routing\\Route->getController()
#11 C:\\laragon\\www\\vipclub\\vendor\\laravel\\framework\\src\\Illuminate\\Routing\\Route.php(794): Illuminate\\Routing\\Route->controllerMiddleware()
#12 C:\\laragon\\www\\vipclub\\vendor\\laravel\\framework\\src\\Illuminate\\Routing\\Router.php(699): Illuminate\\Routing\\Route->gatherMiddleware()
#13 C:\\laragon\\www\\vipclub\\vendor\\laravel\\framework\\src\\Illuminate\\Routing\\Router.php(679): Illuminate\\Routing\\Router->gatherRouteMiddleware(Object(Illuminate\\Routing\\Route))
#14 C:\\laragon\\www\\vipclub\\vendor\\laravel\\framework\\src\\Illuminate\\Routing\\Router.php(663): Illuminate\\Routing\\Router->runRouteWithinStack(Object(Illuminate\\Routing\\Route), Object(Illuminate\\Http\\Request))
#15 C:\\laragon\\www\\vipclub\\vendor\\laravel\\framework\\src\\Illuminate\\Routing\\Router.php(629): Illuminate\\Routing\\Router->runRoute(Object(Illuminate\\Http\\Request), Object(Illuminate\\Routing\\Route))
#16 C:\\laragon\\www\\vipclub\\vendor\\laravel\\framework\\src\\Illuminate\\Routing\\Router.php(618): Illuminate\\Routing\\Router->dispatchToRoute(Object(Illuminate\\Http\\Request))
#17 C:\\laragon\\www\\vipclub\\vendor\\laravel\\framework\\src\\Illuminate\\Foundation\\Http\\Kernel.php(172): Illuminate\\Routing\\Router->dispatch(Object(Illuminate\\Http\\Request))
#18 C:\\laragon\\www\\vipclub\\vendor\\laravel\\framework\\src\\Illuminate\\Pipeline\\Pipeline.php(130): Illuminate\\Foundation\\Http\\Kernel->Illuminate\\Foundation\\Http\\{closure}(Object(Illuminate\\Http\\Request))
#19 C:\\laragon\\www\\vipclub\\vendor\\fideloper\\proxy\\src\\TrustProxies.php(57): Illuminate\\Pipeline\\Pipeline->Illuminate\\Pipeline\\{closure}(Object(Illuminate\\Http\\Request))
#20 C:\\laragon\\www\\vipclub\\vendor\\laravel\\framework\\src\\Illuminate\\Pipeline\\Pipeline.php(171): Fideloper\\Proxy\\TrustProxies->handle(Object(Illuminate\\Http\\Request), Object(Closure))
#21 C:\\laragon\\www\\vipclub\\vendor\\laravel\\framework\\src\\Illuminate\\Foundation\\Http\\Middleware\\TransformsRequest.php(21): Illuminate\\Pipeline\\Pipeline->Illuminate\\Pipeline\\{closure}(Object(Illuminate\\Http\\Request))
#22 C:\\laragon\\www\\vipclub\\vendor\\laravel\\framework\\src\\Illuminate\\Pipeline\\Pipeline.php(171): Illuminate\\Foundation\\Http\\Middleware\\TransformsRequest->handle(Object(Illuminate\\Http\\Request), Object(Closure))
#23 C:\\laragon\\www\\vipclub\\vendor\\laravel\\framework\\src\\Illuminate\\Foundation\\Http\\Middleware\\TransformsRequest.php(21): Illuminate\\Pipeline\\Pipeline->Illuminate\\Pipeline\\{closure}(Object(Illuminate\\Http\\Request))
#24 C:\\laragon\\www\\vipclub\\vendor\\laravel\\framework\\src\\Illuminate\\Pipeline\\Pipeline.php(171): Illuminate\\Foundation\\Http\\Middleware\\TransformsRequest->handle(Object(Illuminate\\Http\\Request), Object(Closure))
#25 C:\\laragon\\www\\vipclub\\vendor\\laravel\\framework\\src\\Illuminate\\Foundation\\Http\\Middleware\\ValidatePostSize.php(27): Illuminate\\Pipeline\\Pipeline->Illuminate\\Pipeline\\{closure}(Object(Illuminate\\Http\\Request))
#26 C:\\laragon\\www\\vipclub\\vendor\\laravel\\framework\\src\\Illuminate\\Pipeline\\Pipeline.php(171): Illuminate\\Foundation\\Http\\Middleware\\ValidatePostSize->handle(Object(Illuminate\\Http\\Request), Object(Closure))
#27 C:\\laragon\\www\\vipclub\\vendor\\laravel\\framework\\src\\Illuminate\\Foundation\\Http\\Middleware\\CheckForMaintenanceMode.php(63): Illuminate\\Pipeline\\Pipeline->Illuminate\\Pipeline\\{closure}(Object(Illuminate\\Http\\Request))
#28 C:\\laragon\\www\\vipclub\\vendor\\laravel\\framework\\src\\Illuminate\\Pipeline\\Pipeline.php(171): Illuminate\\Foundation\\Http\\Middleware\\CheckForMaintenanceMode->handle(Object(Illuminate\\Http\\Request), Object(Closure))
#29 C:\\laragon\\www\\vipclub\\vendor\\laravel\\framework\\src\\Illuminate\\Pipeline\\Pipeline.php(105): Illuminate\\Pipeline\\Pipeline->Illuminate\\Pipeline\\{closure}(Object(Illuminate\\Http\\Request))
#30 C:\\laragon\\www\\vipclub\\vendor\\laravel\\framework\\src\\Illuminate\\Foundation\\Http\\Kernel.php(147): Illuminate\\Pipeline\\Pipeline->then(Object(Closure))
#31 C:\\laragon\\www\\vipclub\\vendor\\laravel\\framework\\src\\Illuminate\\Foundation\\Http\\Kernel.php(112): Illuminate\\Foundation\\Http\\Kernel->sendRequestThroughRouter(Object(Illuminate\\Http\\Request))
#32 C:\\laragon\\www\\vipclub\\index.php(52): Illuminate\\Foundation\\Http\\Kernel->handle(Object(Illuminate\\Http\\Request))
#33 {main}
"} 
[2024-07-31 00:17:21] production.ERROR: Credentials must be an instance of Aws\Credentials\CredentialsInterface, an associative array that contains "key", "secret", and an optional "token" key-value pairs, a credentials provider function, or false. {"exception":"[object] (InvalidArgumentException(code: 0): Credentials must be an instance of Aws\\Credentials\\CredentialsInterface, an associative array that contains \"key\", \"secret\", and an optional \"token\" key-value pairs, a credentials provider function, or false. at C:\\laragon\\www\\vipclub\\vendor\\aws\\aws-sdk-php\\src\\ClientResolver.php:531)
[stacktrace]
#0 C:\\laragon\\www\\vipclub\\vendor\\aws\\aws-sdk-php\\src\\ClientResolver.php(352): Aws\\ClientResolver::_apply_credentials(Array, Array, Object(Aws\\HandlerList))
#1 C:\\laragon\\www\\vipclub\\vendor\\aws\\aws-sdk-php\\src\\AwsClient.php(199): Aws\\ClientResolver->resolve(Array, Object(Aws\\HandlerList))
#2 C:\\laragon\\www\\vipclub\\app\\Http\\Controllers\\LiveStreamController.php(23): Aws\\AwsClient->__construct(Array)
#3 [internal function]: App\\Http\\Controllers\\LiveStreamController->__construct()
#4 C:\\laragon\\www\\vipclub\\vendor\\laravel\\framework\\src\\Illuminate\\Container\\Container.php(843): ReflectionClass->newInstanceArgs(Array)
#5 C:\\laragon\\www\\vipclub\\vendor\\laravel\\framework\\src\\Illuminate\\Container\\Container.php(681): Illuminate\\Container\\Container->build('App\\\\Http\\\\Contro...')
#6 C:\\laragon\\www\\vipclub\\vendor\\laravel\\framework\\src\\Illuminate\\Foundation\\Application.php(785): Illuminate\\Container\\Container->resolve('App\\\\Http\\\\Contro...', Array, true)
#7 C:\\laragon\\www\\vipclub\\vendor\\laravel\\framework\\src\\Illuminate\\Container\\Container.php(629): Illuminate\\Foundation\\Application->resolve('App\\\\Http\\\\Contro...', Array)
#8 C:\\laragon\\www\\vipclub\\vendor\\laravel\\framework\\src\\Illuminate\\Foundation\\Application.php(770): Illuminate\\Container\\Container->make('App\\\\Http\\\\Contro...', Array)
#9 C:\\laragon\\www\\vipclub\\vendor\\laravel\\framework\\src\\Illuminate\\Routing\\Route.php(233): Illuminate\\Foundation\\Application->make('App\\\\Http\\\\Contro...')
#10 C:\\laragon\\www\\vipclub\\vendor\\laravel\\framework\\src\\Illuminate\\Routing\\Route.php(833): Illuminate\\Routing\\Route->getController()
#11 C:\\laragon\\www\\vipclub\\vendor\\laravel\\framework\\src\\Illuminate\\Routing\\Route.php(794): Illuminate\\Routing\\Route->controllerMiddleware()
#12 C:\\laragon\\www\\vipclub\\vendor\\laravel\\framework\\src\\Illuminate\\Routing\\Router.php(699): Illuminate\\Routing\\Route->gatherMiddleware()
#13 C:\\laragon\\www\\vipclub\\vendor\\laravel\\framework\\src\\Illuminate\\Routing\\Router.php(679): Illuminate\\Routing\\Router->gatherRouteMiddleware(Object(Illuminate\\Routing\\Route))
#14 C:\\laragon\\www\\vipclub\\vendor\\laravel\\framework\\src\\Illuminate\\Routing\\Router.php(663): Illuminate\\Routing\\Router->runRouteWithinStack(Object(Illuminate\\Routing\\Route), Object(Illuminate\\Http\\Request))
#15 C:\\laragon\\www\\vipclub\\vendor\\laravel\\framework\\src\\Illuminate\\Routing\\Router.php(629): Illuminate\\Routing\\Router->runRoute(Object(Illuminate\\Http\\Request), Object(Illuminate\\Routing\\Route))
#16 C:\\laragon\\www\\vipclub\\vendor\\laravel\\framework\\src\\Illuminate\\Routing\\Router.php(618): Illuminate\\Routing\\Router->dispatchToRoute(Object(Illuminate\\Http\\Request))
#17 C:\\laragon\\www\\vipclub\\vendor\\laravel\\framework\\src\\Illuminate\\Foundation\\Http\\Kernel.php(172): Illuminate\\Routing\\Router->dispatch(Object(Illuminate\\Http\\Request))
#18 C:\\laragon\\www\\vipclub\\vendor\\laravel\\framework\\src\\Illuminate\\Pipeline\\Pipeline.php(130): Illuminate\\Foundation\\Http\\Kernel->Illuminate\\Foundation\\Http\\{closure}(Object(Illuminate\\Http\\Request))
#19 C:\\laragon\\www\\vipclub\\vendor\\fideloper\\proxy\\src\\TrustProxies.php(57): Illuminate\\Pipeline\\Pipeline->Illuminate\\Pipeline\\{closure}(Object(Illuminate\\Http\\Request))
#20 C:\\laragon\\www\\vipclub\\vendor\\laravel\\framework\\src\\Illuminate\\Pipeline\\Pipeline.php(171): Fideloper\\Proxy\\TrustProxies->handle(Object(Illuminate\\Http\\Request), Object(Closure))
#21 C:\\laragon\\www\\vipclub\\vendor\\laravel\\framework\\src\\Illuminate\\Foundation\\Http\\Middleware\\TransformsRequest.php(21): Illuminate\\Pipeline\\Pipeline->Illuminate\\Pipeline\\{closure}(Object(Illuminate\\Http\\Request))
#22 C:\\laragon\\www\\vipclub\\vendor\\laravel\\framework\\src\\Illuminate\\Pipeline\\Pipeline.php(171): Illuminate\\Foundation\\Http\\Middleware\\TransformsRequest->handle(Object(Illuminate\\Http\\Request), Object(Closure))
#23 C:\\laragon\\www\\vipclub\\vendor\\laravel\\framework\\src\\Illuminate\\Foundation\\Http\\Middleware\\TransformsRequest.php(21): Illuminate\\Pipeline\\Pipeline->Illuminate\\Pipeline\\{closure}(Object(Illuminate\\Http\\Request))
#24 C:\\laragon\\www\\vipclub\\vendor\\laravel\\framework\\src\\Illuminate\\Pipeline\\Pipeline.php(171): Illuminate\\Foundation\\Http\\Middleware\\TransformsRequest->handle(Object(Illuminate\\Http\\Request), Object(Closure))
#25 C:\\laragon\\www\\vipclub\\vendor\\laravel\\framework\\src\\Illuminate\\Foundation\\Http\\Middleware\\ValidatePostSize.php(27): Illuminate\\Pipeline\\Pipeline->Illuminate\\Pipeline\\{closure}(Object(Illuminate\\Http\\Request))
#26 C:\\laragon\\www\\vipclub\\vendor\\laravel\\framework\\src\\Illuminate\\Pipeline\\Pipeline.php(171): Illuminate\\Foundation\\Http\\Middleware\\ValidatePostSize->handle(Object(Illuminate\\Http\\Request), Object(Closure))
#27 C:\\laragon\\www\\vipclub\\vendor\\laravel\\framework\\src\\Illuminate\\Foundation\\Http\\Middleware\\CheckForMaintenanceMode.php(63): Illuminate\\Pipeline\\Pipeline->Illuminate\\Pipeline\\{closure}(Object(Illuminate\\Http\\Request))
#28 C:\\laragon\\www\\vipclub\\vendor\\laravel\\framework\\src\\Illuminate\\Pipeline\\Pipeline.php(171): Illuminate\\Foundation\\Http\\Middleware\\CheckForMaintenanceMode->handle(Object(Illuminate\\Http\\Request), Object(Closure))
#29 C:\\laragon\\www\\vipclub\\vendor\\laravel\\framework\\src\\Illuminate\\Pipeline\\Pipeline.php(105): Illuminate\\Pipeline\\Pipeline->Illuminate\\Pipeline\\{closure}(Object(Illuminate\\Http\\Request))
#30 C:\\laragon\\www\\vipclub\\vendor\\laravel\\framework\\src\\Illuminate\\Foundation\\Http\\Kernel.php(147): Illuminate\\Pipeline\\Pipeline->then(Object(Closure))
#31 C:\\laragon\\www\\vipclub\\vendor\\laravel\\framework\\src\\Illuminate\\Foundation\\Http\\Kernel.php(112): Illuminate\\Foundation\\Http\\Kernel->sendRequestThroughRouter(Object(Illuminate\\Http\\Request))
#32 C:\\laragon\\www\\vipclub\\index.php(52): Illuminate\\Foundation\\Http\\Kernel->handle(Object(Illuminate\\Http\\Request))
#33 {main}
"} 
[2024-07-31 00:17:26] production.ERROR: Credentials must be an instance of Aws\Credentials\CredentialsInterface, an associative array that contains "key", "secret", and an optional "token" key-value pairs, a credentials provider function, or false. {"exception":"[object] (InvalidArgumentException(code: 0): Credentials must be an instance of Aws\\Credentials\\CredentialsInterface, an associative array that contains \"key\", \"secret\", and an optional \"token\" key-value pairs, a credentials provider function, or false. at C:\\laragon\\www\\vipclub\\vendor\\aws\\aws-sdk-php\\src\\ClientResolver.php:531)
[stacktrace]
#0 C:\\laragon\\www\\vipclub\\vendor\\aws\\aws-sdk-php\\src\\ClientResolver.php(352): Aws\\ClientResolver::_apply_credentials(Array, Array, Object(Aws\\HandlerList))
#1 C:\\laragon\\www\\vipclub\\vendor\\aws\\aws-sdk-php\\src\\AwsClient.php(199): Aws\\ClientResolver->resolve(Array, Object(Aws\\HandlerList))
#2 C:\\laragon\\www\\vipclub\\app\\Http\\Controllers\\LiveStreamController.php(23): Aws\\AwsClient->__construct(Array)
#3 [internal function]: App\\Http\\Controllers\\LiveStreamController->__construct()
#4 C:\\laragon\\www\\vipclub\\vendor\\laravel\\framework\\src\\Illuminate\\Container\\Container.php(843): ReflectionClass->newInstanceArgs(Array)
#5 C:\\laragon\\www\\vipclub\\vendor\\laravel\\framework\\src\\Illuminate\\Container\\Container.php(681): Illuminate\\Container\\Container->build('App\\\\Http\\\\Contro...')
#6 C:\\laragon\\www\\vipclub\\vendor\\laravel\\framework\\src\\Illuminate\\Foundation\\Application.php(785): Illuminate\\Container\\Container->resolve('App\\\\Http\\\\Contro...', Array, true)
#7 C:\\laragon\\www\\vipclub\\vendor\\laravel\\framework\\src\\Illuminate\\Container\\Container.php(629): Illuminate\\Foundation\\Application->resolve('App\\\\Http\\\\Contro...', Array)
#8 C:\\laragon\\www\\vipclub\\vendor\\laravel\\framework\\src\\Illuminate\\Foundation\\Application.php(770): Illuminate\\Container\\Container->make('App\\\\Http\\\\Contro...', Array)
#9 C:\\laragon\\www\\vipclub\\vendor\\laravel\\framework\\src\\Illuminate\\Routing\\Route.php(233): Illuminate\\Foundation\\Application->make('App\\\\Http\\\\Contro...')
#10 C:\\laragon\\www\\vipclub\\vendor\\laravel\\framework\\src\\Illuminate\\Routing\\Route.php(833): Illuminate\\Routing\\Route->getController()
#11 C:\\laragon\\www\\vipclub\\vendor\\laravel\\framework\\src\\Illuminate\\Routing\\Route.php(794): Illuminate\\Routing\\Route->controllerMiddleware()
#12 C:\\laragon\\www\\vipclub\\vendor\\laravel\\framework\\src\\Illuminate\\Routing\\Router.php(699): Illuminate\\Routing\\Route->gatherMiddleware()
#13 C:\\laragon\\www\\vipclub\\vendor\\laravel\\framework\\src\\Illuminate\\Routing\\Router.php(679): Illuminate\\Routing\\Router->gatherRouteMiddleware(Object(Illuminate\\Routing\\Route))
#14 C:\\laragon\\www\\vipclub\\vendor\\laravel\\framework\\src\\Illuminate\\Routing\\Router.php(663): Illuminate\\Routing\\Router->runRouteWithinStack(Object(Illuminate\\Routing\\Route), Object(Illuminate\\Http\\Request))
#15 C:\\laragon\\www\\vipclub\\vendor\\laravel\\framework\\src\\Illuminate\\Routing\\Router.php(629): Illuminate\\Routing\\Router->runRoute(Object(Illuminate\\Http\\Request), Object(Illuminate\\Routing\\Route))
#16 C:\\laragon\\www\\vipclub\\vendor\\laravel\\framework\\src\\Illuminate\\Routing\\Router.php(618): Illuminate\\Routing\\Router->dispatchToRoute(Object(Illuminate\\Http\\Request))
#17 C:\\laragon\\www\\vipclub\\vendor\\laravel\\framework\\src\\Illuminate\\Foundation\\Http\\Kernel.php(172): Illuminate\\Routing\\Router->dispatch(Object(Illuminate\\Http\\Request))
#18 C:\\laragon\\www\\vipclub\\vendor\\laravel\\framework\\src\\Illuminate\\Pipeline\\Pipeline.php(130): Illuminate\\Foundation\\Http\\Kernel->Illuminate\\Foundation\\Http\\{closure}(Object(Illuminate\\Http\\Request))
#19 C:\\laragon\\www\\vipclub\\vendor\\fideloper\\proxy\\src\\TrustProxies.php(57): Illuminate\\Pipeline\\Pipeline->Illuminate\\Pipeline\\{closure}(Object(Illuminate\\Http\\Request))
#20 C:\\laragon\\www\\vipclub\\vendor\\laravel\\framework\\src\\Illuminate\\Pipeline\\Pipeline.php(171): Fideloper\\Proxy\\TrustProxies->handle(Object(Illuminate\\Http\\Request), Object(Closure))
#21 C:\\laragon\\www\\vipclub\\vendor\\laravel\\framework\\src\\Illuminate\\Foundation\\Http\\Middleware\\TransformsRequest.php(21): Illuminate\\Pipeline\\Pipeline->Illuminate\\Pipeline\\{closure}(Object(Illuminate\\Http\\Request))
#22 C:\\laragon\\www\\vipclub\\vendor\\laravel\\framework\\src\\Illuminate\\Pipeline\\Pipeline.php(171): Illuminate\\Foundation\\Http\\Middleware\\TransformsRequest->handle(Object(Illuminate\\Http\\Request), Object(Closure))
#23 C:\\laragon\\www\\vipclub\\vendor\\laravel\\framework\\src\\Illuminate\\Foundation\\Http\\Middleware\\TransformsRequest.php(21): Illuminate\\Pipeline\\Pipeline->Illuminate\\Pipeline\\{closure}(Object(Illuminate\\Http\\Request))
#24 C:\\laragon\\www\\vipclub\\vendor\\laravel\\framework\\src\\Illuminate\\Pipeline\\Pipeline.php(171): Illuminate\\Foundation\\Http\\Middleware\\TransformsRequest->handle(Object(Illuminate\\Http\\Request), Object(Closure))
#25 C:\\laragon\\www\\vipclub\\vendor\\laravel\\framework\\src\\Illuminate\\Foundation\\Http\\Middleware\\ValidatePostSize.php(27): Illuminate\\Pipeline\\Pipeline->Illuminate\\Pipeline\\{closure}(Object(Illuminate\\Http\\Request))
#26 C:\\laragon\\www\\vipclub\\vendor\\laravel\\framework\\src\\Illuminate\\Pipeline\\Pipeline.php(171): Illuminate\\Foundation\\Http\\Middleware\\ValidatePostSize->handle(Object(Illuminate\\Http\\Request), Object(Closure))
#27 C:\\laragon\\www\\vipclub\\vendor\\laravel\\framework\\src\\Illuminate\\Foundation\\Http\\Middleware\\CheckForMaintenanceMode.php(63): Illuminate\\Pipeline\\Pipeline->Illuminate\\Pipeline\\{closure}(Object(Illuminate\\Http\\Request))
#28 C:\\laragon\\www\\vipclub\\vendor\\laravel\\framework\\src\\Illuminate\\Pipeline\\Pipeline.php(171): Illuminate\\Foundation\\Http\\Middleware\\CheckForMaintenanceMode->handle(Object(Illuminate\\Http\\Request), Object(Closure))
#29 C:\\laragon\\www\\vipclub\\vendor\\laravel\\framework\\src\\Illuminate\\Pipeline\\Pipeline.php(105): Illuminate\\Pipeline\\Pipeline->Illuminate\\Pipeline\\{closure}(Object(Illuminate\\Http\\Request))
#30 C:\\laragon\\www\\vipclub\\vendor\\laravel\\framework\\src\\Illuminate\\Foundation\\Http\\Kernel.php(147): Illuminate\\Pipeline\\Pipeline->then(Object(Closure))
#31 C:\\laragon\\www\\vipclub\\vendor\\laravel\\framework\\src\\Illuminate\\Foundation\\Http\\Kernel.php(112): Illuminate\\Foundation\\Http\\Kernel->sendRequestThroughRouter(Object(Illuminate\\Http\\Request))
#32 C:\\laragon\\www\\vipclub\\index.php(52): Illuminate\\Foundation\\Http\\Kernel->handle(Object(Illuminate\\Http\\Request))
#33 {main}
"} 
[2024-07-31 00:17:36] production.ERROR: Credentials must be an instance of Aws\Credentials\CredentialsInterface, an associative array that contains "key", "secret", and an optional "token" key-value pairs, a credentials provider function, or false. {"exception":"[object] (InvalidArgumentException(code: 0): Credentials must be an instance of Aws\\Credentials\\CredentialsInterface, an associative array that contains \"key\", \"secret\", and an optional \"token\" key-value pairs, a credentials provider function, or false. at C:\\laragon\\www\\vipclub\\vendor\\aws\\aws-sdk-php\\src\\ClientResolver.php:531)
[stacktrace]
#0 C:\\laragon\\www\\vipclub\\vendor\\aws\\aws-sdk-php\\src\\ClientResolver.php(352): Aws\\ClientResolver::_apply_credentials(Array, Array, Object(Aws\\HandlerList))
#1 C:\\laragon\\www\\vipclub\\vendor\\aws\\aws-sdk-php\\src\\AwsClient.php(199): Aws\\ClientResolver->resolve(Array, Object(Aws\\HandlerList))
#2 C:\\laragon\\www\\vipclub\\app\\Http\\Controllers\\LiveStreamController.php(23): Aws\\AwsClient->__construct(Array)
#3 [internal function]: App\\Http\\Controllers\\LiveStreamController->__construct()
#4 C:\\laragon\\www\\vipclub\\vendor\\laravel\\framework\\src\\Illuminate\\Container\\Container.php(843): ReflectionClass->newInstanceArgs(Array)
#5 C:\\laragon\\www\\vipclub\\vendor\\laravel\\framework\\src\\Illuminate\\Container\\Container.php(681): Illuminate\\Container\\Container->build('App\\\\Http\\\\Contro...')
#6 C:\\laragon\\www\\vipclub\\vendor\\laravel\\framework\\src\\Illuminate\\Foundation\\Application.php(785): Illuminate\\Container\\Container->resolve('App\\\\Http\\\\Contro...', Array, true)
#7 C:\\laragon\\www\\vipclub\\vendor\\laravel\\framework\\src\\Illuminate\\Container\\Container.php(629): Illuminate\\Foundation\\Application->resolve('App\\\\Http\\\\Contro...', Array)
#8 C:\\laragon\\www\\vipclub\\vendor\\laravel\\framework\\src\\Illuminate\\Foundation\\Application.php(770): Illuminate\\Container\\Container->make('App\\\\Http\\\\Contro...', Array)
#9 C:\\laragon\\www\\vipclub\\vendor\\laravel\\framework\\src\\Illuminate\\Routing\\Route.php(233): Illuminate\\Foundation\\Application->make('App\\\\Http\\\\Contro...')
#10 C:\\laragon\\www\\vipclub\\vendor\\laravel\\framework\\src\\Illuminate\\Routing\\Route.php(833): Illuminate\\Routing\\Route->getController()
#11 C:\\laragon\\www\\vipclub\\vendor\\laravel\\framework\\src\\Illuminate\\Routing\\Route.php(794): Illuminate\\Routing\\Route->controllerMiddleware()
#12 C:\\laragon\\www\\vipclub\\vendor\\laravel\\framework\\src\\Illuminate\\Routing\\Router.php(699): Illuminate\\Routing\\Route->gatherMiddleware()
#13 C:\\laragon\\www\\vipclub\\vendor\\laravel\\framework\\src\\Illuminate\\Routing\\Router.php(679): Illuminate\\Routing\\Router->gatherRouteMiddleware(Object(Illuminate\\Routing\\Route))
#14 C:\\laragon\\www\\vipclub\\vendor\\laravel\\framework\\src\\Illuminate\\Routing\\Router.php(663): Illuminate\\Routing\\Router->runRouteWithinStack(Object(Illuminate\\Routing\\Route), Object(Illuminate\\Http\\Request))
#15 C:\\laragon\\www\\vipclub\\vendor\\laravel\\framework\\src\\Illuminate\\Routing\\Router.php(629): Illuminate\\Routing\\Router->runRoute(Object(Illuminate\\Http\\Request), Object(Illuminate\\Routing\\Route))
#16 C:\\laragon\\www\\vipclub\\vendor\\laravel\\framework\\src\\Illuminate\\Routing\\Router.php(618): Illuminate\\Routing\\Router->dispatchToRoute(Object(Illuminate\\Http\\Request))
#17 C:\\laragon\\www\\vipclub\\vendor\\laravel\\framework\\src\\Illuminate\\Foundation\\Http\\Kernel.php(172): Illuminate\\Routing\\Router->dispatch(Object(Illuminate\\Http\\Request))
#18 C:\\laragon\\www\\vipclub\\vendor\\laravel\\framework\\src\\Illuminate\\Pipeline\\Pipeline.php(130): Illuminate\\Foundation\\Http\\Kernel->Illuminate\\Foundation\\Http\\{closure}(Object(Illuminate\\Http\\Request))
#19 C:\\laragon\\www\\vipclub\\vendor\\fideloper\\proxy\\src\\TrustProxies.php(57): Illuminate\\Pipeline\\Pipeline->Illuminate\\Pipeline\\{closure}(Object(Illuminate\\Http\\Request))
#20 C:\\laragon\\www\\vipclub\\vendor\\laravel\\framework\\src\\Illuminate\\Pipeline\\Pipeline.php(171): Fideloper\\Proxy\\TrustProxies->handle(Object(Illuminate\\Http\\Request), Object(Closure))
#21 C:\\laragon\\www\\vipclub\\vendor\\laravel\\framework\\src\\Illuminate\\Foundation\\Http\\Middleware\\TransformsRequest.php(21): Illuminate\\Pipeline\\Pipeline->Illuminate\\Pipeline\\{closure}(Object(Illuminate\\Http\\Request))
#22 C:\\laragon\\www\\vipclub\\vendor\\laravel\\framework\\src\\Illuminate\\Pipeline\\Pipeline.php(171): Illuminate\\Foundation\\Http\\Middleware\\TransformsRequest->handle(Object(Illuminate\\Http\\Request), Object(Closure))
#23 C:\\laragon\\www\\vipclub\\vendor\\laravel\\framework\\src\\Illuminate\\Foundation\\Http\\Middleware\\TransformsRequest.php(21): Illuminate\\Pipeline\\Pipeline->Illuminate\\Pipeline\\{closure}(Object(Illuminate\\Http\\Request))
#24 C:\\laragon\\www\\vipclub\\vendor\\laravel\\framework\\src\\Illuminate\\Pipeline\\Pipeline.php(171): Illuminate\\Foundation\\Http\\Middleware\\TransformsRequest->handle(Object(Illuminate\\Http\\Request), Object(Closure))
#25 C:\\laragon\\www\\vipclub\\vendor\\laravel\\framework\\src\\Illuminate\\Foundation\\Http\\Middleware\\ValidatePostSize.php(27): Illuminate\\Pipeline\\Pipeline->Illuminate\\Pipeline\\{closure}(Object(Illuminate\\Http\\Request))
#26 C:\\laragon\\www\\vipclub\\vendor\\laravel\\framework\\src\\Illuminate\\Pipeline\\Pipeline.php(171): Illuminate\\Foundation\\Http\\Middleware\\ValidatePostSize->handle(Object(Illuminate\\Http\\Request), Object(Closure))
#27 C:\\laragon\\www\\vipclub\\vendor\\laravel\\framework\\src\\Illuminate\\Foundation\\Http\\Middleware\\CheckForMaintenanceMode.php(63): Illuminate\\Pipeline\\Pipeline->Illuminate\\Pipeline\\{closure}(Object(Illuminate\\Http\\Request))
#28 C:\\laragon\\www\\vipclub\\vendor\\laravel\\framework\\src\\Illuminate\\Pipeline\\Pipeline.php(171): Illuminate\\Foundation\\Http\\Middleware\\CheckForMaintenanceMode->handle(Object(Illuminate\\Http\\Request), Object(Closure))
#29 C:\\laragon\\www\\vipclub\\vendor\\laravel\\framework\\src\\Illuminate\\Pipeline\\Pipeline.php(105): Illuminate\\Pipeline\\Pipeline->Illuminate\\Pipeline\\{closure}(Object(Illuminate\\Http\\Request))
#30 C:\\laragon\\www\\vipclub\\vendor\\laravel\\framework\\src\\Illuminate\\Foundation\\Http\\Kernel.php(147): Illuminate\\Pipeline\\Pipeline->then(Object(Closure))
#31 C:\\laragon\\www\\vipclub\\vendor\\laravel\\framework\\src\\Illuminate\\Foundation\\Http\\Kernel.php(112): Illuminate\\Foundation\\Http\\Kernel->sendRequestThroughRouter(Object(Illuminate\\Http\\Request))
#32 C:\\laragon\\www\\vipclub\\index.php(52): Illuminate\\Foundation\\Http\\Kernel->handle(Object(Illuminate\\Http\\Request))
#33 {main}
"} 
[2024-07-31 00:17:41] production.ERROR: Credentials must be an instance of Aws\Credentials\CredentialsInterface, an associative array that contains "key", "secret", and an optional "token" key-value pairs, a credentials provider function, or false. {"exception":"[object] (InvalidArgumentException(code: 0): Credentials must be an instance of Aws\\Credentials\\CredentialsInterface, an associative array that contains \"key\", \"secret\", and an optional \"token\" key-value pairs, a credentials provider function, or false. at C:\\laragon\\www\\vipclub\\vendor\\aws\\aws-sdk-php\\src\\ClientResolver.php:531)
[stacktrace]
#0 C:\\laragon\\www\\vipclub\\vendor\\aws\\aws-sdk-php\\src\\ClientResolver.php(352): Aws\\ClientResolver::_apply_credentials(Array, Array, Object(Aws\\HandlerList))
#1 C:\\laragon\\www\\vipclub\\vendor\\aws\\aws-sdk-php\\src\\AwsClient.php(199): Aws\\ClientResolver->resolve(Array, Object(Aws\\HandlerList))
#2 C:\\laragon\\www\\vipclub\\app\\Http\\Controllers\\LiveStreamController.php(23): Aws\\AwsClient->__construct(Array)
#3 [internal function]: App\\Http\\Controllers\\LiveStreamController->__construct()
#4 C:\\laragon\\www\\vipclub\\vendor\\laravel\\framework\\src\\Illuminate\\Container\\Container.php(843): ReflectionClass->newInstanceArgs(Array)
#5 C:\\laragon\\www\\vipclub\\vendor\\laravel\\framework\\src\\Illuminate\\Container\\Container.php(681): Illuminate\\Container\\Container->build('App\\\\Http\\\\Contro...')
#6 C:\\laragon\\www\\vipclub\\vendor\\laravel\\framework\\src\\Illuminate\\Foundation\\Application.php(785): Illuminate\\Container\\Container->resolve('App\\\\Http\\\\Contro...', Array, true)
#7 C:\\laragon\\www\\vipclub\\vendor\\laravel\\framework\\src\\Illuminate\\Container\\Container.php(629): Illuminate\\Foundation\\Application->resolve('App\\\\Http\\\\Contro...', Array)
#8 C:\\laragon\\www\\vipclub\\vendor\\laravel\\framework\\src\\Illuminate\\Foundation\\Application.php(770): Illuminate\\Container\\Container->make('App\\\\Http\\\\Contro...', Array)
#9 C:\\laragon\\www\\vipclub\\vendor\\laravel\\framework\\src\\Illuminate\\Routing\\Route.php(233): Illuminate\\Foundation\\Application->make('App\\\\Http\\\\Contro...')
#10 C:\\laragon\\www\\vipclub\\vendor\\laravel\\framework\\src\\Illuminate\\Routing\\Route.php(833): Illuminate\\Routing\\Route->getController()
#11 C:\\laragon\\www\\vipclub\\vendor\\laravel\\framework\\src\\Illuminate\\Routing\\Route.php(794): Illuminate\\Routing\\Route->controllerMiddleware()
#12 C:\\laragon\\www\\vipclub\\vendor\\laravel\\framework\\src\\Illuminate\\Routing\\Router.php(699): Illuminate\\Routing\\Route->gatherMiddleware()
#13 C:\\laragon\\www\\vipclub\\vendor\\laravel\\framework\\src\\Illuminate\\Routing\\Router.php(679): Illuminate\\Routing\\Router->gatherRouteMiddleware(Object(Illuminate\\Routing\\Route))
#14 C:\\laragon\\www\\vipclub\\vendor\\laravel\\framework\\src\\Illuminate\\Routing\\Router.php(663): Illuminate\\Routing\\Router->runRouteWithinStack(Object(Illuminate\\Routing\\Route), Object(Illuminate\\Http\\Request))
#15 C:\\laragon\\www\\vipclub\\vendor\\laravel\\framework\\src\\Illuminate\\Routing\\Router.php(629): Illuminate\\Routing\\Router->runRoute(Object(Illuminate\\Http\\Request), Object(Illuminate\\Routing\\Route))
#16 C:\\laragon\\www\\vipclub\\vendor\\laravel\\framework\\src\\Illuminate\\Routing\\Router.php(618): Illuminate\\Routing\\Router->dispatchToRoute(Object(Illuminate\\Http\\Request))
#17 C:\\laragon\\www\\vipclub\\vendor\\laravel\\framework\\src\\Illuminate\\Foundation\\Http\\Kernel.php(172): Illuminate\\Routing\\Router->dispatch(Object(Illuminate\\Http\\Request))
#18 C:\\laragon\\www\\vipclub\\vendor\\laravel\\framework\\src\\Illuminate\\Pipeline\\Pipeline.php(130): Illuminate\\Foundation\\Http\\Kernel->Illuminate\\Foundation\\Http\\{closure}(Object(Illuminate\\Http\\Request))
#19 C:\\laragon\\www\\vipclub\\vendor\\fideloper\\proxy\\src\\TrustProxies.php(57): Illuminate\\Pipeline\\Pipeline->Illuminate\\Pipeline\\{closure}(Object(Illuminate\\Http\\Request))
#20 C:\\laragon\\www\\vipclub\\vendor\\laravel\\framework\\src\\Illuminate\\Pipeline\\Pipeline.php(171): Fideloper\\Proxy\\TrustProxies->handle(Object(Illuminate\\Http\\Request), Object(Closure))
#21 C:\\laragon\\www\\vipclub\\vendor\\laravel\\framework\\src\\Illuminate\\Foundation\\Http\\Middleware\\TransformsRequest.php(21): Illuminate\\Pipeline\\Pipeline->Illuminate\\Pipeline\\{closure}(Object(Illuminate\\Http\\Request))
#22 C:\\laragon\\www\\vipclub\\vendor\\laravel\\framework\\src\\Illuminate\\Pipeline\\Pipeline.php(171): Illuminate\\Foundation\\Http\\Middleware\\TransformsRequest->handle(Object(Illuminate\\Http\\Request), Object(Closure))
#23 C:\\laragon\\www\\vipclub\\vendor\\laravel\\framework\\src\\Illuminate\\Foundation\\Http\\Middleware\\TransformsRequest.php(21): Illuminate\\Pipeline\\Pipeline->Illuminate\\Pipeline\\{closure}(Object(Illuminate\\Http\\Request))
#24 C:\\laragon\\www\\vipclub\\vendor\\laravel\\framework\\src\\Illuminate\\Pipeline\\Pipeline.php(171): Illuminate\\Foundation\\Http\\Middleware\\TransformsRequest->handle(Object(Illuminate\\Http\\Request), Object(Closure))
#25 C:\\laragon\\www\\vipclub\\vendor\\laravel\\framework\\src\\Illuminate\\Foundation\\Http\\Middleware\\ValidatePostSize.php(27): Illuminate\\Pipeline\\Pipeline->Illuminate\\Pipeline\\{closure}(Object(Illuminate\\Http\\Request))
#26 C:\\laragon\\www\\vipclub\\vendor\\laravel\\framework\\src\\Illuminate\\Pipeline\\Pipeline.php(171): Illuminate\\Foundation\\Http\\Middleware\\ValidatePostSize->handle(Object(Illuminate\\Http\\Request), Object(Closure))
#27 C:\\laragon\\www\\vipclub\\vendor\\laravel\\framework\\src\\Illuminate\\Foundation\\Http\\Middleware\\CheckForMaintenanceMode.php(63): Illuminate\\Pipeline\\Pipeline->Illuminate\\Pipeline\\{closure}(Object(Illuminate\\Http\\Request))
#28 C:\\laragon\\www\\vipclub\\vendor\\laravel\\framework\\src\\Illuminate\\Pipeline\\Pipeline.php(171): Illuminate\\Foundation\\Http\\Middleware\\CheckForMaintenanceMode->handle(Object(Illuminate\\Http\\Request), Object(Closure))
#29 C:\\laragon\\www\\vipclub\\vendor\\laravel\\framework\\src\\Illuminate\\Pipeline\\Pipeline.php(105): Illuminate\\Pipeline\\Pipeline->Illuminate\\Pipeline\\{closure}(Object(Illuminate\\Http\\Request))
#30 C:\\laragon\\www\\vipclub\\vendor\\laravel\\framework\\src\\Illuminate\\Foundation\\Http\\Kernel.php(147): Illuminate\\Pipeline\\Pipeline->then(Object(Closure))
#31 C:\\laragon\\www\\vipclub\\vendor\\laravel\\framework\\src\\Illuminate\\Foundation\\Http\\Kernel.php(112): Illuminate\\Foundation\\Http\\Kernel->sendRequestThroughRouter(Object(Illuminate\\Http\\Request))
#32 C:\\laragon\\www\\vipclub\\index.php(52): Illuminate\\Foundation\\Http\\Kernel->handle(Object(Illuminate\\Http\\Request))
#33 {main}
"} 
[2024-07-31 00:17:46] production.ERROR: Credentials must be an instance of Aws\Credentials\CredentialsInterface, an associative array that contains "key", "secret", and an optional "token" key-value pairs, a credentials provider function, or false. {"exception":"[object] (InvalidArgumentException(code: 0): Credentials must be an instance of Aws\\Credentials\\CredentialsInterface, an associative array that contains \"key\", \"secret\", and an optional \"token\" key-value pairs, a credentials provider function, or false. at C:\\laragon\\www\\vipclub\\vendor\\aws\\aws-sdk-php\\src\\ClientResolver.php:531)
[stacktrace]
#0 C:\\laragon\\www\\vipclub\\vendor\\aws\\aws-sdk-php\\src\\ClientResolver.php(352): Aws\\ClientResolver::_apply_credentials(Array, Array, Object(Aws\\HandlerList))
#1 C:\\laragon\\www\\vipclub\\vendor\\aws\\aws-sdk-php\\src\\AwsClient.php(199): Aws\\ClientResolver->resolve(Array, Object(Aws\\HandlerList))
#2 C:\\laragon\\www\\vipclub\\app\\Http\\Controllers\\LiveStreamController.php(23): Aws\\AwsClient->__construct(Array)
#3 [internal function]: App\\Http\\Controllers\\LiveStreamController->__construct()
#4 C:\\laragon\\www\\vipclub\\vendor\\laravel\\framework\\src\\Illuminate\\Container\\Container.php(843): ReflectionClass->newInstanceArgs(Array)
#5 C:\\laragon\\www\\vipclub\\vendor\\laravel\\framework\\src\\Illuminate\\Container\\Container.php(681): Illuminate\\Container\\Container->build('App\\\\Http\\\\Contro...')
#6 C:\\laragon\\www\\vipclub\\vendor\\laravel\\framework\\src\\Illuminate\\Foundation\\Application.php(785): Illuminate\\Container\\Container->resolve('App\\\\Http\\\\Contro...', Array, true)
#7 C:\\laragon\\www\\vipclub\\vendor\\laravel\\framework\\src\\Illuminate\\Container\\Container.php(629): Illuminate\\Foundation\\Application->resolve('App\\\\Http\\\\Contro...', Array)
#8 C:\\laragon\\www\\vipclub\\vendor\\laravel\\framework\\src\\Illuminate\\Foundation\\Application.php(770): Illuminate\\Container\\Container->make('App\\\\Http\\\\Contro...', Array)
#9 C:\\laragon\\www\\vipclub\\vendor\\laravel\\framework\\src\\Illuminate\\Routing\\Route.php(233): Illuminate\\Foundation\\Application->make('App\\\\Http\\\\Contro...')
#10 C:\\laragon\\www\\vipclub\\vendor\\laravel\\framework\\src\\Illuminate\\Routing\\Route.php(833): Illuminate\\Routing\\Route->getController()
#11 C:\\laragon\\www\\vipclub\\vendor\\laravel\\framework\\src\\Illuminate\\Routing\\Route.php(794): Illuminate\\Routing\\Route->controllerMiddleware()
#12 C:\\laragon\\www\\vipclub\\vendor\\laravel\\framework\\src\\Illuminate\\Routing\\Router.php(699): Illuminate\\Routing\\Route->gatherMiddleware()
#13 C:\\laragon\\www\\vipclub\\vendor\\laravel\\framework\\src\\Illuminate\\Routing\\Router.php(679): Illuminate\\Routing\\Router->gatherRouteMiddleware(Object(Illuminate\\Routing\\Route))
#14 C:\\laragon\\www\\vipclub\\vendor\\laravel\\framework\\src\\Illuminate\\Routing\\Router.php(663): Illuminate\\Routing\\Router->runRouteWithinStack(Object(Illuminate\\Routing\\Route), Object(Illuminate\\Http\\Request))
#15 C:\\laragon\\www\\vipclub\\vendor\\laravel\\framework\\src\\Illuminate\\Routing\\Router.php(629): Illuminate\\Routing\\Router->runRoute(Object(Illuminate\\Http\\Request), Object(Illuminate\\Routing\\Route))
#16 C:\\laragon\\www\\vipclub\\vendor\\laravel\\framework\\src\\Illuminate\\Routing\\Router.php(618): Illuminate\\Routing\\Router->dispatchToRoute(Object(Illuminate\\Http\\Request))
#17 C:\\laragon\\www\\vipclub\\vendor\\laravel\\framework\\src\\Illuminate\\Foundation\\Http\\Kernel.php(172): Illuminate\\Routing\\Router->dispatch(Object(Illuminate\\Http\\Request))
#18 C:\\laragon\\www\\vipclub\\vendor\\laravel\\framework\\src\\Illuminate\\Pipeline\\Pipeline.php(130): Illuminate\\Foundation\\Http\\Kernel->Illuminate\\Foundation\\Http\\{closure}(Object(Illuminate\\Http\\Request))
#19 C:\\laragon\\www\\vipclub\\vendor\\fideloper\\proxy\\src\\TrustProxies.php(57): Illuminate\\Pipeline\\Pipeline->Illuminate\\Pipeline\\{closure}(Object(Illuminate\\Http\\Request))
#20 C:\\laragon\\www\\vipclub\\vendor\\laravel\\framework\\src\\Illuminate\\Pipeline\\Pipeline.php(171): Fideloper\\Proxy\\TrustProxies->handle(Object(Illuminate\\Http\\Request), Object(Closure))
#21 C:\\laragon\\www\\vipclub\\vendor\\laravel\\framework\\src\\Illuminate\\Foundation\\Http\\Middleware\\TransformsRequest.php(21): Illuminate\\Pipeline\\Pipeline->Illuminate\\Pipeline\\{closure}(Object(Illuminate\\Http\\Request))
#22 C:\\laragon\\www\\vipclub\\vendor\\laravel\\framework\\src\\Illuminate\\Pipeline\\Pipeline.php(171): Illuminate\\Foundation\\Http\\Middleware\\TransformsRequest->handle(Object(Illuminate\\Http\\Request), Object(Closure))
#23 C:\\laragon\\www\\vipclub\\vendor\\laravel\\framework\\src\\Illuminate\\Foundation\\Http\\Middleware\\TransformsRequest.php(21): Illuminate\\Pipeline\\Pipeline->Illuminate\\Pipeline\\{closure}(Object(Illuminate\\Http\\Request))
#24 C:\\laragon\\www\\vipclub\\vendor\\laravel\\framework\\src\\Illuminate\\Pipeline\\Pipeline.php(171): Illuminate\\Foundation\\Http\\Middleware\\TransformsRequest->handle(Object(Illuminate\\Http\\Request), Object(Closure))
#25 C:\\laragon\\www\\vipclub\\vendor\\laravel\\framework\\src\\Illuminate\\Foundation\\Http\\Middleware\\ValidatePostSize.php(27): Illuminate\\Pipeline\\Pipeline->Illuminate\\Pipeline\\{closure}(Object(Illuminate\\Http\\Request))
#26 C:\\laragon\\www\\vipclub\\vendor\\laravel\\framework\\src\\Illuminate\\Pipeline\\Pipeline.php(171): Illuminate\\Foundation\\Http\\Middleware\\ValidatePostSize->handle(Object(Illuminate\\Http\\Request), Object(Closure))
#27 C:\\laragon\\www\\vipclub\\vendor\\laravel\\framework\\src\\Illuminate\\Foundation\\Http\\Middleware\\CheckForMaintenanceMode.php(63): Illuminate\\Pipeline\\Pipeline->Illuminate\\Pipeline\\{closure}(Object(Illuminate\\Http\\Request))
#28 C:\\laragon\\www\\vipclub\\vendor\\laravel\\framework\\src\\Illuminate\\Pipeline\\Pipeline.php(171): Illuminate\\Foundation\\Http\\Middleware\\CheckForMaintenanceMode->handle(Object(Illuminate\\Http\\Request), Object(Closure))
#29 C:\\laragon\\www\\vipclub\\vendor\\laravel\\framework\\src\\Illuminate\\Pipeline\\Pipeline.php(105): Illuminate\\Pipeline\\Pipeline->Illuminate\\Pipeline\\{closure}(Object(Illuminate\\Http\\Request))
#30 C:\\laragon\\www\\vipclub\\vendor\\laravel\\framework\\src\\Illuminate\\Foundation\\Http\\Kernel.php(147): Illuminate\\Pipeline\\Pipeline->then(Object(Closure))
#31 C:\\laragon\\www\\vipclub\\vendor\\laravel\\framework\\src\\Illuminate\\Foundation\\Http\\Kernel.php(112): Illuminate\\Foundation\\Http\\Kernel->sendRequestThroughRouter(Object(Illuminate\\Http\\Request))
#32 C:\\laragon\\www\\vipclub\\index.php(52): Illuminate\\Foundation\\Http\\Kernel->handle(Object(Illuminate\\Http\\Request))
#33 {main}
"} 
[2024-07-31 00:17:51] production.ERROR: Credentials must be an instance of Aws\Credentials\CredentialsInterface, an associative array that contains "key", "secret", and an optional "token" key-value pairs, a credentials provider function, or false. {"exception":"[object] (InvalidArgumentException(code: 0): Credentials must be an instance of Aws\\Credentials\\CredentialsInterface, an associative array that contains \"key\", \"secret\", and an optional \"token\" key-value pairs, a credentials provider function, or false. at C:\\laragon\\www\\vipclub\\vendor\\aws\\aws-sdk-php\\src\\ClientResolver.php:531)
[stacktrace]
#0 C:\\laragon\\www\\vipclub\\vendor\\aws\\aws-sdk-php\\src\\ClientResolver.php(352): Aws\\ClientResolver::_apply_credentials(Array, Array, Object(Aws\\HandlerList))
#1 C:\\laragon\\www\\vipclub\\vendor\\aws\\aws-sdk-php\\src\\AwsClient.php(199): Aws\\ClientResolver->resolve(Array, Object(Aws\\HandlerList))
#2 C:\\laragon\\www\\vipclub\\app\\Http\\Controllers\\LiveStreamController.php(23): Aws\\AwsClient->__construct(Array)
#3 [internal function]: App\\Http\\Controllers\\LiveStreamController->__construct()
#4 C:\\laragon\\www\\vipclub\\vendor\\laravel\\framework\\src\\Illuminate\\Container\\Container.php(843): ReflectionClass->newInstanceArgs(Array)
#5 C:\\laragon\\www\\vipclub\\vendor\\laravel\\framework\\src\\Illuminate\\Container\\Container.php(681): Illuminate\\Container\\Container->build('App\\\\Http\\\\Contro...')
#6 C:\\laragon\\www\\vipclub\\vendor\\laravel\\framework\\src\\Illuminate\\Foundation\\Application.php(785): Illuminate\\Container\\Container->resolve('App\\\\Http\\\\Contro...', Array, true)
#7 C:\\laragon\\www\\vipclub\\vendor\\laravel\\framework\\src\\Illuminate\\Container\\Container.php(629): Illuminate\\Foundation\\Application->resolve('App\\\\Http\\\\Contro...', Array)
#8 C:\\laragon\\www\\vipclub\\vendor\\laravel\\framework\\src\\Illuminate\\Foundation\\Application.php(770): Illuminate\\Container\\Container->make('App\\\\Http\\\\Contro...', Array)
#9 C:\\laragon\\www\\vipclub\\vendor\\laravel\\framework\\src\\Illuminate\\Routing\\Route.php(233): Illuminate\\Foundation\\Application->make('App\\\\Http\\\\Contro...')
#10 C:\\laragon\\www\\vipclub\\vendor\\laravel\\framework\\src\\Illuminate\\Routing\\Route.php(833): Illuminate\\Routing\\Route->getController()
#11 C:\\laragon\\www\\vipclub\\vendor\\laravel\\framework\\src\\Illuminate\\Routing\\Route.php(794): Illuminate\\Routing\\Route->controllerMiddleware()
#12 C:\\laragon\\www\\vipclub\\vendor\\laravel\\framework\\src\\Illuminate\\Routing\\Router.php(699): Illuminate\\Routing\\Route->gatherMiddleware()
#13 C:\\laragon\\www\\vipclub\\vendor\\laravel\\framework\\src\\Illuminate\\Routing\\Router.php(679): Illuminate\\Routing\\Router->gatherRouteMiddleware(Object(Illuminate\\Routing\\Route))
#14 C:\\laragon\\www\\vipclub\\vendor\\laravel\\framework\\src\\Illuminate\\Routing\\Router.php(663): Illuminate\\Routing\\Router->runRouteWithinStack(Object(Illuminate\\Routing\\Route), Object(Illuminate\\Http\\Request))
#15 C:\\laragon\\www\\vipclub\\vendor\\laravel\\framework\\src\\Illuminate\\Routing\\Router.php(629): Illuminate\\Routing\\Router->runRoute(Object(Illuminate\\Http\\Request), Object(Illuminate\\Routing\\Route))
#16 C:\\laragon\\www\\vipclub\\vendor\\laravel\\framework\\src\\Illuminate\\Routing\\Router.php(618): Illuminate\\Routing\\Router->dispatchToRoute(Object(Illuminate\\Http\\Request))
#17 C:\\laragon\\www\\vipclub\\vendor\\laravel\\framework\\src\\Illuminate\\Foundation\\Http\\Kernel.php(172): Illuminate\\Routing\\Router->dispatch(Object(Illuminate\\Http\\Request))
#18 C:\\laragon\\www\\vipclub\\vendor\\laravel\\framework\\src\\Illuminate\\Pipeline\\Pipeline.php(130): Illuminate\\Foundation\\Http\\Kernel->Illuminate\\Foundation\\Http\\{closure}(Object(Illuminate\\Http\\Request))
#19 C:\\laragon\\www\\vipclub\\vendor\\fideloper\\proxy\\src\\TrustProxies.php(57): Illuminate\\Pipeline\\Pipeline->Illuminate\\Pipeline\\{closure}(Object(Illuminate\\Http\\Request))
#20 C:\\laragon\\www\\vipclub\\vendor\\laravel\\framework\\src\\Illuminate\\Pipeline\\Pipeline.php(171): Fideloper\\Proxy\\TrustProxies->handle(Object(Illuminate\\Http\\Request), Object(Closure))
#21 C:\\laragon\\www\\vipclub\\vendor\\laravel\\framework\\src\\Illuminate\\Foundation\\Http\\Middleware\\TransformsRequest.php(21): Illuminate\\Pipeline\\Pipeline->Illuminate\\Pipeline\\{closure}(Object(Illuminate\\Http\\Request))
#22 C:\\laragon\\www\\vipclub\\vendor\\laravel\\framework\\src\\Illuminate\\Pipeline\\Pipeline.php(171): Illuminate\\Foundation\\Http\\Middleware\\TransformsRequest->handle(Object(Illuminate\\Http\\Request), Object(Closure))
#23 C:\\laragon\\www\\vipclub\\vendor\\laravel\\framework\\src\\Illuminate\\Foundation\\Http\\Middleware\\TransformsRequest.php(21): Illuminate\\Pipeline\\Pipeline->Illuminate\\Pipeline\\{closure}(Object(Illuminate\\Http\\Request))
#24 C:\\laragon\\www\\vipclub\\vendor\\laravel\\framework\\src\\Illuminate\\Pipeline\\Pipeline.php(171): Illuminate\\Foundation\\Http\\Middleware\\TransformsRequest->handle(Object(Illuminate\\Http\\Request), Object(Closure))
#25 C:\\laragon\\www\\vipclub\\vendor\\laravel\\framework\\src\\Illuminate\\Foundation\\Http\\Middleware\\ValidatePostSize.php(27): Illuminate\\Pipeline\\Pipeline->Illuminate\\Pipeline\\{closure}(Object(Illuminate\\Http\\Request))
#26 C:\\laragon\\www\\vipclub\\vendor\\laravel\\framework\\src\\Illuminate\\Pipeline\\Pipeline.php(171): Illuminate\\Foundation\\Http\\Middleware\\ValidatePostSize->handle(Object(Illuminate\\Http\\Request), Object(Closure))
#27 C:\\laragon\\www\\vipclub\\vendor\\laravel\\framework\\src\\Illuminate\\Foundation\\Http\\Middleware\\CheckForMaintenanceMode.php(63): Illuminate\\Pipeline\\Pipeline->Illuminate\\Pipeline\\{closure}(Object(Illuminate\\Http\\Request))
#28 C:\\laragon\\www\\vipclub\\vendor\\laravel\\framework\\src\\Illuminate\\Pipeline\\Pipeline.php(171): Illuminate\\Foundation\\Http\\Middleware\\CheckForMaintenanceMode->handle(Object(Illuminate\\Http\\Request), Object(Closure))
#29 C:\\laragon\\www\\vipclub\\vendor\\laravel\\framework\\src\\Illuminate\\Pipeline\\Pipeline.php(105): Illuminate\\Pipeline\\Pipeline->Illuminate\\Pipeline\\{closure}(Object(Illuminate\\Http\\Request))
#30 C:\\laragon\\www\\vipclub\\vendor\\laravel\\framework\\src\\Illuminate\\Foundation\\Http\\Kernel.php(147): Illuminate\\Pipeline\\Pipeline->then(Object(Closure))
#31 C:\\laragon\\www\\vipclub\\vendor\\laravel\\framework\\src\\Illuminate\\Foundation\\Http\\Kernel.php(112): Illuminate\\Foundation\\Http\\Kernel->sendRequestThroughRouter(Object(Illuminate\\Http\\Request))
#32 C:\\laragon\\www\\vipclub\\index.php(52): Illuminate\\Foundation\\Http\\Kernel->handle(Object(Illuminate\\Http\\Request))
#33 {main}
"} 
[2024-07-31 00:18:07] production.ERROR: Credentials must be an instance of Aws\Credentials\CredentialsInterface, an associative array that contains "key", "secret", and an optional "token" key-value pairs, a credentials provider function, or false. {"exception":"[object] (InvalidArgumentException(code: 0): Credentials must be an instance of Aws\\Credentials\\CredentialsInterface, an associative array that contains \"key\", \"secret\", and an optional \"token\" key-value pairs, a credentials provider function, or false. at C:\\laragon\\www\\vipclub\\vendor\\aws\\aws-sdk-php\\src\\ClientResolver.php:531)
[stacktrace]
#0 C:\\laragon\\www\\vipclub\\vendor\\aws\\aws-sdk-php\\src\\ClientResolver.php(352): Aws\\ClientResolver::_apply_credentials(Array, Array, Object(Aws\\HandlerList))
#1 C:\\laragon\\www\\vipclub\\vendor\\aws\\aws-sdk-php\\src\\AwsClient.php(199): Aws\\ClientResolver->resolve(Array, Object(Aws\\HandlerList))
#2 C:\\laragon\\www\\vipclub\\app\\Http\\Controllers\\LiveStreamController.php(23): Aws\\AwsClient->__construct(Array)
#3 [internal function]: App\\Http\\Controllers\\LiveStreamController->__construct()
#4 C:\\laragon\\www\\vipclub\\vendor\\laravel\\framework\\src\\Illuminate\\Container\\Container.php(843): ReflectionClass->newInstanceArgs(Array)
#5 C:\\laragon\\www\\vipclub\\vendor\\laravel\\framework\\src\\Illuminate\\Container\\Container.php(681): Illuminate\\Container\\Container->build('App\\\\Http\\\\Contro...')
#6 C:\\laragon\\www\\vipclub\\vendor\\laravel\\framework\\src\\Illuminate\\Foundation\\Application.php(785): Illuminate\\Container\\Container->resolve('App\\\\Http\\\\Contro...', Array, true)
#7 C:\\laragon\\www\\vipclub\\vendor\\laravel\\framework\\src\\Illuminate\\Container\\Container.php(629): Illuminate\\Foundation\\Application->resolve('App\\\\Http\\\\Contro...', Array)
#8 C:\\laragon\\www\\vipclub\\vendor\\laravel\\framework\\src\\Illuminate\\Foundation\\Application.php(770): Illuminate\\Container\\Container->make('App\\\\Http\\\\Contro...', Array)
#9 C:\\laragon\\www\\vipclub\\vendor\\laravel\\framework\\src\\Illuminate\\Routing\\Route.php(233): Illuminate\\Foundation\\Application->make('App\\\\Http\\\\Contro...')
#10 C:\\laragon\\www\\vipclub\\vendor\\laravel\\framework\\src\\Illuminate\\Routing\\Route.php(833): Illuminate\\Routing\\Route->getController()
#11 C:\\laragon\\www\\vipclub\\vendor\\laravel\\framework\\src\\Illuminate\\Routing\\Route.php(794): Illuminate\\Routing\\Route->controllerMiddleware()
#12 C:\\laragon\\www\\vipclub\\vendor\\laravel\\framework\\src\\Illuminate\\Routing\\Router.php(699): Illuminate\\Routing\\Route->gatherMiddleware()
#13 C:\\laragon\\www\\vipclub\\vendor\\laravel\\framework\\src\\Illuminate\\Routing\\Router.php(679): Illuminate\\Routing\\Router->gatherRouteMiddleware(Object(Illuminate\\Routing\\Route))
#14 C:\\laragon\\www\\vipclub\\vendor\\laravel\\framework\\src\\Illuminate\\Routing\\Router.php(663): Illuminate\\Routing\\Router->runRouteWithinStack(Object(Illuminate\\Routing\\Route), Object(Illuminate\\Http\\Request))
#15 C:\\laragon\\www\\vipclub\\vendor\\laravel\\framework\\src\\Illuminate\\Routing\\Router.php(629): Illuminate\\Routing\\Router->runRoute(Object(Illuminate\\Http\\Request), Object(Illuminate\\Routing\\Route))
#16 C:\\laragon\\www\\vipclub\\vendor\\laravel\\framework\\src\\Illuminate\\Routing\\Router.php(618): Illuminate\\Routing\\Router->dispatchToRoute(Object(Illuminate\\Http\\Request))
#17 C:\\laragon\\www\\vipclub\\vendor\\laravel\\framework\\src\\Illuminate\\Foundation\\Http\\Kernel.php(172): Illuminate\\Routing\\Router->dispatch(Object(Illuminate\\Http\\Request))
#18 C:\\laragon\\www\\vipclub\\vendor\\laravel\\framework\\src\\Illuminate\\Pipeline\\Pipeline.php(130): Illuminate\\Foundation\\Http\\Kernel->Illuminate\\Foundation\\Http\\{closure}(Object(Illuminate\\Http\\Request))
#19 C:\\laragon\\www\\vipclub\\vendor\\fideloper\\proxy\\src\\TrustProxies.php(57): Illuminate\\Pipeline\\Pipeline->Illuminate\\Pipeline\\{closure}(Object(Illuminate\\Http\\Request))
#20 C:\\laragon\\www\\vipclub\\vendor\\laravel\\framework\\src\\Illuminate\\Pipeline\\Pipeline.php(171): Fideloper\\Proxy\\TrustProxies->handle(Object(Illuminate\\Http\\Request), Object(Closure))
#21 C:\\laragon\\www\\vipclub\\vendor\\laravel\\framework\\src\\Illuminate\\Foundation\\Http\\Middleware\\TransformsRequest.php(21): Illuminate\\Pipeline\\Pipeline->Illuminate\\Pipeline\\{closure}(Object(Illuminate\\Http\\Request))
#22 C:\\laragon\\www\\vipclub\\vendor\\laravel\\framework\\src\\Illuminate\\Pipeline\\Pipeline.php(171): Illuminate\\Foundation\\Http\\Middleware\\TransformsRequest->handle(Object(Illuminate\\Http\\Request), Object(Closure))
#23 C:\\laragon\\www\\vipclub\\vendor\\laravel\\framework\\src\\Illuminate\\Foundation\\Http\\Middleware\\TransformsRequest.php(21): Illuminate\\Pipeline\\Pipeline->Illuminate\\Pipeline\\{closure}(Object(Illuminate\\Http\\Request))
#24 C:\\laragon\\www\\vipclub\\vendor\\laravel\\framework\\src\\Illuminate\\Pipeline\\Pipeline.php(171): Illuminate\\Foundation\\Http\\Middleware\\TransformsRequest->handle(Object(Illuminate\\Http\\Request), Object(Closure))
#25 C:\\laragon\\www\\vipclub\\vendor\\laravel\\framework\\src\\Illuminate\\Foundation\\Http\\Middleware\\ValidatePostSize.php(27): Illuminate\\Pipeline\\Pipeline->Illuminate\\Pipeline\\{closure}(Object(Illuminate\\Http\\Request))
#26 C:\\laragon\\www\\vipclub\\vendor\\laravel\\framework\\src\\Illuminate\\Pipeline\\Pipeline.php(171): Illuminate\\Foundation\\Http\\Middleware\\ValidatePostSize->handle(Object(Illuminate\\Http\\Request), Object(Closure))
#27 C:\\laragon\\www\\vipclub\\vendor\\laravel\\framework\\src\\Illuminate\\Foundation\\Http\\Middleware\\CheckForMaintenanceMode.php(63): Illuminate\\Pipeline\\Pipeline->Illuminate\\Pipeline\\{closure}(Object(Illuminate\\Http\\Request))
#28 C:\\laragon\\www\\vipclub\\vendor\\laravel\\framework\\src\\Illuminate\\Pipeline\\Pipeline.php(171): Illuminate\\Foundation\\Http\\Middleware\\CheckForMaintenanceMode->handle(Object(Illuminate\\Http\\Request), Object(Closure))
#29 C:\\laragon\\www\\vipclub\\vendor\\laravel\\framework\\src\\Illuminate\\Pipeline\\Pipeline.php(105): Illuminate\\Pipeline\\Pipeline->Illuminate\\Pipeline\\{closure}(Object(Illuminate\\Http\\Request))
#30 C:\\laragon\\www\\vipclub\\vendor\\laravel\\framework\\src\\Illuminate\\Foundation\\Http\\Kernel.php(147): Illuminate\\Pipeline\\Pipeline->then(Object(Closure))
#31 C:\\laragon\\www\\vipclub\\vendor\\laravel\\framework\\src\\Illuminate\\Foundation\\Http\\Kernel.php(112): Illuminate\\Foundation\\Http\\Kernel->sendRequestThroughRouter(Object(Illuminate\\Http\\Request))
#32 C:\\laragon\\www\\vipclub\\index.php(52): Illuminate\\Foundation\\Http\\Kernel->handle(Object(Illuminate\\Http\\Request))
#33 {main}
"} 
[2024-07-31 00:24:20] production.ERROR: Add [is_live] to fillable property to allow mass assignment on [App\Post]. {"userId":122,"exception":"[object] (Illuminate\\Database\\Eloquent\\MassAssignmentException(code: 0): Add [is_live] to fillable property to allow mass assignment on [App\\Post]. at C:\\laragon\\www\\vipclub\\vendor\\laravel\\framework\\src\\Illuminate\\Database\\Eloquent\\Model.php:332)
[stacktrace]
#0 C:\\laragon\\www\\vipclub\\vendor\\laravel\\framework\\src\\Illuminate\\Database\\Eloquent\\Model.php(608): Illuminate\\Database\\Eloquent\\Model->fill(Array)
#1 C:\\laragon\\www\\vipclub\\app\\Http\\Controllers\\LiveStreamController.php(65): Illuminate\\Database\\Eloquent\\Model->update(Array)
#2 C:\\laragon\\www\\vipclub\\vendor\\laravel\\framework\\src\\Illuminate\\Routing\\Controller.php(54): App\\Http\\Controllers\\LiveStreamController->endStream(Object(App\\Post))
#3 C:\\laragon\\www\\vipclub\\vendor\\laravel\\framework\\src\\Illuminate\\Routing\\ControllerDispatcher.php(45): Illuminate\\Routing\\Controller->callAction('endStream', Array)
#4 C:\\laragon\\www\\vipclub\\vendor\\laravel\\framework\\src\\Illuminate\\Routing\\Route.php(219): Illuminate\\Routing\\ControllerDispatcher->dispatch(Object(Illuminate\\Routing\\Route), Object(App\\Http\\Controllers\\LiveStreamController), 'endStream')
#5 C:\\laragon\\www\\vipclub\\vendor\\laravel\\framework\\src\\Illuminate\\Routing\\Route.php(176): Illuminate\\Routing\\Route->runController()
#6 C:\\laragon\\www\\vipclub\\vendor\\laravel\\framework\\src\\Illuminate\\Routing\\Router.php(686): Illuminate\\Routing\\Route->run()
#7 C:\\laragon\\www\\vipclub\\vendor\\laravel\\framework\\src\\Illuminate\\Pipeline\\Pipeline.php(130): Illuminate\\Routing\\Router->Illuminate\\Routing\\{closure}(Object(Illuminate\\Http\\Request))
#8 C:\\laragon\\www\\vipclub\\app\\Http\\Middleware\\UserLastAuthMiddleware.php(59): Illuminate\\Pipeline\\Pipeline->Illuminate\\Pipeline\\{closure}(Object(Illuminate\\Http\\Request))
#9 C:\\laragon\\www\\vipclub\\vendor\\laravel\\framework\\src\\Illuminate\\Pipeline\\Pipeline.php(171): App\\Http\\Middleware\\UserLastAuthMiddleware->handle(Object(Illuminate\\Http\\Request), Object(Closure))
#10 C:\\laragon\\www\\vipclub\\vendor\\uxweb\\sweet-alert\\src\\SweetAlert\\ConvertMessagesIntoSweetAlert.php(49): Illuminate\\Pipeline\\Pipeline->Illuminate\\Pipeline\\{closure}(Object(Illuminate\\Http\\Request))
#11 C:\\laragon\\www\\vipclub\\vendor\\laravel\\framework\\src\\Illuminate\\Pipeline\\Pipeline.php(171): UxWeb\\SweetAlert\\ConvertMessagesIntoSweetAlert->handle(Object(Illuminate\\Http\\Request), Object(Closure))
#12 C:\\laragon\\www\\vipclub\\vendor\\laravel\\framework\\src\\Illuminate\\Routing\\Middleware\\SubstituteBindings.php(41): Illuminate\\Pipeline\\Pipeline->Illuminate\\Pipeline\\{closure}(Object(Illuminate\\Http\\Request))
#13 C:\\laragon\\www\\vipclub\\vendor\\laravel\\framework\\src\\Illuminate\\Pipeline\\Pipeline.php(171): Illuminate\\Routing\\Middleware\\SubstituteBindings->handle(Object(Illuminate\\Http\\Request), Object(Closure))
#14 C:\\laragon\\www\\vipclub\\vendor\\laravel\\framework\\src\\Illuminate\\Auth\\Middleware\\Authenticate.php(43): Illuminate\\Pipeline\\Pipeline->Illuminate\\Pipeline\\{closure}(Object(Illuminate\\Http\\Request))
#15 C:\\laragon\\www\\vipclub\\vendor\\laravel\\framework\\src\\Illuminate\\Pipeline\\Pipeline.php(171): Illuminate\\Auth\\Middleware\\Authenticate->handle(Object(Illuminate\\Http\\Request), Object(Closure))
#16 C:\\laragon\\www\\vipclub\\vendor\\laravel\\framework\\src\\Illuminate\\Foundation\\Http\\Middleware\\VerifyCsrfToken.php(77): Illuminate\\Pipeline\\Pipeline->Illuminate\\Pipeline\\{closure}(Object(Illuminate\\Http\\Request))
#17 C:\\laragon\\www\\vipclub\\vendor\\laravel\\framework\\src\\Illuminate\\Pipeline\\Pipeline.php(171): Illuminate\\Foundation\\Http\\Middleware\\VerifyCsrfToken->handle(Object(Illuminate\\Http\\Request), Object(Closure))
#18 C:\\laragon\\www\\vipclub\\vendor\\laravel\\framework\\src\\Illuminate\\View\\Middleware\\ShareErrorsFromSession.php(49): Illuminate\\Pipeline\\Pipeline->Illuminate\\Pipeline\\{closure}(Object(Illuminate\\Http\\Request))
#19 C:\\laragon\\www\\vipclub\\vendor\\laravel\\framework\\src\\Illuminate\\Pipeline\\Pipeline.php(171): Illuminate\\View\\Middleware\\ShareErrorsFromSession->handle(Object(Illuminate\\Http\\Request), Object(Closure))
#20 C:\\laragon\\www\\vipclub\\vendor\\laravel\\framework\\src\\Illuminate\\Session\\Middleware\\StartSession.php(56): Illuminate\\Pipeline\\Pipeline->Illuminate\\Pipeline\\{closure}(Object(Illuminate\\Http\\Request))
#21 C:\\laragon\\www\\vipclub\\vendor\\laravel\\framework\\src\\Illuminate\\Pipeline\\Pipeline.php(171): Illuminate\\Session\\Middleware\\StartSession->handle(Object(Illuminate\\Http\\Request), Object(Closure))
#22 C:\\laragon\\www\\vipclub\\vendor\\laravel\\framework\\src\\Illuminate\\Cookie\\Middleware\\AddQueuedCookiesToResponse.php(37): Illuminate\\Pipeline\\Pipeline->Illuminate\\Pipeline\\{closure}(Object(Illuminate\\Http\\Request))
#23 C:\\laragon\\www\\vipclub\\vendor\\laravel\\framework\\src\\Illuminate\\Pipeline\\Pipeline.php(171): Illuminate\\Cookie\\Middleware\\AddQueuedCookiesToResponse->handle(Object(Illuminate\\Http\\Request), Object(Closure))
#24 C:\\laragon\\www\\vipclub\\vendor\\laravel\\framework\\src\\Illuminate\\Cookie\\Middleware\\EncryptCookies.php(67): Illuminate\\Pipeline\\Pipeline->Illuminate\\Pipeline\\{closure}(Object(Illuminate\\Http\\Request))
#25 C:\\laragon\\www\\vipclub\\vendor\\laravel\\framework\\src\\Illuminate\\Pipeline\\Pipeline.php(171): Illuminate\\Cookie\\Middleware\\EncryptCookies->handle(Object(Illuminate\\Http\\Request), Object(Closure))
#26 C:\\laragon\\www\\vipclub\\vendor\\laravel\\framework\\src\\Illuminate\\Pipeline\\Pipeline.php(105): Illuminate\\Pipeline\\Pipeline->Illuminate\\Pipeline\\{closure}(Object(Illuminate\\Http\\Request))
#27 C:\\laragon\\www\\vipclub\\vendor\\laravel\\framework\\src\\Illuminate\\Routing\\Router.php(688): Illuminate\\Pipeline\\Pipeline->then(Object(Closure))
#28 C:\\laragon\\www\\vipclub\\vendor\\laravel\\framework\\src\\Illuminate\\Routing\\Router.php(663): Illuminate\\Routing\\Router->runRouteWithinStack(Object(Illuminate\\Routing\\Route), Object(Illuminate\\Http\\Request))
#29 C:\\laragon\\www\\vipclub\\vendor\\laravel\\framework\\src\\Illuminate\\Routing\\Router.php(629): Illuminate\\Routing\\Router->runRoute(Object(Illuminate\\Http\\Request), Object(Illuminate\\Routing\\Route))
#30 C:\\laragon\\www\\vipclub\\vendor\\laravel\\framework\\src\\Illuminate\\Routing\\Router.php(618): Illuminate\\Routing\\Router->dispatchToRoute(Object(Illuminate\\Http\\Request))
#31 C:\\laragon\\www\\vipclub\\vendor\\laravel\\framework\\src\\Illuminate\\Foundation\\Http\\Kernel.php(172): Illuminate\\Routing\\Router->dispatch(Object(Illuminate\\Http\\Request))
#32 C:\\laragon\\www\\vipclub\\vendor\\laravel\\framework\\src\\Illuminate\\Pipeline\\Pipeline.php(130): Illuminate\\Foundation\\Http\\Kernel->Illuminate\\Foundation\\Http\\{closure}(Object(Illuminate\\Http\\Request))
#33 C:\\laragon\\www\\vipclub\\vendor\\fideloper\\proxy\\src\\TrustProxies.php(57): Illuminate\\Pipeline\\Pipeline->Illuminate\\Pipeline\\{closure}(Object(Illuminate\\Http\\Request))
#34 C:\\laragon\\www\\vipclub\\vendor\\laravel\\framework\\src\\Illuminate\\Pipeline\\Pipeline.php(171): Fideloper\\Proxy\\TrustProxies->handle(Object(Illuminate\\Http\\Request), Object(Closure))
#35 C:\\laragon\\www\\vipclub\\vendor\\laravel\\framework\\src\\Illuminate\\Foundation\\Http\\Middleware\\TransformsRequest.php(21): Illuminate\\Pipeline\\Pipeline->Illuminate\\Pipeline\\{closure}(Object(Illuminate\\Http\\Request))
#36 C:\\laragon\\www\\vipclub\\vendor\\laravel\\framework\\src\\Illuminate\\Pipeline\\Pipeline.php(171): Illuminate\\Foundation\\Http\\Middleware\\TransformsRequest->handle(Object(Illuminate\\Http\\Request), Object(Closure))
#37 C:\\laragon\\www\\vipclub\\vendor\\laravel\\framework\\src\\Illuminate\\Foundation\\Http\\Middleware\\TransformsRequest.php(21): Illuminate\\Pipeline\\Pipeline->Illuminate\\Pipeline\\{closure}(Object(Illuminate\\Http\\Request))
#38 C:\\laragon\\www\\vipclub\\vendor\\laravel\\framework\\src\\Illuminate\\Pipeline\\Pipeline.php(171): Illuminate\\Foundation\\Http\\Middleware\\TransformsRequest->handle(Object(Illuminate\\Http\\Request), Object(Closure))
#39 C:\\laragon\\www\\vipclub\\vendor\\laravel\\framework\\src\\Illuminate\\Foundation\\Http\\Middleware\\ValidatePostSize.php(27): Illuminate\\Pipeline\\Pipeline->Illuminate\\Pipeline\\{closure}(Object(Illuminate\\Http\\Request))
#40 C:\\laragon\\www\\vipclub\\vendor\\laravel\\framework\\src\\Illuminate\\Pipeline\\Pipeline.php(171): Illuminate\\Foundation\\Http\\Middleware\\ValidatePostSize->handle(Object(Illuminate\\Http\\Request), Object(Closure))
#41 C:\\laragon\\www\\vipclub\\vendor\\laravel\\framework\\src\\Illuminate\\Foundation\\Http\\Middleware\\CheckForMaintenanceMode.php(63): Illuminate\\Pipeline\\Pipeline->Illuminate\\Pipeline\\{closure}(Object(Illuminate\\Http\\Request))
#42 C:\\laragon\\www\\vipclub\\vendor\\laravel\\framework\\src\\Illuminate\\Pipeline\\Pipeline.php(171): Illuminate\\Foundation\\Http\\Middleware\\CheckForMaintenanceMode->handle(Object(Illuminate\\Http\\Request), Object(Closure))
#43 C:\\laragon\\www\\vipclub\\vendor\\laravel\\framework\\src\\Illuminate\\Pipeline\\Pipeline.php(105): Illuminate\\Pipeline\\Pipeline->Illuminate\\Pipeline\\{closure}(Object(Illuminate\\Http\\Request))
#44 C:\\laragon\\www\\vipclub\\vendor\\laravel\\framework\\src\\Illuminate\\Foundation\\Http\\Kernel.php(147): Illuminate\\Pipeline\\Pipeline->then(Object(Closure))
#45 C:\\laragon\\www\\vipclub\\vendor\\laravel\\framework\\src\\Illuminate\\Foundation\\Http\\Kernel.php(112): Illuminate\\Foundation\\Http\\Kernel->sendRequestThroughRouter(Object(Illuminate\\Http\\Request))
#46 C:\\laragon\\www\\vipclub\\index.php(52): Illuminate\\Foundation\\Http\\Kernel->handle(Object(Illuminate\\Http\\Request))
#47 {main}
"} 
[2024-07-31 00:24:25] production.ERROR: Credentials must be an instance of Aws\Credentials\CredentialsInterface, an associative array that contains "key", "secret", and an optional "token" key-value pairs, a credentials provider function, or false. {"exception":"[object] (InvalidArgumentException(code: 0): Credentials must be an instance of Aws\\Credentials\\CredentialsInterface, an associative array that contains \"key\", \"secret\", and an optional \"token\" key-value pairs, a credentials provider function, or false. at C:\\laragon\\www\\vipclub\\vendor\\aws\\aws-sdk-php\\src\\ClientResolver.php:531)
[stacktrace]
#0 C:\\laragon\\www\\vipclub\\vendor\\aws\\aws-sdk-php\\src\\ClientResolver.php(352): Aws\\ClientResolver::_apply_credentials(Array, Array, Object(Aws\\HandlerList))
#1 C:\\laragon\\www\\vipclub\\vendor\\aws\\aws-sdk-php\\src\\AwsClient.php(199): Aws\\ClientResolver->resolve(Array, Object(Aws\\HandlerList))
#2 C:\\laragon\\www\\vipclub\\app\\Http\\Controllers\\LiveStreamController.php(23): Aws\\AwsClient->__construct(Array)
#3 [internal function]: App\\Http\\Controllers\\LiveStreamController->__construct()
#4 C:\\laragon\\www\\vipclub\\vendor\\laravel\\framework\\src\\Illuminate\\Container\\Container.php(843): ReflectionClass->newInstanceArgs(Array)
#5 C:\\laragon\\www\\vipclub\\vendor\\laravel\\framework\\src\\Illuminate\\Container\\Container.php(681): Illuminate\\Container\\Container->build('App\\\\Http\\\\Contro...')
#6 C:\\laragon\\www\\vipclub\\vendor\\laravel\\framework\\src\\Illuminate\\Foundation\\Application.php(785): Illuminate\\Container\\Container->resolve('App\\\\Http\\\\Contro...', Array, true)
#7 C:\\laragon\\www\\vipclub\\vendor\\laravel\\framework\\src\\Illuminate\\Container\\Container.php(629): Illuminate\\Foundation\\Application->resolve('App\\\\Http\\\\Contro...', Array)
#8 C:\\laragon\\www\\vipclub\\vendor\\laravel\\framework\\src\\Illuminate\\Foundation\\Application.php(770): Illuminate\\Container\\Container->make('App\\\\Http\\\\Contro...', Array)
#9 C:\\laragon\\www\\vipclub\\vendor\\laravel\\framework\\src\\Illuminate\\Routing\\Route.php(233): Illuminate\\Foundation\\Application->make('App\\\\Http\\\\Contro...')
#10 C:\\laragon\\www\\vipclub\\vendor\\laravel\\framework\\src\\Illuminate\\Routing\\Route.php(833): Illuminate\\Routing\\Route->getController()
#11 C:\\laragon\\www\\vipclub\\vendor\\laravel\\framework\\src\\Illuminate\\Routing\\Route.php(794): Illuminate\\Routing\\Route->controllerMiddleware()
#12 C:\\laragon\\www\\vipclub\\vendor\\laravel\\framework\\src\\Illuminate\\Routing\\Router.php(699): Illuminate\\Routing\\Route->gatherMiddleware()
#13 C:\\laragon\\www\\vipclub\\vendor\\laravel\\framework\\src\\Illuminate\\Routing\\Router.php(679): Illuminate\\Routing\\Router->gatherRouteMiddleware(Object(Illuminate\\Routing\\Route))
#14 C:\\laragon\\www\\vipclub\\vendor\\laravel\\framework\\src\\Illuminate\\Routing\\Router.php(663): Illuminate\\Routing\\Router->runRouteWithinStack(Object(Illuminate\\Routing\\Route), Object(Illuminate\\Http\\Request))
#15 C:\\laragon\\www\\vipclub\\vendor\\laravel\\framework\\src\\Illuminate\\Routing\\Router.php(629): Illuminate\\Routing\\Router->runRoute(Object(Illuminate\\Http\\Request), Object(Illuminate\\Routing\\Route))
#16 C:\\laragon\\www\\vipclub\\vendor\\laravel\\framework\\src\\Illuminate\\Routing\\Router.php(618): Illuminate\\Routing\\Router->dispatchToRoute(Object(Illuminate\\Http\\Request))
#17 C:\\laragon\\www\\vipclub\\vendor\\laravel\\framework\\src\\Illuminate\\Foundation\\Http\\Kernel.php(172): Illuminate\\Routing\\Router->dispatch(Object(Illuminate\\Http\\Request))
#18 C:\\laragon\\www\\vipclub\\vendor\\laravel\\framework\\src\\Illuminate\\Pipeline\\Pipeline.php(130): Illuminate\\Foundation\\Http\\Kernel->Illuminate\\Foundation\\Http\\{closure}(Object(Illuminate\\Http\\Request))
#19 C:\\laragon\\www\\vipclub\\vendor\\fideloper\\proxy\\src\\TrustProxies.php(57): Illuminate\\Pipeline\\Pipeline->Illuminate\\Pipeline\\{closure}(Object(Illuminate\\Http\\Request))
#20 C:\\laragon\\www\\vipclub\\vendor\\laravel\\framework\\src\\Illuminate\\Pipeline\\Pipeline.php(171): Fideloper\\Proxy\\TrustProxies->handle(Object(Illuminate\\Http\\Request), Object(Closure))
#21 C:\\laragon\\www\\vipclub\\vendor\\laravel\\framework\\src\\Illuminate\\Foundation\\Http\\Middleware\\TransformsRequest.php(21): Illuminate\\Pipeline\\Pipeline->Illuminate\\Pipeline\\{closure}(Object(Illuminate\\Http\\Request))
#22 C:\\laragon\\www\\vipclub\\vendor\\laravel\\framework\\src\\Illuminate\\Pipeline\\Pipeline.php(171): Illuminate\\Foundation\\Http\\Middleware\\TransformsRequest->handle(Object(Illuminate\\Http\\Request), Object(Closure))
#23 C:\\laragon\\www\\vipclub\\vendor\\laravel\\framework\\src\\Illuminate\\Foundation\\Http\\Middleware\\TransformsRequest.php(21): Illuminate\\Pipeline\\Pipeline->Illuminate\\Pipeline\\{closure}(Object(Illuminate\\Http\\Request))
#24 C:\\laragon\\www\\vipclub\\vendor\\laravel\\framework\\src\\Illuminate\\Pipeline\\Pipeline.php(171): Illuminate\\Foundation\\Http\\Middleware\\TransformsRequest->handle(Object(Illuminate\\Http\\Request), Object(Closure))
#25 C:\\laragon\\www\\vipclub\\vendor\\laravel\\framework\\src\\Illuminate\\Foundation\\Http\\Middleware\\ValidatePostSize.php(27): Illuminate\\Pipeline\\Pipeline->Illuminate\\Pipeline\\{closure}(Object(Illuminate\\Http\\Request))
#26 C:\\laragon\\www\\vipclub\\vendor\\laravel\\framework\\src\\Illuminate\\Pipeline\\Pipeline.php(171): Illuminate\\Foundation\\Http\\Middleware\\ValidatePostSize->handle(Object(Illuminate\\Http\\Request), Object(Closure))
#27 C:\\laragon\\www\\vipclub\\vendor\\laravel\\framework\\src\\Illuminate\\Foundation\\Http\\Middleware\\CheckForMaintenanceMode.php(63): Illuminate\\Pipeline\\Pipeline->Illuminate\\Pipeline\\{closure}(Object(Illuminate\\Http\\Request))
#28 C:\\laragon\\www\\vipclub\\vendor\\laravel\\framework\\src\\Illuminate\\Pipeline\\Pipeline.php(171): Illuminate\\Foundation\\Http\\Middleware\\CheckForMaintenanceMode->handle(Object(Illuminate\\Http\\Request), Object(Closure))
#29 C:\\laragon\\www\\vipclub\\vendor\\laravel\\framework\\src\\Illuminate\\Pipeline\\Pipeline.php(105): Illuminate\\Pipeline\\Pipeline->Illuminate\\Pipeline\\{closure}(Object(Illuminate\\Http\\Request))
#30 C:\\laragon\\www\\vipclub\\vendor\\laravel\\framework\\src\\Illuminate\\Foundation\\Http\\Kernel.php(147): Illuminate\\Pipeline\\Pipeline->then(Object(Closure))
#31 C:\\laragon\\www\\vipclub\\vendor\\laravel\\framework\\src\\Illuminate\\Foundation\\Http\\Kernel.php(112): Illuminate\\Foundation\\Http\\Kernel->sendRequestThroughRouter(Object(Illuminate\\Http\\Request))
#32 C:\\laragon\\www\\vipclub\\index.php(52): Illuminate\\Foundation\\Http\\Kernel->handle(Object(Illuminate\\Http\\Request))
#33 {main}
"} 
[2024-07-31 00:29:00] production.ERROR: Credentials must be an instance of Aws\Credentials\CredentialsInterface, an associative array that contains "key", "secret", and an optional "token" key-value pairs, a credentials provider function, or false. {"exception":"[object] (InvalidArgumentException(code: 0): Credentials must be an instance of Aws\\Credentials\\CredentialsInterface, an associative array that contains \"key\", \"secret\", and an optional \"token\" key-value pairs, a credentials provider function, or false. at C:\\laragon\\www\\vipclub\\vendor\\aws\\aws-sdk-php\\src\\ClientResolver.php:531)
[stacktrace]
#0 C:\\laragon\\www\\vipclub\\vendor\\aws\\aws-sdk-php\\src\\ClientResolver.php(352): Aws\\ClientResolver::_apply_credentials(Array, Array, Object(Aws\\HandlerList))
#1 C:\\laragon\\www\\vipclub\\vendor\\aws\\aws-sdk-php\\src\\AwsClient.php(199): Aws\\ClientResolver->resolve(Array, Object(Aws\\HandlerList))
#2 C:\\laragon\\www\\vipclub\\app\\Http\\Controllers\\LiveStreamController.php(22): Aws\\AwsClient->__construct(Array)
#3 [internal function]: App\\Http\\Controllers\\LiveStreamController->__construct()
#4 C:\\laragon\\www\\vipclub\\vendor\\laravel\\framework\\src\\Illuminate\\Container\\Container.php(843): ReflectionClass->newInstanceArgs(Array)
#5 C:\\laragon\\www\\vipclub\\vendor\\laravel\\framework\\src\\Illuminate\\Container\\Container.php(681): Illuminate\\Container\\Container->build('App\\\\Http\\\\Contro...')
#6 C:\\laragon\\www\\vipclub\\vendor\\laravel\\framework\\src\\Illuminate\\Foundation\\Application.php(785): Illuminate\\Container\\Container->resolve('App\\\\Http\\\\Contro...', Array, true)
#7 C:\\laragon\\www\\vipclub\\vendor\\laravel\\framework\\src\\Illuminate\\Container\\Container.php(629): Illuminate\\Foundation\\Application->resolve('App\\\\Http\\\\Contro...', Array)
#8 C:\\laragon\\www\\vipclub\\vendor\\laravel\\framework\\src\\Illuminate\\Foundation\\Application.php(770): Illuminate\\Container\\Container->make('App\\\\Http\\\\Contro...', Array)
#9 C:\\laragon\\www\\vipclub\\vendor\\laravel\\framework\\src\\Illuminate\\Routing\\Route.php(233): Illuminate\\Foundation\\Application->make('App\\\\Http\\\\Contro...')
#10 C:\\laragon\\www\\vipclub\\vendor\\laravel\\framework\\src\\Illuminate\\Routing\\Route.php(833): Illuminate\\Routing\\Route->getController()
#11 C:\\laragon\\www\\vipclub\\vendor\\laravel\\framework\\src\\Illuminate\\Routing\\Route.php(794): Illuminate\\Routing\\Route->controllerMiddleware()
#12 C:\\laragon\\www\\vipclub\\vendor\\laravel\\framework\\src\\Illuminate\\Routing\\Router.php(699): Illuminate\\Routing\\Route->gatherMiddleware()
#13 C:\\laragon\\www\\vipclub\\vendor\\laravel\\framework\\src\\Illuminate\\Routing\\Router.php(679): Illuminate\\Routing\\Router->gatherRouteMiddleware(Object(Illuminate\\Routing\\Route))
#14 C:\\laragon\\www\\vipclub\\vendor\\laravel\\framework\\src\\Illuminate\\Routing\\Router.php(663): Illuminate\\Routing\\Router->runRouteWithinStack(Object(Illuminate\\Routing\\Route), Object(Illuminate\\Http\\Request))
#15 C:\\laragon\\www\\vipclub\\vendor\\laravel\\framework\\src\\Illuminate\\Routing\\Router.php(629): Illuminate\\Routing\\Router->runRoute(Object(Illuminate\\Http\\Request), Object(Illuminate\\Routing\\Route))
#16 C:\\laragon\\www\\vipclub\\vendor\\laravel\\framework\\src\\Illuminate\\Routing\\Router.php(618): Illuminate\\Routing\\Router->dispatchToRoute(Object(Illuminate\\Http\\Request))
#17 C:\\laragon\\www\\vipclub\\vendor\\laravel\\framework\\src\\Illuminate\\Foundation\\Http\\Kernel.php(172): Illuminate\\Routing\\Router->dispatch(Object(Illuminate\\Http\\Request))
#18 C:\\laragon\\www\\vipclub\\vendor\\laravel\\framework\\src\\Illuminate\\Pipeline\\Pipeline.php(130): Illuminate\\Foundation\\Http\\Kernel->Illuminate\\Foundation\\Http\\{closure}(Object(Illuminate\\Http\\Request))
#19 C:\\laragon\\www\\vipclub\\vendor\\fideloper\\proxy\\src\\TrustProxies.php(57): Illuminate\\Pipeline\\Pipeline->Illuminate\\Pipeline\\{closure}(Object(Illuminate\\Http\\Request))
#20 C:\\laragon\\www\\vipclub\\vendor\\laravel\\framework\\src\\Illuminate\\Pipeline\\Pipeline.php(171): Fideloper\\Proxy\\TrustProxies->handle(Object(Illuminate\\Http\\Request), Object(Closure))
#21 C:\\laragon\\www\\vipclub\\vendor\\laravel\\framework\\src\\Illuminate\\Foundation\\Http\\Middleware\\TransformsRequest.php(21): Illuminate\\Pipeline\\Pipeline->Illuminate\\Pipeline\\{closure}(Object(Illuminate\\Http\\Request))
#22 C:\\laragon\\www\\vipclub\\vendor\\laravel\\framework\\src\\Illuminate\\Pipeline\\Pipeline.php(171): Illuminate\\Foundation\\Http\\Middleware\\TransformsRequest->handle(Object(Illuminate\\Http\\Request), Object(Closure))
#23 C:\\laragon\\www\\vipclub\\vendor\\laravel\\framework\\src\\Illuminate\\Foundation\\Http\\Middleware\\TransformsRequest.php(21): Illuminate\\Pipeline\\Pipeline->Illuminate\\Pipeline\\{closure}(Object(Illuminate\\Http\\Request))
#24 C:\\laragon\\www\\vipclub\\vendor\\laravel\\framework\\src\\Illuminate\\Pipeline\\Pipeline.php(171): Illuminate\\Foundation\\Http\\Middleware\\TransformsRequest->handle(Object(Illuminate\\Http\\Request), Object(Closure))
#25 C:\\laragon\\www\\vipclub\\vendor\\laravel\\framework\\src\\Illuminate\\Foundation\\Http\\Middleware\\ValidatePostSize.php(27): Illuminate\\Pipeline\\Pipeline->Illuminate\\Pipeline\\{closure}(Object(Illuminate\\Http\\Request))
#26 C:\\laragon\\www\\vipclub\\vendor\\laravel\\framework\\src\\Illuminate\\Pipeline\\Pipeline.php(171): Illuminate\\Foundation\\Http\\Middleware\\ValidatePostSize->handle(Object(Illuminate\\Http\\Request), Object(Closure))
#27 C:\\laragon\\www\\vipclub\\vendor\\laravel\\framework\\src\\Illuminate\\Foundation\\Http\\Middleware\\CheckForMaintenanceMode.php(63): Illuminate\\Pipeline\\Pipeline->Illuminate\\Pipeline\\{closure}(Object(Illuminate\\Http\\Request))
#28 C:\\laragon\\www\\vipclub\\vendor\\laravel\\framework\\src\\Illuminate\\Pipeline\\Pipeline.php(171): Illuminate\\Foundation\\Http\\Middleware\\CheckForMaintenanceMode->handle(Object(Illuminate\\Http\\Request), Object(Closure))
#29 C:\\laragon\\www\\vipclub\\vendor\\laravel\\framework\\src\\Illuminate\\Pipeline\\Pipeline.php(105): Illuminate\\Pipeline\\Pipeline->Illuminate\\Pipeline\\{closure}(Object(Illuminate\\Http\\Request))
#30 C:\\laragon\\www\\vipclub\\vendor\\laravel\\framework\\src\\Illuminate\\Foundation\\Http\\Kernel.php(147): Illuminate\\Pipeline\\Pipeline->then(Object(Closure))
#31 C:\\laragon\\www\\vipclub\\vendor\\laravel\\framework\\src\\Illuminate\\Foundation\\Http\\Kernel.php(112): Illuminate\\Foundation\\Http\\Kernel->sendRequestThroughRouter(Object(Illuminate\\Http\\Request))
#32 C:\\laragon\\www\\vipclub\\index.php(52): Illuminate\\Foundation\\Http\\Kernel->handle(Object(Illuminate\\Http\\Request))
#33 {main}
"} 
[2024-07-31 00:44:34] production.ERROR: Credentials must be an instance of Aws\Credentials\CredentialsInterface, an associative array that contains "key", "secret", and an optional "token" key-value pairs, a credentials provider function, or false. {"exception":"[object] (InvalidArgumentException(code: 0): Credentials must be an instance of Aws\\Credentials\\CredentialsInterface, an associative array that contains \"key\", \"secret\", and an optional \"token\" key-value pairs, a credentials provider function, or false. at C:\\laragon\\www\\vipclub\\vendor\\aws\\aws-sdk-php\\src\\ClientResolver.php:531)
[stacktrace]
#0 C:\\laragon\\www\\vipclub\\vendor\\aws\\aws-sdk-php\\src\\ClientResolver.php(352): Aws\\ClientResolver::_apply_credentials(Array, Array, Object(Aws\\HandlerList))
#1 C:\\laragon\\www\\vipclub\\vendor\\aws\\aws-sdk-php\\src\\AwsClient.php(199): Aws\\ClientResolver->resolve(Array, Object(Aws\\HandlerList))
#2 C:\\laragon\\www\\vipclub\\app\\Http\\Controllers\\LiveStreamController.php(22): Aws\\AwsClient->__construct(Array)
#3 [internal function]: App\\Http\\Controllers\\LiveStreamController->__construct()
#4 C:\\laragon\\www\\vipclub\\vendor\\laravel\\framework\\src\\Illuminate\\Container\\Container.php(843): ReflectionClass->newInstanceArgs(Array)
#5 C:\\laragon\\www\\vipclub\\vendor\\laravel\\framework\\src\\Illuminate\\Container\\Container.php(681): Illuminate\\Container\\Container->build('App\\\\Http\\\\Contro...')
#6 C:\\laragon\\www\\vipclub\\vendor\\laravel\\framework\\src\\Illuminate\\Foundation\\Application.php(785): Illuminate\\Container\\Container->resolve('App\\\\Http\\\\Contro...', Array, true)
#7 C:\\laragon\\www\\vipclub\\vendor\\laravel\\framework\\src\\Illuminate\\Container\\Container.php(629): Illuminate\\Foundation\\Application->resolve('App\\\\Http\\\\Contro...', Array)
#8 C:\\laragon\\www\\vipclub\\vendor\\laravel\\framework\\src\\Illuminate\\Foundation\\Application.php(770): Illuminate\\Container\\Container->make('App\\\\Http\\\\Contro...', Array)
#9 C:\\laragon\\www\\vipclub\\vendor\\laravel\\framework\\src\\Illuminate\\Routing\\Route.php(233): Illuminate\\Foundation\\Application->make('App\\\\Http\\\\Contro...')
#10 C:\\laragon\\www\\vipclub\\vendor\\laravel\\framework\\src\\Illuminate\\Routing\\Route.php(833): Illuminate\\Routing\\Route->getController()
#11 C:\\laragon\\www\\vipclub\\vendor\\laravel\\framework\\src\\Illuminate\\Routing\\Route.php(794): Illuminate\\Routing\\Route->controllerMiddleware()
#12 C:\\laragon\\www\\vipclub\\vendor\\laravel\\framework\\src\\Illuminate\\Routing\\Router.php(699): Illuminate\\Routing\\Route->gatherMiddleware()
#13 C:\\laragon\\www\\vipclub\\vendor\\laravel\\framework\\src\\Illuminate\\Routing\\Router.php(679): Illuminate\\Routing\\Router->gatherRouteMiddleware(Object(Illuminate\\Routing\\Route))
#14 C:\\laragon\\www\\vipclub\\vendor\\laravel\\framework\\src\\Illuminate\\Routing\\Router.php(663): Illuminate\\Routing\\Router->runRouteWithinStack(Object(Illuminate\\Routing\\Route), Object(Illuminate\\Http\\Request))
#15 C:\\laragon\\www\\vipclub\\vendor\\laravel\\framework\\src\\Illuminate\\Routing\\Router.php(629): Illuminate\\Routing\\Router->runRoute(Object(Illuminate\\Http\\Request), Object(Illuminate\\Routing\\Route))
#16 C:\\laragon\\www\\vipclub\\vendor\\laravel\\framework\\src\\Illuminate\\Routing\\Router.php(618): Illuminate\\Routing\\Router->dispatchToRoute(Object(Illuminate\\Http\\Request))
#17 C:\\laragon\\www\\vipclub\\vendor\\laravel\\framework\\src\\Illuminate\\Foundation\\Http\\Kernel.php(172): Illuminate\\Routing\\Router->dispatch(Object(Illuminate\\Http\\Request))
#18 C:\\laragon\\www\\vipclub\\vendor\\laravel\\framework\\src\\Illuminate\\Pipeline\\Pipeline.php(130): Illuminate\\Foundation\\Http\\Kernel->Illuminate\\Foundation\\Http\\{closure}(Object(Illuminate\\Http\\Request))
#19 C:\\laragon\\www\\vipclub\\vendor\\fideloper\\proxy\\src\\TrustProxies.php(57): Illuminate\\Pipeline\\Pipeline->Illuminate\\Pipeline\\{closure}(Object(Illuminate\\Http\\Request))
#20 C:\\laragon\\www\\vipclub\\vendor\\laravel\\framework\\src\\Illuminate\\Pipeline\\Pipeline.php(171): Fideloper\\Proxy\\TrustProxies->handle(Object(Illuminate\\Http\\Request), Object(Closure))
#21 C:\\laragon\\www\\vipclub\\vendor\\laravel\\framework\\src\\Illuminate\\Foundation\\Http\\Middleware\\TransformsRequest.php(21): Illuminate\\Pipeline\\Pipeline->Illuminate\\Pipeline\\{closure}(Object(Illuminate\\Http\\Request))
#22 C:\\laragon\\www\\vipclub\\vendor\\laravel\\framework\\src\\Illuminate\\Pipeline\\Pipeline.php(171): Illuminate\\Foundation\\Http\\Middleware\\TransformsRequest->handle(Object(Illuminate\\Http\\Request), Object(Closure))
#23 C:\\laragon\\www\\vipclub\\vendor\\laravel\\framework\\src\\Illuminate\\Foundation\\Http\\Middleware\\TransformsRequest.php(21): Illuminate\\Pipeline\\Pipeline->Illuminate\\Pipeline\\{closure}(Object(Illuminate\\Http\\Request))
#24 C:\\laragon\\www\\vipclub\\vendor\\laravel\\framework\\src\\Illuminate\\Pipeline\\Pipeline.php(171): Illuminate\\Foundation\\Http\\Middleware\\TransformsRequest->handle(Object(Illuminate\\Http\\Request), Object(Closure))
#25 C:\\laragon\\www\\vipclub\\vendor\\laravel\\framework\\src\\Illuminate\\Foundation\\Http\\Middleware\\ValidatePostSize.php(27): Illuminate\\Pipeline\\Pipeline->Illuminate\\Pipeline\\{closure}(Object(Illuminate\\Http\\Request))
#26 C:\\laragon\\www\\vipclub\\vendor\\laravel\\framework\\src\\Illuminate\\Pipeline\\Pipeline.php(171): Illuminate\\Foundation\\Http\\Middleware\\ValidatePostSize->handle(Object(Illuminate\\Http\\Request), Object(Closure))
#27 C:\\laragon\\www\\vipclub\\vendor\\laravel\\framework\\src\\Illuminate\\Foundation\\Http\\Middleware\\CheckForMaintenanceMode.php(63): Illuminate\\Pipeline\\Pipeline->Illuminate\\Pipeline\\{closure}(Object(Illuminate\\Http\\Request))
#28 C:\\laragon\\www\\vipclub\\vendor\\laravel\\framework\\src\\Illuminate\\Pipeline\\Pipeline.php(171): Illuminate\\Foundation\\Http\\Middleware\\CheckForMaintenanceMode->handle(Object(Illuminate\\Http\\Request), Object(Closure))
#29 C:\\laragon\\www\\vipclub\\vendor\\laravel\\framework\\src\\Illuminate\\Pipeline\\Pipeline.php(105): Illuminate\\Pipeline\\Pipeline->Illuminate\\Pipeline\\{closure}(Object(Illuminate\\Http\\Request))
#30 C:\\laragon\\www\\vipclub\\vendor\\laravel\\framework\\src\\Illuminate\\Foundation\\Http\\Kernel.php(147): Illuminate\\Pipeline\\Pipeline->then(Object(Closure))
#31 C:\\laragon\\www\\vipclub\\vendor\\laravel\\framework\\src\\Illuminate\\Foundation\\Http\\Kernel.php(112): Illuminate\\Foundation\\Http\\Kernel->sendRequestThroughRouter(Object(Illuminate\\Http\\Request))
#32 C:\\laragon\\www\\vipclub\\index.php(52): Illuminate\\Foundation\\Http\\Kernel->handle(Object(Illuminate\\Http\\Request))
#33 {main}
"} 
[2024-07-31 00:48:29] production.ERROR: Trying to get property 'profile' of non-object {"exception":"[object] (ErrorException(code: 0): Trying to get property 'profile' of non-object at C:\\laragon\\www\\vipclub\\app\\Http\\Controllers\\ProfileController.php:427)
[stacktrace]
#0 C:\\laragon\\www\\vipclub\\app\\Http\\Controllers\\ProfileController.php(427): Illuminate\\Foundation\\Bootstrap\\HandleExceptions->handleError(8, 'Trying to get p...', 'C:\\\\laragon\\\\www\\\\...', 427, Array)
#1 C:\\laragon\\www\\vipclub\\vendor\\laravel\\framework\\src\\Illuminate\\Routing\\Controller.php(54): App\\Http\\Controllers\\ProfileController->getProfilePic()
#2 C:\\laragon\\www\\vipclub\\vendor\\laravel\\framework\\src\\Illuminate\\Routing\\ControllerDispatcher.php(45): Illuminate\\Routing\\Controller->callAction('getProfilePic', Array)
#3 C:\\laragon\\www\\vipclub\\vendor\\laravel\\framework\\src\\Illuminate\\Routing\\Route.php(219): Illuminate\\Routing\\ControllerDispatcher->dispatch(Object(Illuminate\\Routing\\Route), Object(App\\Http\\Controllers\\ProfileController), 'getProfilePic')
#4 C:\\laragon\\www\\vipclub\\vendor\\laravel\\framework\\src\\Illuminate\\Routing\\Route.php(176): Illuminate\\Routing\\Route->runController()
#5 C:\\laragon\\www\\vipclub\\vendor\\laravel\\framework\\src\\Illuminate\\Routing\\Router.php(686): Illuminate\\Routing\\Route->run()
#6 C:\\laragon\\www\\vipclub\\vendor\\laravel\\framework\\src\\Illuminate\\Pipeline\\Pipeline.php(130): Illuminate\\Routing\\Router->Illuminate\\Routing\\{closure}(Object(Illuminate\\Http\\Request))
#7 C:\\laragon\\www\\vipclub\\app\\Http\\Middleware\\UserLastAuthMiddleware.php(59): Illuminate\\Pipeline\\Pipeline->Illuminate\\Pipeline\\{closure}(Object(Illuminate\\Http\\Request))
#8 C:\\laragon\\www\\vipclub\\vendor\\laravel\\framework\\src\\Illuminate\\Pipeline\\Pipeline.php(171): App\\Http\\Middleware\\UserLastAuthMiddleware->handle(Object(Illuminate\\Http\\Request), Object(Closure))
#9 C:\\laragon\\www\\vipclub\\vendor\\uxweb\\sweet-alert\\src\\SweetAlert\\ConvertMessagesIntoSweetAlert.php(49): Illuminate\\Pipeline\\Pipeline->Illuminate\\Pipeline\\{closure}(Object(Illuminate\\Http\\Request))
#10 C:\\laragon\\www\\vipclub\\vendor\\laravel\\framework\\src\\Illuminate\\Pipeline\\Pipeline.php(171): UxWeb\\SweetAlert\\ConvertMessagesIntoSweetAlert->handle(Object(Illuminate\\Http\\Request), Object(Closure))
#11 C:\\laragon\\www\\vipclub\\vendor\\laravel\\framework\\src\\Illuminate\\Routing\\Middleware\\SubstituteBindings.php(41): Illuminate\\Pipeline\\Pipeline->Illuminate\\Pipeline\\{closure}(Object(Illuminate\\Http\\Request))
#12 C:\\laragon\\www\\vipclub\\vendor\\laravel\\framework\\src\\Illuminate\\Pipeline\\Pipeline.php(171): Illuminate\\Routing\\Middleware\\SubstituteBindings->handle(Object(Illuminate\\Http\\Request), Object(Closure))
#13 C:\\laragon\\www\\vipclub\\vendor\\laravel\\framework\\src\\Illuminate\\Foundation\\Http\\Middleware\\VerifyCsrfToken.php(77): Illuminate\\Pipeline\\Pipeline->Illuminate\\Pipeline\\{closure}(Object(Illuminate\\Http\\Request))
#14 C:\\laragon\\www\\vipclub\\vendor\\laravel\\framework\\src\\Illuminate\\Pipeline\\Pipeline.php(171): Illuminate\\Foundation\\Http\\Middleware\\VerifyCsrfToken->handle(Object(Illuminate\\Http\\Request), Object(Closure))
#15 C:\\laragon\\www\\vipclub\\vendor\\laravel\\framework\\src\\Illuminate\\View\\Middleware\\ShareErrorsFromSession.php(49): Illuminate\\Pipeline\\Pipeline->Illuminate\\Pipeline\\{closure}(Object(Illuminate\\Http\\Request))
#16 C:\\laragon\\www\\vipclub\\vendor\\laravel\\framework\\src\\Illuminate\\Pipeline\\Pipeline.php(171): Illuminate\\View\\Middleware\\ShareErrorsFromSession->handle(Object(Illuminate\\Http\\Request), Object(Closure))
#17 C:\\laragon\\www\\vipclub\\vendor\\laravel\\framework\\src\\Illuminate\\Session\\Middleware\\StartSession.php(56): Illuminate\\Pipeline\\Pipeline->Illuminate\\Pipeline\\{closure}(Object(Illuminate\\Http\\Request))
#18 C:\\laragon\\www\\vipclub\\vendor\\laravel\\framework\\src\\Illuminate\\Pipeline\\Pipeline.php(171): Illuminate\\Session\\Middleware\\StartSession->handle(Object(Illuminate\\Http\\Request), Object(Closure))
#19 C:\\laragon\\www\\vipclub\\vendor\\laravel\\framework\\src\\Illuminate\\Cookie\\Middleware\\AddQueuedCookiesToResponse.php(37): Illuminate\\Pipeline\\Pipeline->Illuminate\\Pipeline\\{closure}(Object(Illuminate\\Http\\Request))
#20 C:\\laragon\\www\\vipclub\\vendor\\laravel\\framework\\src\\Illuminate\\Pipeline\\Pipeline.php(171): Illuminate\\Cookie\\Middleware\\AddQueuedCookiesToResponse->handle(Object(Illuminate\\Http\\Request), Object(Closure))
#21 C:\\laragon\\www\\vipclub\\vendor\\laravel\\framework\\src\\Illuminate\\Cookie\\Middleware\\EncryptCookies.php(67): Illuminate\\Pipeline\\Pipeline->Illuminate\\Pipeline\\{closure}(Object(Illuminate\\Http\\Request))
#22 C:\\laragon\\www\\vipclub\\vendor\\laravel\\framework\\src\\Illuminate\\Pipeline\\Pipeline.php(171): Illuminate\\Cookie\\Middleware\\EncryptCookies->handle(Object(Illuminate\\Http\\Request), Object(Closure))
#23 C:\\laragon\\www\\vipclub\\vendor\\laravel\\framework\\src\\Illuminate\\Pipeline\\Pipeline.php(105): Illuminate\\Pipeline\\Pipeline->Illuminate\\Pipeline\\{closure}(Object(Illuminate\\Http\\Request))
#24 C:\\laragon\\www\\vipclub\\vendor\\laravel\\framework\\src\\Illuminate\\Routing\\Router.php(688): Illuminate\\Pipeline\\Pipeline->then(Object(Closure))
#25 C:\\laragon\\www\\vipclub\\vendor\\laravel\\framework\\src\\Illuminate\\Routing\\Router.php(663): Illuminate\\Routing\\Router->runRouteWithinStack(Object(Illuminate\\Routing\\Route), Object(Illuminate\\Http\\Request))
#26 C:\\laragon\\www\\vipclub\\vendor\\laravel\\framework\\src\\Illuminate\\Routing\\Router.php(629): Illuminate\\Routing\\Router->runRoute(Object(Illuminate\\Http\\Request), Object(Illuminate\\Routing\\Route))
#27 C:\\laragon\\www\\vipclub\\vendor\\laravel\\framework\\src\\Illuminate\\Routing\\Router.php(618): Illuminate\\Routing\\Router->dispatchToRoute(Object(Illuminate\\Http\\Request))
#28 C:\\laragon\\www\\vipclub\\vendor\\laravel\\framework\\src\\Illuminate\\Foundation\\Http\\Kernel.php(172): Illuminate\\Routing\\Router->dispatch(Object(Illuminate\\Http\\Request))
#29 C:\\laragon\\www\\vipclub\\vendor\\laravel\\framework\\src\\Illuminate\\Pipeline\\Pipeline.php(130): Illuminate\\Foundation\\Http\\Kernel->Illuminate\\Foundation\\Http\\{closure}(Object(Illuminate\\Http\\Request))
#30 C:\\laragon\\www\\vipclub\\vendor\\fideloper\\proxy\\src\\TrustProxies.php(57): Illuminate\\Pipeline\\Pipeline->Illuminate\\Pipeline\\{closure}(Object(Illuminate\\Http\\Request))
#31 C:\\laragon\\www\\vipclub\\vendor\\laravel\\framework\\src\\Illuminate\\Pipeline\\Pipeline.php(171): Fideloper\\Proxy\\TrustProxies->handle(Object(Illuminate\\Http\\Request), Object(Closure))
#32 C:\\laragon\\www\\vipclub\\vendor\\laravel\\framework\\src\\Illuminate\\Foundation\\Http\\Middleware\\TransformsRequest.php(21): Illuminate\\Pipeline\\Pipeline->Illuminate\\Pipeline\\{closure}(Object(Illuminate\\Http\\Request))
#33 C:\\laragon\\www\\vipclub\\vendor\\laravel\\framework\\src\\Illuminate\\Pipeline\\Pipeline.php(171): Illuminate\\Foundation\\Http\\Middleware\\TransformsRequest->handle(Object(Illuminate\\Http\\Request), Object(Closure))
#34 C:\\laragon\\www\\vipclub\\vendor\\laravel\\framework\\src\\Illuminate\\Foundation\\Http\\Middleware\\TransformsRequest.php(21): Illuminate\\Pipeline\\Pipeline->Illuminate\\Pipeline\\{closure}(Object(Illuminate\\Http\\Request))
#35 C:\\laragon\\www\\vipclub\\vendor\\laravel\\framework\\src\\Illuminate\\Pipeline\\Pipeline.php(171): Illuminate\\Foundation\\Http\\Middleware\\TransformsRequest->handle(Object(Illuminate\\Http\\Request), Object(Closure))
#36 C:\\laragon\\www\\vipclub\\vendor\\laravel\\framework\\src\\Illuminate\\Foundation\\Http\\Middleware\\ValidatePostSize.php(27): Illuminate\\Pipeline\\Pipeline->Illuminate\\Pipeline\\{closure}(Object(Illuminate\\Http\\Request))
#37 C:\\laragon\\www\\vipclub\\vendor\\laravel\\framework\\src\\Illuminate\\Pipeline\\Pipeline.php(171): Illuminate\\Foundation\\Http\\Middleware\\ValidatePostSize->handle(Object(Illuminate\\Http\\Request), Object(Closure))
#38 C:\\laragon\\www\\vipclub\\vendor\\laravel\\framework\\src\\Illuminate\\Foundation\\Http\\Middleware\\CheckForMaintenanceMode.php(63): Illuminate\\Pipeline\\Pipeline->Illuminate\\Pipeline\\{closure}(Object(Illuminate\\Http\\Request))
#39 C:\\laragon\\www\\vipclub\\vendor\\laravel\\framework\\src\\Illuminate\\Pipeline\\Pipeline.php(171): Illuminate\\Foundation\\Http\\Middleware\\CheckForMaintenanceMode->handle(Object(Illuminate\\Http\\Request), Object(Closure))
#40 C:\\laragon\\www\\vipclub\\vendor\\laravel\\framework\\src\\Illuminate\\Pipeline\\Pipeline.php(105): Illuminate\\Pipeline\\Pipeline->Illuminate\\Pipeline\\{closure}(Object(Illuminate\\Http\\Request))
#41 C:\\laragon\\www\\vipclub\\vendor\\laravel\\framework\\src\\Illuminate\\Foundation\\Http\\Kernel.php(147): Illuminate\\Pipeline\\Pipeline->then(Object(Closure))
#42 C:\\laragon\\www\\vipclub\\vendor\\laravel\\framework\\src\\Illuminate\\Foundation\\Http\\Kernel.php(112): Illuminate\\Foundation\\Http\\Kernel->sendRequestThroughRouter(Object(Illuminate\\Http\\Request))
#43 C:\\laragon\\www\\vipclub\\index.php(52): Illuminate\\Foundation\\Http\\Kernel->handle(Object(Illuminate\\Http\\Request))
#44 {main}
"} 
[2024-07-31 00:53:01] production.ERROR: Credentials must be an instance of Aws\Credentials\CredentialsInterface, an associative array that contains "key", "secret", and an optional "token" key-value pairs, a credentials provider function, or false. {"exception":"[object] (InvalidArgumentException(code: 0): Credentials must be an instance of Aws\\Credentials\\CredentialsInterface, an associative array that contains \"key\", \"secret\", and an optional \"token\" key-value pairs, a credentials provider function, or false. at C:\\laragon\\www\\vipclub\\vendor\\aws\\aws-sdk-php\\src\\ClientResolver.php:531)
[stacktrace]
#0 C:\\laragon\\www\\vipclub\\vendor\\aws\\aws-sdk-php\\src\\ClientResolver.php(352): Aws\\ClientResolver::_apply_credentials(Array, Array, Object(Aws\\HandlerList))
#1 C:\\laragon\\www\\vipclub\\vendor\\aws\\aws-sdk-php\\src\\AwsClient.php(199): Aws\\ClientResolver->resolve(Array, Object(Aws\\HandlerList))
#2 C:\\laragon\\www\\vipclub\\app\\Http\\Controllers\\LiveStreamController.php(22): Aws\\AwsClient->__construct(Array)
#3 [internal function]: App\\Http\\Controllers\\LiveStreamController->__construct()
#4 C:\\laragon\\www\\vipclub\\vendor\\laravel\\framework\\src\\Illuminate\\Container\\Container.php(843): ReflectionClass->newInstanceArgs(Array)
#5 C:\\laragon\\www\\vipclub\\vendor\\laravel\\framework\\src\\Illuminate\\Container\\Container.php(681): Illuminate\\Container\\Container->build('App\\\\Http\\\\Contro...')
#6 C:\\laragon\\www\\vipclub\\vendor\\laravel\\framework\\src\\Illuminate\\Foundation\\Application.php(785): Illuminate\\Container\\Container->resolve('App\\\\Http\\\\Contro...', Array, true)
#7 C:\\laragon\\www\\vipclub\\vendor\\laravel\\framework\\src\\Illuminate\\Container\\Container.php(629): Illuminate\\Foundation\\Application->resolve('App\\\\Http\\\\Contro...', Array)
#8 C:\\laragon\\www\\vipclub\\vendor\\laravel\\framework\\src\\Illuminate\\Foundation\\Application.php(770): Illuminate\\Container\\Container->make('App\\\\Http\\\\Contro...', Array)
#9 C:\\laragon\\www\\vipclub\\vendor\\laravel\\framework\\src\\Illuminate\\Routing\\Route.php(233): Illuminate\\Foundation\\Application->make('App\\\\Http\\\\Contro...')
#10 C:\\laragon\\www\\vipclub\\vendor\\laravel\\framework\\src\\Illuminate\\Routing\\Route.php(833): Illuminate\\Routing\\Route->getController()
#11 C:\\laragon\\www\\vipclub\\vendor\\laravel\\framework\\src\\Illuminate\\Routing\\Route.php(794): Illuminate\\Routing\\Route->controllerMiddleware()
#12 C:\\laragon\\www\\vipclub\\vendor\\laravel\\framework\\src\\Illuminate\\Routing\\Router.php(699): Illuminate\\Routing\\Route->gatherMiddleware()
#13 C:\\laragon\\www\\vipclub\\vendor\\laravel\\framework\\src\\Illuminate\\Routing\\Router.php(679): Illuminate\\Routing\\Router->gatherRouteMiddleware(Object(Illuminate\\Routing\\Route))
#14 C:\\laragon\\www\\vipclub\\vendor\\laravel\\framework\\src\\Illuminate\\Routing\\Router.php(663): Illuminate\\Routing\\Router->runRouteWithinStack(Object(Illuminate\\Routing\\Route), Object(Illuminate\\Http\\Request))
#15 C:\\laragon\\www\\vipclub\\vendor\\laravel\\framework\\src\\Illuminate\\Routing\\Router.php(629): Illuminate\\Routing\\Router->runRoute(Object(Illuminate\\Http\\Request), Object(Illuminate\\Routing\\Route))
#16 C:\\laragon\\www\\vipclub\\vendor\\laravel\\framework\\src\\Illuminate\\Routing\\Router.php(618): Illuminate\\Routing\\Router->dispatchToRoute(Object(Illuminate\\Http\\Request))
#17 C:\\laragon\\www\\vipclub\\vendor\\laravel\\framework\\src\\Illuminate\\Foundation\\Http\\Kernel.php(172): Illuminate\\Routing\\Router->dispatch(Object(Illuminate\\Http\\Request))
#18 C:\\laragon\\www\\vipclub\\vendor\\laravel\\framework\\src\\Illuminate\\Pipeline\\Pipeline.php(130): Illuminate\\Foundation\\Http\\Kernel->Illuminate\\Foundation\\Http\\{closure}(Object(Illuminate\\Http\\Request))
#19 C:\\laragon\\www\\vipclub\\vendor\\fideloper\\proxy\\src\\TrustProxies.php(57): Illuminate\\Pipeline\\Pipeline->Illuminate\\Pipeline\\{closure}(Object(Illuminate\\Http\\Request))
#20 C:\\laragon\\www\\vipclub\\vendor\\laravel\\framework\\src\\Illuminate\\Pipeline\\Pipeline.php(171): Fideloper\\Proxy\\TrustProxies->handle(Object(Illuminate\\Http\\Request), Object(Closure))
#21 C:\\laragon\\www\\vipclub\\vendor\\laravel\\framework\\src\\Illuminate\\Foundation\\Http\\Middleware\\TransformsRequest.php(21): Illuminate\\Pipeline\\Pipeline->Illuminate\\Pipeline\\{closure}(Object(Illuminate\\Http\\Request))
#22 C:\\laragon\\www\\vipclub\\vendor\\laravel\\framework\\src\\Illuminate\\Pipeline\\Pipeline.php(171): Illuminate\\Foundation\\Http\\Middleware\\TransformsRequest->handle(Object(Illuminate\\Http\\Request), Object(Closure))
#23 C:\\laragon\\www\\vipclub\\vendor\\laravel\\framework\\src\\Illuminate\\Foundation\\Http\\Middleware\\TransformsRequest.php(21): Illuminate\\Pipeline\\Pipeline->Illuminate\\Pipeline\\{closure}(Object(Illuminate\\Http\\Request))
#24 C:\\laragon\\www\\vipclub\\vendor\\laravel\\framework\\src\\Illuminate\\Pipeline\\Pipeline.php(171): Illuminate\\Foundation\\Http\\Middleware\\TransformsRequest->handle(Object(Illuminate\\Http\\Request), Object(Closure))
#25 C:\\laragon\\www\\vipclub\\vendor\\laravel\\framework\\src\\Illuminate\\Foundation\\Http\\Middleware\\ValidatePostSize.php(27): Illuminate\\Pipeline\\Pipeline->Illuminate\\Pipeline\\{closure}(Object(Illuminate\\Http\\Request))
#26 C:\\laragon\\www\\vipclub\\vendor\\laravel\\framework\\src\\Illuminate\\Pipeline\\Pipeline.php(171): Illuminate\\Foundation\\Http\\Middleware\\ValidatePostSize->handle(Object(Illuminate\\Http\\Request), Object(Closure))
#27 C:\\laragon\\www\\vipclub\\vendor\\laravel\\framework\\src\\Illuminate\\Foundation\\Http\\Middleware\\CheckForMaintenanceMode.php(63): Illuminate\\Pipeline\\Pipeline->Illuminate\\Pipeline\\{closure}(Object(Illuminate\\Http\\Request))
#28 C:\\laragon\\www\\vipclub\\vendor\\laravel\\framework\\src\\Illuminate\\Pipeline\\Pipeline.php(171): Illuminate\\Foundation\\Http\\Middleware\\CheckForMaintenanceMode->handle(Object(Illuminate\\Http\\Request), Object(Closure))
#29 C:\\laragon\\www\\vipclub\\vendor\\laravel\\framework\\src\\Illuminate\\Pipeline\\Pipeline.php(105): Illuminate\\Pipeline\\Pipeline->Illuminate\\Pipeline\\{closure}(Object(Illuminate\\Http\\Request))
#30 C:\\laragon\\www\\vipclub\\vendor\\laravel\\framework\\src\\Illuminate\\Foundation\\Http\\Kernel.php(147): Illuminate\\Pipeline\\Pipeline->then(Object(Closure))
#31 C:\\laragon\\www\\vipclub\\vendor\\laravel\\framework\\src\\Illuminate\\Foundation\\Http\\Kernel.php(112): Illuminate\\Foundation\\Http\\Kernel->sendRequestThroughRouter(Object(Illuminate\\Http\\Request))
#32 C:\\laragon\\www\\vipclub\\index.php(52): Illuminate\\Foundation\\Http\\Kernel->handle(Object(Illuminate\\Http\\Request))
#33 {main}
"} 
[2024-07-31 00:53:11] production.ERROR: Credentials must be an instance of Aws\Credentials\CredentialsInterface, an associative array that contains "key", "secret", and an optional "token" key-value pairs, a credentials provider function, or false. {"exception":"[object] (InvalidArgumentException(code: 0): Credentials must be an instance of Aws\\Credentials\\CredentialsInterface, an associative array that contains \"key\", \"secret\", and an optional \"token\" key-value pairs, a credentials provider function, or false. at C:\\laragon\\www\\vipclub\\vendor\\aws\\aws-sdk-php\\src\\ClientResolver.php:531)
[stacktrace]
#0 C:\\laragon\\www\\vipclub\\vendor\\aws\\aws-sdk-php\\src\\ClientResolver.php(352): Aws\\ClientResolver::_apply_credentials(Array, Array, Object(Aws\\HandlerList))
#1 C:\\laragon\\www\\vipclub\\vendor\\aws\\aws-sdk-php\\src\\AwsClient.php(199): Aws\\ClientResolver->resolve(Array, Object(Aws\\HandlerList))
#2 C:\\laragon\\www\\vipclub\\app\\Http\\Controllers\\LiveStreamController.php(22): Aws\\AwsClient->__construct(Array)
#3 [internal function]: App\\Http\\Controllers\\LiveStreamController->__construct()
#4 C:\\laragon\\www\\vipclub\\vendor\\laravel\\framework\\src\\Illuminate\\Container\\Container.php(843): ReflectionClass->newInstanceArgs(Array)
#5 C:\\laragon\\www\\vipclub\\vendor\\laravel\\framework\\src\\Illuminate\\Container\\Container.php(681): Illuminate\\Container\\Container->build('App\\\\Http\\\\Contro...')
#6 C:\\laragon\\www\\vipclub\\vendor\\laravel\\framework\\src\\Illuminate\\Foundation\\Application.php(785): Illuminate\\Container\\Container->resolve('App\\\\Http\\\\Contro...', Array, true)
#7 C:\\laragon\\www\\vipclub\\vendor\\laravel\\framework\\src\\Illuminate\\Container\\Container.php(629): Illuminate\\Foundation\\Application->resolve('App\\\\Http\\\\Contro...', Array)
#8 C:\\laragon\\www\\vipclub\\vendor\\laravel\\framework\\src\\Illuminate\\Foundation\\Application.php(770): Illuminate\\Container\\Container->make('App\\\\Http\\\\Contro...', Array)
#9 C:\\laragon\\www\\vipclub\\vendor\\laravel\\framework\\src\\Illuminate\\Routing\\Route.php(233): Illuminate\\Foundation\\Application->make('App\\\\Http\\\\Contro...')
#10 C:\\laragon\\www\\vipclub\\vendor\\laravel\\framework\\src\\Illuminate\\Routing\\Route.php(833): Illuminate\\Routing\\Route->getController()
#11 C:\\laragon\\www\\vipclub\\vendor\\laravel\\framework\\src\\Illuminate\\Routing\\Route.php(794): Illuminate\\Routing\\Route->controllerMiddleware()
#12 C:\\laragon\\www\\vipclub\\vendor\\laravel\\framework\\src\\Illuminate\\Routing\\Router.php(699): Illuminate\\Routing\\Route->gatherMiddleware()
#13 C:\\laragon\\www\\vipclub\\vendor\\laravel\\framework\\src\\Illuminate\\Routing\\Router.php(679): Illuminate\\Routing\\Router->gatherRouteMiddleware(Object(Illuminate\\Routing\\Route))
#14 C:\\laragon\\www\\vipclub\\vendor\\laravel\\framework\\src\\Illuminate\\Routing\\Router.php(663): Illuminate\\Routing\\Router->runRouteWithinStack(Object(Illuminate\\Routing\\Route), Object(Illuminate\\Http\\Request))
#15 C:\\laragon\\www\\vipclub\\vendor\\laravel\\framework\\src\\Illuminate\\Routing\\Router.php(629): Illuminate\\Routing\\Router->runRoute(Object(Illuminate\\Http\\Request), Object(Illuminate\\Routing\\Route))
#16 C:\\laragon\\www\\vipclub\\vendor\\laravel\\framework\\src\\Illuminate\\Routing\\Router.php(618): Illuminate\\Routing\\Router->dispatchToRoute(Object(Illuminate\\Http\\Request))
#17 C:\\laragon\\www\\vipclub\\vendor\\laravel\\framework\\src\\Illuminate\\Foundation\\Http\\Kernel.php(172): Illuminate\\Routing\\Router->dispatch(Object(Illuminate\\Http\\Request))
#18 C:\\laragon\\www\\vipclub\\vendor\\laravel\\framework\\src\\Illuminate\\Pipeline\\Pipeline.php(130): Illuminate\\Foundation\\Http\\Kernel->Illuminate\\Foundation\\Http\\{closure}(Object(Illuminate\\Http\\Request))
#19 C:\\laragon\\www\\vipclub\\vendor\\fideloper\\proxy\\src\\TrustProxies.php(57): Illuminate\\Pipeline\\Pipeline->Illuminate\\Pipeline\\{closure}(Object(Illuminate\\Http\\Request))
#20 C:\\laragon\\www\\vipclub\\vendor\\laravel\\framework\\src\\Illuminate\\Pipeline\\Pipeline.php(171): Fideloper\\Proxy\\TrustProxies->handle(Object(Illuminate\\Http\\Request), Object(Closure))
#21 C:\\laragon\\www\\vipclub\\vendor\\laravel\\framework\\src\\Illuminate\\Foundation\\Http\\Middleware\\TransformsRequest.php(21): Illuminate\\Pipeline\\Pipeline->Illuminate\\Pipeline\\{closure}(Object(Illuminate\\Http\\Request))
#22 C:\\laragon\\www\\vipclub\\vendor\\laravel\\framework\\src\\Illuminate\\Pipeline\\Pipeline.php(171): Illuminate\\Foundation\\Http\\Middleware\\TransformsRequest->handle(Object(Illuminate\\Http\\Request), Object(Closure))
#23 C:\\laragon\\www\\vipclub\\vendor\\laravel\\framework\\src\\Illuminate\\Foundation\\Http\\Middleware\\TransformsRequest.php(21): Illuminate\\Pipeline\\Pipeline->Illuminate\\Pipeline\\{closure}(Object(Illuminate\\Http\\Request))
#24 C:\\laragon\\www\\vipclub\\vendor\\laravel\\framework\\src\\Illuminate\\Pipeline\\Pipeline.php(171): Illuminate\\Foundation\\Http\\Middleware\\TransformsRequest->handle(Object(Illuminate\\Http\\Request), Object(Closure))
#25 C:\\laragon\\www\\vipclub\\vendor\\laravel\\framework\\src\\Illuminate\\Foundation\\Http\\Middleware\\ValidatePostSize.php(27): Illuminate\\Pipeline\\Pipeline->Illuminate\\Pipeline\\{closure}(Object(Illuminate\\Http\\Request))
#26 C:\\laragon\\www\\vipclub\\vendor\\laravel\\framework\\src\\Illuminate\\Pipeline\\Pipeline.php(171): Illuminate\\Foundation\\Http\\Middleware\\ValidatePostSize->handle(Object(Illuminate\\Http\\Request), Object(Closure))
#27 C:\\laragon\\www\\vipclub\\vendor\\laravel\\framework\\src\\Illuminate\\Foundation\\Http\\Middleware\\CheckForMaintenanceMode.php(63): Illuminate\\Pipeline\\Pipeline->Illuminate\\Pipeline\\{closure}(Object(Illuminate\\Http\\Request))
#28 C:\\laragon\\www\\vipclub\\vendor\\laravel\\framework\\src\\Illuminate\\Pipeline\\Pipeline.php(171): Illuminate\\Foundation\\Http\\Middleware\\CheckForMaintenanceMode->handle(Object(Illuminate\\Http\\Request), Object(Closure))
#29 C:\\laragon\\www\\vipclub\\vendor\\laravel\\framework\\src\\Illuminate\\Pipeline\\Pipeline.php(105): Illuminate\\Pipeline\\Pipeline->Illuminate\\Pipeline\\{closure}(Object(Illuminate\\Http\\Request))
#30 C:\\laragon\\www\\vipclub\\vendor\\laravel\\framework\\src\\Illuminate\\Foundation\\Http\\Kernel.php(147): Illuminate\\Pipeline\\Pipeline->then(Object(Closure))
#31 C:\\laragon\\www\\vipclub\\vendor\\laravel\\framework\\src\\Illuminate\\Foundation\\Http\\Kernel.php(112): Illuminate\\Foundation\\Http\\Kernel->sendRequestThroughRouter(Object(Illuminate\\Http\\Request))
#32 C:\\laragon\\www\\vipclub\\index.php(52): Illuminate\\Foundation\\Http\\Kernel->handle(Object(Illuminate\\Http\\Request))
#33 {main}
"} 
[2024-07-31 12:01:14] production.ERROR: file_put_contents(C:\laragon\www\vipclub\database\migrations/2024_07_31_120114_create_streams_table.php): failed to open stream: No such file or directory {"exception":"[object] (ErrorException(code: 0): file_put_contents(C:\\laragon\\www\\vipclub\\database\\migrations/2024_07_31_120114_create_streams_table.php): failed to open stream: No such file or directory at C:\\laragon\\www\\vipclub\\vendor\\laravel\\framework\\src\\Illuminate\\Filesystem\\Filesystem.php:133)
[stacktrace]
#0 [internal function]: Illuminate\\Foundation\\Bootstrap\\HandleExceptions->handleError(2, 'file_put_conten...', 'C:\\\\laragon\\\\www\\\\...', 133, Array)
#1 C:\\laragon\\www\\vipclub\\vendor\\laravel\\framework\\src\\Illuminate\\Filesystem\\Filesystem.php(133): file_put_contents('C:\\\\laragon\\\\www\\\\...', '<?php\
\
use Illu...', 0)
#2 C:\\laragon\\www\\vipclub\\vendor\\laravel\\framework\\src\\Illuminate\\Database\\Migrations\\MigrationCreator.php(59): Illuminate\\Filesystem\\Filesystem->put('C:\\\\laragon\\\\www\\\\...', '<?php\
\
use Illu...')
#3 C:\\laragon\\www\\vipclub\\vendor\\laravel\\framework\\src\\Illuminate\\Database\\Console\\Migrations\\MigrateMakeCommand.php(110): Illuminate\\Database\\Migrations\\MigrationCreator->create('create_streams_...', 'C:\\\\laragon\\\\www\\\\...', 'streams', true)
#4 C:\\laragon\\www\\vipclub\\vendor\\laravel\\framework\\src\\Illuminate\\Database\\Console\\Migrations\\MigrateMakeCommand.php(94): Illuminate\\Database\\Console\\Migrations\\MigrateMakeCommand->writeMigration('create_streams_...', 'streams', true)
#5 C:\\laragon\\www\\vipclub\\vendor\\laravel\\framework\\src\\Illuminate\\Container\\BoundMethod.php(36): Illuminate\\Database\\Console\\Migrations\\MigrateMakeCommand->handle()
#6 C:\\laragon\\www\\vipclub\\vendor\\laravel\\framework\\src\\Illuminate\\Container\\Util.php(37): Illuminate\\Container\\BoundMethod::Illuminate\\Container\\{closure}()
#7 C:\\laragon\\www\\vipclub\\vendor\\laravel\\framework\\src\\Illuminate\\Container\\BoundMethod.php(93): Illuminate\\Container\\Util::unwrapIfClosure(Object(Closure))
#8 C:\\laragon\\www\\vipclub\\vendor\\laravel\\framework\\src\\Illuminate\\Container\\BoundMethod.php(37): Illuminate\\Container\\BoundMethod::callBoundMethod(Object(Illuminate\\Foundation\\Application), Array, Object(Closure))
#9 C:\\laragon\\www\\vipclub\\vendor\\laravel\\framework\\src\\Illuminate\\Container\\Container.php(590): Illuminate\\Container\\BoundMethod::call(Object(Illuminate\\Foundation\\Application), Array, Array, NULL)
#10 C:\\laragon\\www\\vipclub\\vendor\\laravel\\framework\\src\\Illuminate\\Console\\Command.php(134): Illuminate\\Container\\Container->call(Array)
#11 C:\\laragon\\www\\vipclub\\vendor\\symfony\\console\\Command\\Command.php(255): Illuminate\\Console\\Command->execute(Object(Symfony\\Component\\Console\\Input\\ArgvInput), Object(Illuminate\\Console\\OutputStyle))
#12 C:\\laragon\\www\\vipclub\\vendor\\laravel\\framework\\src\\Illuminate\\Console\\Command.php(121): Symfony\\Component\\Console\\Command\\Command->run(Object(Symfony\\Component\\Console\\Input\\ArgvInput), Object(Illuminate\\Console\\OutputStyle))
#13 C:\\laragon\\www\\vipclub\\vendor\\symfony\\console\\Application.php(1009): Illuminate\\Console\\Command->run(Object(Symfony\\Component\\Console\\Input\\ArgvInput), Object(Symfony\\Component\\Console\\Output\\ConsoleOutput))
#14 C:\\laragon\\www\\vipclub\\vendor\\symfony\\console\\Application.php(273): Symfony\\Component\\Console\\Application->doRunCommand(Object(Illuminate\\Database\\Console\\Migrations\\MigrateMakeCommand), Object(Symfony\\Component\\Console\\Input\\ArgvInput), Object(Symfony\\Component\\Console\\Output\\ConsoleOutput))
#15 C:\\laragon\\www\\vipclub\\vendor\\symfony\\console\\Application.php(149): Symfony\\Component\\Console\\Application->doRun(Object(Symfony\\Component\\Console\\Input\\ArgvInput), Object(Symfony\\Component\\Console\\Output\\ConsoleOutput))
#16 C:\\laragon\\www\\vipclub\\vendor\\laravel\\framework\\src\\Illuminate\\Console\\Application.php(93): Symfony\\Component\\Console\\Application->run(Object(Symfony\\Component\\Console\\Input\\ArgvInput), Object(Symfony\\Component\\Console\\Output\\ConsoleOutput))
#17 C:\\laragon\\www\\vipclub\\vendor\\laravel\\framework\\src\\Illuminate\\Foundation\\Console\\Kernel.php(131): Illuminate\\Console\\Application->run(Object(Symfony\\Component\\Console\\Input\\ArgvInput), Object(Symfony\\Component\\Console\\Output\\ConsoleOutput))
#18 C:\\laragon\\www\\vipclub\\artisan(36): Illuminate\\Foundation\\Console\\Kernel->handle(Object(Symfony\\Component\\Console\\Input\\ArgvInput), Object(Symfony\\Component\\Console\\Output\\ConsoleOutput))
#19 {main}
"} 
